,gor
2008-07-28,7.4
2008-07-29,7.49
2008-07-30,7.13
2008-07-31,7.37
2008-08-01,7.34
2008-08-04,7.41
2008-08-05,7.43
2008-08-06,7.52
2008-08-07,7.41
2008-08-08,7.56
2008-08-11,7.31
2008-08-12,7.31
2008-08-13,7.29
2008-08-14,7.16
2008-08-15,7.0
2008-08-18,7.15
2008-08-19,7.19
2008-08-20,7.11
2008-08-21,6.97
2008-08-22,7.22
2008-08-25,7.21
2008-08-26,7.2
2008-08-27,7.11
2008-08-28,7.31
2008-08-29,7.29
2008-09-01,7.47
2008-09-02,7.43
2008-09-03,7.42
2008-09-04,7.49
2008-09-05,7.72
2008-09-08,7.76
2008-09-09,7.75
2008-09-10,7.6
2008-09-11,7.65
2008-09-12,7.84
2008-09-15,8.52
2008-09-16,8.74
2008-09-17,9.11
2008-09-18,8.9
2008-09-19,8.96
2008-09-26,8.49
2008-09-29,9.68
2008-09-30,8.87
2008-10-01,9.13
2008-10-02,9.24
2008-10-03,9.26
2008-10-06,10.27
2008-10-07,10.48
2008-10-08,10.76
2008-10-09,11.05
2008-10-10,11.47
2008-10-13,10.75
2008-10-14,11.23
2008-10-15,11.96
2008-10-16,12.13
2008-10-17,11.26
2008-10-20,11.06
2008-10-21,11.07
2008-10-22,11.32
2008-10-23,10.94
2008-10-24,11.84
2008-10-27,11.9
2008-10-28,12.39
2008-10-29,11.53
2008-10-30,11.59
2008-10-31,11.09
2008-11-03,11.96
2008-11-04,11.49
2008-11-05,11.97
2008-11-06,12.76
2008-11-07,12.84
2008-11-10,12.63
2008-11-11,13.13
2008-11-12,13.6
2008-11-13,14.17
2008-11-14,13.68
2008-11-17,14.11
2008-11-18,14.24
2008-11-19,14.2
2008-11-20,15.5
2008-11-21,16.27
2008-11-24,15.24
2008-11-25,16.31
2008-11-26,15.08
2008-11-27,15.36
2008-11-28,15.29
2008-12-01,16.03
2008-12-02,17.22
2008-12-03,17.03
2008-12-04,18.14
2008-12-05,19.03
2008-12-08,17.8
2008-12-09,18.71
2008-12-10,19.12
2008-12-11,17.33
2008-12-12,17.72
2008-12-15,18.8
2008-12-16,19.26
2008-12-17,19.06
2008-12-18,19.67
2008-12-19,19.05
2008-12-22,20.46
2008-12-23,20.82
2008-12-24,23.16
2008-12-26,22.66
2008-12-29,21.71
2008-12-30,21.76
2008-12-31,19.35
2009-01-02,18.66
2009-01-05,17.32
2009-01-06,17.1
2009-01-07,18.38
2009-01-08,19.19
2009-01-09,19.23
2009-01-12,19.13
2009-01-13,17.33
2009-01-14,17.05
2009-01-15,17.15
2009-01-16,18.11
2009-01-19,18.78
2009-01-20,19.65
2009-01-21,18.97
2009-01-22,18.88
2009-01-23,18.6
2009-01-26,19.24
2009-01-27,20.56
2009-01-28,19.77
2009-01-29,20.01
2009-01-30,20.22
2009-02-02,20.66
2009-02-03,20.43
2009-02-04,20.52
2009-02-05,19.68
2009-02-06,19.73
2009-02-09,19.44
2009-02-10,19.96
2009-02-11,20.72
2009-02-12,20.57
2009-02-13,21.02
2009-02-16,21.76
2009-02-17,23.65
2009-02-18,24.9
2009-02-19,23.21
2009-02-20,23.7
2009-02-23,24.19
2009-02-24,22.65
2009-02-25,21.54
2009-02-26,20.34
2009-02-27,20.33
2009-03-02,21.94
2009-03-03,20.97
2009-03-04,19.66
2009-03-05,21.37
2009-03-06,20.94
2009-03-09,20.89
2009-03-10,20.43
2009-03-11,21.97
2009-03-12,20.06
2009-03-13,20.26
2009-03-16,19.87
2009-03-17,18.98
2009-03-18,19.77
2009-03-19,18.94
2009-03-20,18.59
2009-03-23,17.57
2009-03-24,17.31
2009-03-25,18.05
2009-03-26,17.47
2009-03-27,17.76
2009-03-30,19.08
2009-03-31,18.67
2009-04-01,19.15
2009-04-02,17.14
2009-04-03,16.7
2009-04-06,16.63
2009-04-07,17.2
2009-04-08,17.07
2009-04-09,16.01
2009-04-13,16.86
2009-04-14,16.83
2009-04-15,16.99
2009-04-16,16.5
2009-04-17,16.28
2009-04-20,17.74
2009-04-21,17.74
2009-04-22,17.86
2009-04-23,18.05
2009-04-24,17.67
2009-04-27,18.01
2009-04-28,17.87
2009-04-29,17.68
2009-04-30,17.48
2009-05-01,16.77
2009-05-04,16.53
2009-05-05,16.58
2009-05-06,16.23
2009-05-07,16.13
2009-05-08,15.77
2009-05-11,15.89
2009-05-12,15.72
2009-05-13,15.94
2009-05-14,15.81
2009-05-15,16.65
2009-05-18,15.7
2009-05-19,15.7
2009-05-20,15.49
2009-05-21,15.92
2009-05-22,15.75
2009-05-25,15.92
2009-05-26,15.55
2009-05-27,15.2
2009-05-28,14.9
2009-05-29,14.94
2009-06-01,14.35
2009-06-02,14.4
2009-06-03,14.62
2009-06-04,14.27
2009-06-05,13.98
2009-06-08,14.02
2009-06-09,13.71
2009-06-10,13.48
2009-06-11,13.15
2009-06-12,13.08
2009-06-15,13.22
2009-06-16,13.31
2009-06-17,13.25
2009-06-18,13.13
2009-06-19,13.5
2009-06-22,13.78
2009-06-23,13.46
2009-06-24,13.63
2009-06-25,13.46
2009-06-26,13.63
2009-06-29,13.21
2009-06-30,13.37
2009-07-01,13.68
2009-07-02,13.95
2009-07-03,14.21
2009-07-06,14.44
2009-07-07,14.62
2009-07-08,15.05
2009-07-09,14.93
2009-07-10,15.09
2009-07-13,15.16
2009-07-14,15.21
2009-07-15,14.79
2009-07-16,14.7
2009-07-17,14.34
2009-07-20,14.28
2009-07-21,14.18
2009-07-22,14.16
2009-07-23,13.71
2009-07-24,13.53
2009-07-27,13.47
2009-07-28,13.42
2009-07-29,13.98
2009-07-30,13.33
2009-07-31,13.31
2009-08-03,13.01
2009-08-04,13.02
2009-08-05,12.76
2009-08-06,12.87
2009-08-07,12.98
2009-08-10,12.87
2009-08-11,13.06
2009-08-12,12.9
2009-08-13,12.74
2009-08-14,13.28
2009-08-17,13.25
2009-08-18,12.97
2009-08-19,12.63
2009-08-20,12.79
2009-08-21,12.88
2009-08-24,12.72
2009-08-25,13.27
2009-08-26,13.24
2009-08-27,13.02
2009-08-28,13.11
2009-08-31,13.66
2009-09-01,14.12
2009-09-02,14.46
2009-09-03,14.78
2009-09-04,14.88
2009-09-07,14.96
2009-09-08,14.34
2009-09-09,14.19
2009-09-21,14.59
2009-09-28,15.12
2009-09-29,15.15
2009-09-30,14.59
2009-10-01,14.44
2009-10-02,14.72
2009-10-05,14.95
2009-10-06,15.2
2009-10-07,15.53
2009-10-08,15.12
2009-10-09,14.98
2009-10-12,14.81
2009-10-13,14.7
2009-10-14,14.53
2009-10-15,14.1
2009-10-16,13.67
2009-10-19,13.68
2009-10-20,13.66
2009-10-21,13.29
2009-10-22,13.33
2009-10-23,13.37
2009-10-26,13.44
2009-10-27,13.34
2009-10-28,13.55
2009-10-29,13.41
2009-10-30,13.9
2009-11-02,13.84
2009-11-03,13.88
2009-11-04,13.84
2009-11-05,13.98
2009-11-06,14.44
2009-11-09,14.19
2009-11-10,14.26
2009-11-11,14.33
2009-11-12,14.51
2009-11-13,14.81
2009-11-16,14.46
2009-11-17,14.45
2009-11-18,14.41
2009-11-19,14.74
2009-11-20,14.9
2009-11-23,15.05
2009-11-24,15.29
2009-11-25,15.19
2009-11-26,15.48
2009-11-27,15.25
2009-11-30,15.03
2009-12-01,15.08
2009-12-02,15.61
2009-12-03,15.41
2009-12-04,14.99
2009-12-07,15.15
2009-12-08,15.0
2009-12-09,15.59
2009-12-10,15.74
2009-12-11,15.52
2009-12-14,15.49
2009-12-15,15.44
2009-12-16,15.32
2009-12-17,14.97
2009-12-18,15.07
2009-12-21,14.98
2009-12-22,14.75
2009-12-23,14.41
2009-12-24,14.47
2009-12-28,14.31
2009-12-29,14.13
2009-12-30,14.0
2009-12-31,14.07
2010-01-04,13.99
2010-01-05,13.87
2010-01-06,13.9
2010-01-07,13.88
2010-01-08,13.96
2010-01-11,14.22
2010-01-12,14.22
2010-01-13,14.53
2010-01-14,14.68
2010-01-15,14.67
2010-01-18,14.7
2010-01-19,14.66
2010-01-20,14.56
2010-01-21,14.67
2010-01-22,15.0
2010-01-25,14.9
2010-01-26,14.97
2010-01-27,15.06
2010-01-28,15.06
2010-01-29,15.13
2010-02-01,15.12
2010-02-02,14.65
2010-02-03,14.62
2010-02-04,14.74
2010-02-05,15.33
2010-02-08,15.16
2010-02-09,14.94
2010-02-10,14.78
2010-02-11,14.99
2010-02-12,14.99
2010-02-15,15.18
2010-02-16,14.79
2010-02-17,14.51
2010-02-18,14.25
2010-02-19,14.29
2010-02-22,14.17
2010-02-23,14.28
2010-02-24,14.05
2010-02-25,14.5
2010-02-26,14.39
2010-03-01,14.55
2010-03-02,14.51
2010-03-03,14.38
2010-03-04,14.41
2010-03-05,14.17
2010-03-08,13.96
2010-03-09,14.04
2010-03-10,13.77
2010-03-11,13.82
2010-03-12,13.88
2010-03-15,14.23
2010-03-16,13.98
2010-03-17,13.72
2010-03-18,13.81
2010-03-19,13.84
2010-03-22,13.68
2010-03-23,13.69
2010-03-24,13.64
2010-03-25,13.74
2010-03-26,13.98
2010-03-29,13.67
2010-03-30,13.58
2010-03-31,13.46
2010-04-01,13.41
2010-04-05,13.18
2010-04-06,13.16
2010-04-07,13.43
2010-04-08,13.56
2010-04-09,13.68
2010-04-12,13.67
2010-04-13,13.62
2010-04-14,13.29
2010-04-15,13.23
2010-04-16,13.24
2010-04-19,13.44
2010-04-20,13.4
2010-04-21,13.36
2010-04-22,13.32
2010-04-23,13.25
2010-04-26,13.31
2010-04-27,13.7
2010-04-28,13.51
2010-04-29,13.39
2010-04-30,13.47
2010-05-03,13.31
2010-05-04,13.74
2010-05-05,14.29
2010-05-06,15.2
2010-05-07,15.37
2010-05-10,14.92
2010-05-11,15.33
2010-05-12,15.03
2010-05-13,15.19
2010-05-14,15.69
2010-05-17,16.16
2010-05-18,16.5
2010-05-19,16.2
2010-05-20,16.69
2010-05-21,16.32
2010-05-24,16.78
2010-05-25,17.05
2010-05-26,17.02
2010-05-27,16.17
2010-05-28,16.36
2010-05-31,16.3
2010-06-01,17.0
2010-06-02,16.41
2010-06-03,15.99
2010-06-04,17.0
2010-06-07,17.3
2010-06-08,17.05
2010-06-09,16.71
2010-06-10,16.15
2010-06-11,16.4
2010-06-14,16.34
2010-06-15,16.19
2010-06-16,15.72
2010-06-17,15.84
2010-06-18,16.01
2010-06-21,15.77
2010-06-22,15.94
2010-06-23,16.3
2010-06-24,16.27
2010-06-25,15.99
2010-06-28,15.97
2010-06-29,16.58
2010-06-30,16.62
2010-07-01,16.63
2010-07-02,16.84
2010-07-05,16.9
2010-07-06,16.66
2010-07-07,16.19
2010-07-08,15.92
2010-07-09,15.97
2010-07-12,16.09
2010-07-13,15.78
2010-07-14,15.81
2010-07-15,15.87
2010-07-16,15.86
2010-07-19,15.67
2010-07-20,15.62
2010-07-21,15.77
2010-07-22,15.38
2010-07-23,15.37
2010-07-26,15.31
2010-07-27,15.36
2010-07-28,15.31
2010-07-29,15.1
2010-07-30,15.1
2010-08-02,14.6
2010-08-03,14.34
2010-08-04,14.55
2010-08-05,14.62
2010-08-06,15.0
2010-08-09,14.84
2010-08-10,15.12
2010-08-11,15.53
2010-08-12,16.1
2010-08-13,16.11
2010-08-16,16.37
2010-08-17,15.98
2010-08-18,16.12
2010-08-19,16.35
2010-08-20,16.51
2010-08-23,16.69
2010-08-24,17.06
2010-08-25,16.79
2010-08-26,16.56
2010-08-27,16.09
2010-08-30,16.26
2010-08-31,16.75
2010-09-01,16.3
2010-09-02,16.28
2010-09-03,16.28
2010-09-06,16.27
2010-09-07,16.22
2010-09-08,16.05
2010-09-09,16.08
2010-09-10,15.94
2010-09-13,15.75
2010-09-14,16.04
2010-09-15,16.01
2010-09-16,16.25
2010-09-17,16.35
2010-09-20,16.11
2010-09-21,16.48
2010-09-22,16.54
2010-09-23,16.58
2010-09-24,16.45
2010-09-27,16.56
2010-09-28,16.62
2010-09-29,16.2
2010-09-30,15.93
2010-10-01,15.74
2010-10-04,15.83
2010-10-05,15.84
2010-10-06,15.84
2010-10-07,16.04
2010-10-08,16.0
2010-10-11,16.24
2010-10-12,16.19
2010-10-13,16.2
2010-10-14,16.38
2010-10-15,16.53
2010-10-18,16.22
2010-10-19,16.48
2010-10-20,16.08
2010-10-21,16.16
2010-10-22,15.96
2010-10-25,16.07
2010-10-26,16.06
2010-10-27,15.9
2010-10-28,16.11
2010-10-29,16.34
2010-11-01,16.0
2010-11-02,15.81
2010-11-03,15.57
2010-11-04,15.82
2010-11-05,15.73
2010-11-08,15.94
2010-11-09,15.88
2010-11-10,15.73
2010-11-11,15.86
2010-11-12,15.89
2010-11-15,15.69
2010-11-16,15.83
2010-11-17,16.0
2010-11-18,15.84
2010-11-19,16.05
2010-11-22,16.31
2010-11-23,16.52
2010-11-24,15.95
2010-11-25,16.0
2010-11-26,15.89
2010-11-29,15.62
2010-11-30,16.19
2010-12-01,15.6
2010-12-02,15.29
2010-12-03,15.43
2010-12-06,15.65
2010-12-07,15.42
2010-12-08,15.15
2010-12-09,15.2
2010-12-10,15.32
2010-12-13,15.35
2010-12-14,15.28
2010-12-15,15.02
2010-12-16,14.94
2010-12-17,15.0
2010-12-20,14.96
2010-12-21,14.84
2010-12-22,14.77
2010-12-23,14.62
2010-12-24,14.81
2010-12-27,14.76
2010-12-28,14.93
2010-12-29,15.0
2010-12-30,15.16
2010-12-31,14.99
2011-01-03,14.91
2011-01-04,14.77
2011-01-05,14.44
2011-01-06,14.52
2011-01-07,14.63
2011-01-10,14.38
2011-01-11,14.15
2011-01-12,14.23
2011-01-13,14.08
2011-01-14,13.81
2011-01-17,13.95
2011-01-18,14.03
2011-01-19,13.96
2011-01-20,13.96
2011-01-21,13.75
2011-01-24,13.84
2011-01-25,13.98
2011-01-26,13.71
2011-01-27,13.5
2011-01-28,13.46
2011-01-31,13.28
2011-02-01,13.19
2011-02-02,13.04
2011-02-03,13.3
2011-02-04,13.47
2011-02-07,13.62
2011-02-08,13.63
2011-02-09,13.37
2011-02-10,13.33
2011-02-11,13.39
2011-02-14,13.2
2011-02-15,13.52
2011-02-16,13.2
2011-02-17,13.45
2011-02-18,13.47
2011-02-21,12.99
2011-02-22,13.16
2011-02-23,12.58
2011-02-24,12.64
2011-02-25,12.54
2011-02-28,12.64
2011-03-01,12.32
2011-03-02,12.31
2011-03-03,12.35
2011-03-04,12.3
2011-03-07,12.49
2011-03-08,12.68
2011-03-09,12.33
2011-03-10,12.26
2011-03-11,12.49
2011-03-14,12.54
2011-03-15,12.9
2011-03-16,12.63
2011-03-17,12.15
2011-03-18,12.39
2011-03-21,12.46
2011-03-22,12.31
2011-03-23,12.45
2011-03-24,12.35
2011-03-25,12.31
2011-03-28,12.38
2011-03-29,12.32
2011-03-30,12.36
2011-03-31,12.2
2011-04-01,12.03
2011-04-04,11.84
2011-04-05,11.91
2011-04-06,11.93
2011-04-07,11.89
2011-04-08,11.63
2011-04-11,11.85
2011-04-12,12.06
2011-04-13,11.91
2011-04-14,12.08
2011-04-15,12.03
2011-04-18,12.26
2011-04-19,12.33
2011-04-20,12.11
2011-04-21,12.12
2011-04-22,12.12
2011-04-25,12.19
2011-04-26,12.17
2011-04-27,12.17
2011-04-28,12.31
2011-04-29,12.39
2011-05-02,12.4
2011-05-03,12.58
2011-05-04,12.56
2011-05-05,13.34
2011-05-06,13.59
2011-05-09,13.07
2011-05-10,12.87
2011-05-11,13.29
2011-05-12,13.33
2011-05-13,13.11
2011-05-16,13.49
2011-05-17,13.45
2011-05-18,13.35
2011-05-19,13.39
2011-05-20,13.47
2011-05-23,13.81
2011-05-24,13.61
2011-05-25,13.28
2011-05-26,13.21
2011-05-27,13.36
2011-05-30,13.43
2011-05-31,13.16
2011-06-01,13.46
2011-06-02,13.23
2011-06-03,13.28
2011-06-06,13.52
2011-06-07,13.19
2011-06-08,13.06
2011-06-09,12.92
2011-06-10,12.91
2011-06-13,12.76
2011-06-14,12.79
2011-06-15,13.47
2011-06-16,13.41
2011-06-17,13.61
2011-06-20,13.81
2011-06-21,13.98
2011-06-22,13.66
2011-06-23,14.01
2011-06-24,14.22
2011-06-27,14.05
2011-06-28,13.79
2011-06-29,13.43
2011-06-30,13.42
2011-07-01,13.33
2011-07-04,13.42
2011-07-05,13.33
2011-07-06,13.38
2011-07-07,12.94
2011-07-08,13.06
2011-07-11,13.26
2011-07-12,13.41
2011-07-13,13.43
2011-07-14,13.61
2011-07-15,13.55
2011-07-18,13.81
2011-07-19,13.53
2011-07-20,13.55
2011-07-21,13.5
2011-07-22,13.52
2011-07-25,13.73
2011-07-26,13.7
2011-07-27,13.73
2011-07-28,13.78
2011-07-29,13.91
2011-08-01,13.87
2011-08-02,14.32
2011-08-03,14.64
2011-08-04,15.31
2011-08-05,15.15
2011-08-08,16.58
2011-08-09,16.65
2011-08-10,16.95
2011-08-11,16.32
2011-08-12,16.19
2011-08-15,16.21
2011-08-16,16.3
2011-08-17,16.2
2011-08-18,17.09
2011-08-19,16.94
2011-08-22,17.49
2011-08-23,16.65
2011-08-24,15.99
2011-08-25,16.06
2011-08-26,16.35
2011-08-29,15.92
2011-08-30,16.1
2011-08-31,15.95
2011-09-01,15.99
2011-09-02,16.72
2011-09-05,17.28
2011-09-06,16.54
2011-09-07,15.64
2011-09-08,16.39
2011-09-09,16.5
2011-09-12,16.08
2011-09-13,16.74
2011-09-14,16.59
2011-09-15,15.93
2011-09-16,16.17
2011-09-19,16.24
2011-09-20,16.35
2011-09-21,16.36
2011-09-22,16.54
2011-09-23,15.84
2011-09-26,15.5
2011-09-27,15.41
2011-09-28,15.56
2011-09-29,15.49
2011-09-30,15.88
2011-10-03,16.47
2011-10-04,15.93
2011-10-05,15.96
2011-10-06,15.66
2011-10-07,15.46
2011-10-10,15.34
2011-10-11,15.42
2011-10-12,15.43
2011-10-13,15.26
2011-10-14,14.92
2011-10-17,15.21
2011-10-18,14.92
2011-10-19,15.12
2011-10-20,14.74
2011-10-21,14.93
2011-10-24,14.87
2011-10-25,15.36
2011-10-26,15.75
2011-10-27,15.53
2011-10-28,15.82
2011-10-31,15.7
2011-11-01,15.7
2011-11-02,15.84
2011-11-03,15.91
2011-11-04,15.59
2011-11-07,15.64
2011-11-08,15.51
2011-11-09,15.75
2011-11-10,15.56
2011-11-11,15.68
2011-11-14,15.9
2011-11-15,15.85
2011-11-16,15.9
2011-11-17,15.97
2011-11-18,16.01
2011-11-21,15.69
2011-11-22,15.63
2011-11-23,15.81
2011-11-24,15.74
2011-11-25,15.75
2011-11-28,15.77
2011-11-29,15.54
2011-11-30,15.82
2011-12-01,15.99
2011-12-02,15.86
2011-12-05,15.74
2011-12-06,15.62
2011-12-07,15.89
2011-12-08,15.88
2011-12-09,15.7
2011-12-12,15.54
2011-12-13,14.88
2011-12-14,15.13
2011-12-15,15.21
2011-12-16,15.42
2011-12-19,15.35
2011-12-20,15.07
2011-12-21,14.96
2011-12-22,14.9
2011-12-23,14.88
2011-12-27,14.62
2011-12-28,14.51
2011-12-29,14.31
2011-12-30,14.61
2012-01-03,14.3
2012-01-04,14.19
2012-01-05,14.46
2012-01-06,14.25
2012-01-09,14.34
2012-01-10,14.41
2012-01-11,14.56
2012-01-12,14.86
2012-01-13,14.78
2012-01-16,14.76
2012-01-17,14.8
2012-01-18,14.94
2012-01-19,14.85
2012-01-20,15.13
2012-01-23,15.11
2012-01-24,15.12
2012-01-25,15.49
2012-01-26,15.5
2012-01-27,15.57
2012-01-30,15.59
2012-01-31,15.64
2012-02-01,15.6
2012-02-02,15.65
2012-02-03,15.05
2012-02-06,14.77
2012-02-07,15.02
2012-02-08,14.72
2012-02-09,14.57
2012-02-10,14.63
2012-02-13,14.65
2012-02-14,14.59
2012-02-15,14.5
2012-02-16,14.38
2012-02-17,14.38
2012-02-20,14.45
2012-02-21,14.53
2012-02-22,14.48
2012-02-23,14.34
2012-02-24,14.14
2012-02-27,14.35
2012-02-28,14.65
2012-02-29,13.81
2012-03-01,13.61
2012-03-02,13.85
2012-03-05,13.74
2012-03-06,13.68
2012-03-07,13.55
2012-03-08,13.55
2012-03-09,13.61
2012-03-12,13.53
2012-03-13,13.26
2012-03-14,13.16
2012-03-15,13.51
2012-03-16,13.16
2012-03-19,13.28
2012-03-20,13.3
2012-03-21,13.3
2012-03-22,13.34
2012-03-23,13.27
2012-03-26,13.44
2012-03-27,13.42
2012-03-28,13.38
2012-03-29,13.56
2012-03-30,13.58
2012-04-02,13.37
2012-04-03,13.18
2012-04-04,13.21
2012-04-05,13.23
2012-04-09,13.38
2012-04-10,13.84
2012-04-11,13.81
2012-04-12,13.78
2012-04-13,13.65
2012-04-16,13.95
2012-04-17,13.89
2012-04-18,13.88
2012-04-19,13.91
2012-04-20,13.82
2012-04-23,13.8
2012-04-24,13.87
2012-04-25,13.79
2012-04-26,13.86
2012-04-27,13.89
2012-04-30,13.93
2012-05-01,13.88
2012-05-02,13.96
2012-05-03,14.11
2012-05-04,14.5
2012-05-07,14.43
2012-05-08,14.17
2012-05-09,14.1
2012-05-10,14.21
2012-05-11,14.09
2012-05-14,14.02
2012-05-15,13.8
2012-05-16,14.07
2012-05-17,14.72
2012-05-18,14.84
2012-05-21,14.57
2012-05-22,14.48
2012-05-23,14.71
2012-05-24,14.6
2012-05-25,14.71
2012-05-28,14.66
2012-05-29,14.55
2012-05-30,15.14
2012-05-31,15.35
2012-06-01,16.42
2012-06-04,16.34
2012-06-05,16.38
2012-06-06,16.03
2012-06-07,16.02
2012-06-08,15.97
2012-06-11,16.55
2012-06-12,16.53
2012-06-13,16.76
2012-06-14,16.59
2012-06-15,16.72
2012-06-18,17.01
2012-06-19,16.88
2012-06-20,17.37
2012-06-21,17.54
2012-06-22,17.21
2012-06-25,17.33
2012-06-26,16.87
2012-06-27,16.78
2012-06-28,16.87
2012-06-29,16.37
2012-07-02,16.4
2012-07-03,16.08
2012-07-04,16.18
2012-07-05,16.04
2012-07-06,16.13
2012-07-09,15.82
2012-07-10,15.99
2012-07-11,15.66
2012-07-12,15.63
2012-07-13,15.63
2012-07-16,15.33
2012-07-17,15.27
2012-07-18,14.9
2012-07-19,14.69
2012-07-20,14.84
2012-07-23,15.28
2012-07-24,15.33
2012-07-25,15.33
2012-07-26,15.34
2012-07-27,15.26
2012-07-30,15.31
2012-07-31,15.43
2012-08-01,15.11
2012-08-02,15.0
2012-08-03,14.75
2012-08-06,14.69
2012-08-07,14.42
2012-08-08,14.39
2012-08-09,14.26
2012-08-10,14.27
2012-08-13,14.17
2012-08-14,14.26
2012-08-15,14.0
2012-08-16,14.13
2012-08-17,14.2
2012-08-20,14.26
2012-08-21,14.25
2012-08-22,14.39
2012-08-23,14.61
2012-08-24,14.72
2012-08-27,14.78
2012-08-28,14.83
2012-08-29,14.69
2012-08-30,14.68
2012-08-31,14.74
2012-09-03,14.61
2012-09-04,14.85
2012-09-05,14.88
2012-09-06,15.1
2012-09-07,15.15
2012-09-10,15.04
2012-09-11,15.05
2012-09-12,15.02
2012-09-13,15.27
2012-09-14,15.14
2012-09-17,15.52
2012-09-18,15.87
2012-09-19,16.34
2012-09-20,15.99
2012-09-21,15.91
2012-09-24,16.06
2012-09-25,16.0
2012-09-26,15.92
2012-09-27,15.81
2012-09-28,15.79
2012-10-01,15.83
2012-10-02,15.94
2012-10-03,16.44
2012-10-04,15.95
2012-10-05,15.89
2012-10-08,15.83
2012-10-09,15.41
2012-10-10,15.4
2012-10-11,15.4
2012-10-12,15.46
2012-10-15,15.17
2012-10-16,15.36
2012-10-17,15.46
2012-10-18,15.48
2012-10-19,15.6
2012-10-22,15.74
2012-10-23,15.76
2012-10-24,15.8
2012-10-25,15.78
2012-10-26,15.6
2012-10-29,15.63
2012-10-30,15.67
2012-10-31,15.87
2012-11-01,15.82
2012-11-02,15.89
2012-11-05,15.59
2012-11-06,15.45
2012-11-07,16.09
2012-11-08,16.17
2012-11-09,15.82
2012-11-12,15.88
2012-11-13,15.96
2012-11-14,15.88
2012-11-15,15.95
2012-11-16,15.69
2012-11-19,15.5
2012-11-20,15.63
2012-11-21,15.57
2012-11-22,15.67
2012-11-23,15.67
2012-11-26,15.78
2012-11-27,15.84
2012-11-28,15.69
2012-11-29,15.61
2012-11-30,15.42
2012-12-03,15.49
2012-12-04,15.48
2012-12-05,15.56
2012-12-06,15.86
2012-12-07,15.9
2012-12-10,15.94
2012-12-11,15.81
2012-12-12,15.61
2012-12-13,15.92
2012-12-14,15.66
2012-12-17,15.74
2012-12-18,15.34
2012-12-19,15.15
2012-12-20,14.95
2012-12-21,15.18
2012-12-24,15.22
2012-12-26,14.98
2012-12-27,15.01
2012-12-28,14.99
2012-12-31,14.94
2013-01-01,14.93
2013-01-02,14.99
2013-01-03,14.87
2013-01-04,14.86
2013-01-07,14.76
2013-01-08,14.8
2013-01-09,14.84
2013-01-10,15.09
2013-01-11,15.13
2013-01-14,15.0
2013-01-15,15.32
2013-01-16,15.28
2013-01-17,15.21
2013-01-18,15.08
2013-01-21,15.11
2013-01-22,15.12
2013-01-23,14.95
2013-01-24,14.71
2013-01-25,14.62
2013-01-28,14.59
2013-01-29,14.53
2013-01-30,14.59
2013-01-31,14.39
2013-02-01,14.3
2013-02-04,14.5
2013-02-05,14.36
2013-02-06,14.35
2013-02-07,14.21
2013-02-08,14.02
2013-02-11,13.95
2013-02-12,14.02
2013-02-13,13.92
2013-02-14,13.85
2013-02-15,13.65
2013-02-18,13.7
2013-02-19,13.69
2013-02-20,13.6
2013-02-21,13.87
2013-02-22,13.84
2013-02-25,14.04
2013-02-26,14.28
2013-02-27,14.26
2013-02-28,14.23
2013-03-01,14.26
2013-03-04,14.3
2013-03-05,14.08
2013-03-06,14.27
2013-03-07,14.24
2013-03-08,14.24
2013-03-11,14.37
2013-03-12,14.59
2013-03-13,14.68
2013-03-14,14.54
2013-03-15,14.47
2013-03-18,14.67
2013-03-19,15.01
2013-03-20,14.8
2013-03-21,15.06
2013-03-22,14.96
2013-03-25,14.84
2013-03-26,14.62
2013-03-27,14.62
2013-03-28,14.55
2013-04-01,14.4
2013-04-02,14.26
2013-04-03,14.55
2013-04-04,14.61
2013-04-05,15.2
2013-04-08,15.03
2013-04-09,14.93
2013-04-10,14.75
2013-04-11,14.95
2013-04-12,14.45
2013-04-15,13.58
2013-04-16,13.65
2013-04-17,14.14
2013-04-18,13.96
2013-04-19,14.11
2013-04-22,14.2
2013-04-23,14.07
2013-04-24,14.06
2013-04-25,14.23
2013-04-26,14.2
2013-04-29,14.21
2013-04-30,14.52
2013-05-01,14.6
2013-05-02,14.28
2013-05-03,14.12
2013-05-06,13.94
2013-05-07,13.95
2013-05-08,14.13
2013-05-09,13.96
2013-05-10,13.97
2013-05-13,13.92
2013-05-14,13.9
2013-05-15,13.44
2013-05-16,13.35
2013-05-17,12.98
2013-05-20,13.3
2013-05-21,13.28
2013-05-22,13.38
2013-05-23,13.55
2013-05-24,13.48
2013-05-27,13.61
2013-05-28,13.23
2013-05-29,13.64
2013-05-30,13.83
2013-05-31,13.86
2013-06-03,13.81
2013-06-04,13.53
2013-06-05,13.64
2013-06-06,13.66
2013-06-07,13.19
2013-06-10,13.36
2013-06-11,13.42
2013-06-12,13.42
2013-06-13,13.2
2013-06-14,13.13
2013-06-17,13.11
2013-06-18,12.9
2013-06-19,12.76
2013-06-20,12.59
2013-06-21,12.82
2013-06-24,12.69
2013-06-25,12.62
2013-06-26,12.05
2013-06-27,11.69
2013-06-28,12.1
2013-07-01,12.16
2013-07-02,11.96
2013-07-03,11.83
2013-07-04,11.84
2013-07-05,11.35
2013-07-08,11.53
2013-07-09,11.57
2013-07-10,11.63
2013-07-11,11.99
2013-07-12,11.87
2013-07-15,11.88
2013-07-16,11.97
2013-07-17,11.73
2013-07-18,11.8
2013-07-19,11.97
2013-07-22,12.35
2013-07-23,12.41
2013-07-24,12.35
2013-07-25,12.39
2013-07-26,12.43
2013-07-29,12.35
2013-07-30,12.41
2013-07-31,12.29
2013-08-01,11.98
2013-08-02,12.05
2013-08-05,11.99
2013-08-06,11.85
2013-08-07,12.01
2013-08-08,12.29
2013-08-09,12.12
2013-08-12,12.25
2013-08-13,12.22
2013-08-14,12.26
2013-08-15,12.49
2013-08-16,12.47
2013-08-19,12.46
2013-08-20,12.45
2013-08-21,12.45
2013-08-22,12.51
2013-08-23,12.59
2013-08-26,12.66
2013-08-27,12.27
2013-08-28,12.19
2013-08-29,12.3
2013-08-30,12.19
2013-09-02,12.17
2013-09-03,12.21
2013-09-04,12.1
2013-09-05,11.85
2013-09-06,11.99
2013-09-09,12.26
2013-09-10,12.4
2013-09-11,12.37
2013-09-12,11.82
2013-09-13,11.86
2013-09-16,11.94
2013-09-17,12.16
2013-09-18,12.32
2013-09-19,12.55
2013-09-20,12.12
2013-09-23,12.24
2013-09-24,12.16
2013-09-25,12.34
2013-09-26,12.12
2013-09-27,12.34
2013-09-30,12.28
2013-10-01,11.97
2013-10-02,12.06
2013-10-03,12.12
2013-10-04,11.97
2013-10-07,12.06
2013-10-08,11.98
2013-10-09,12.05
2013-10-10,11.61
2013-10-11,11.53
2013-10-14,11.54
2013-10-15,11.77
2013-10-16,11.61
2013-10-17,12.11
2013-10-18,11.97
2013-10-21,11.99
2013-10-22,12.17
2013-10-23,12.38
2013-10-24,12.59
2013-10-25,12.61
2013-10-28,12.36
2013-10-29,12.36
2013-10-30,12.25
2013-10-31,12.15
2013-11-01,12.42
2013-11-04,12.38
2013-11-05,12.41
2013-11-06,12.56
2013-11-07,12.64
2013-11-08,12.26
2013-11-11,12.04
2013-11-12,11.98
2013-11-13,12.01
2013-11-14,11.87
2013-11-15,11.89
2013-11-18,11.77
2013-11-19,11.91
2013-11-20,11.53
2013-11-21,11.28
2013-11-22,11.25
2013-11-25,11.27
2013-11-26,11.19
2013-11-27,11.09
2013-11-28,11.2
2013-11-29,11.37
2013-12-02,10.95
2013-12-03,10.84
2013-12-04,11.14
2013-12-05,11.03
2013-12-06,11.0
2013-12-09,11.36
2013-12-10,11.51
2013-12-11,11.42
2013-12-12,11.27
2013-12-13,11.38
2013-12-16,11.38
2013-12-17,11.38
2013-12-18,11.14
2013-12-19,10.81
2013-12-20,10.76
2013-12-23,10.74
2013-12-24,10.74
2013-12-25,10.75
2013-12-27,10.82
2013-12-30,10.76
2013-12-31,10.88
2014-01-02,11.36
2014-01-03,11.55
2014-01-06,11.57
2014-01-07,11.46
2014-01-08,11.42
2014-01-09,11.53
2014-01-10,11.68
2014-01-13,11.87
2014-01-14,11.83
2014-01-15,11.71
2014-01-16,11.78
2014-01-17,11.79
2014-01-20,11.77
2014-01-21,11.62
2014-01-22,11.44
2014-01-23,11.75
2014-01-24,11.76
2014-01-27,11.75
2014-01-28,11.7
2014-01-29,11.77
2014-01-30,11.55
2014-01-31,11.69
2014-02-03,11.87
2014-02-04,11.84
2014-02-05,11.84
2014-02-06,11.72
2014-02-07,11.57
2014-02-10,11.76
2014-02-11,11.93
2014-02-12,11.92
2014-02-13,12.0
2014-02-14,12.09
2014-02-17,12.28
2014-02-18,11.94
2014-02-19,11.88
2014-02-20,11.97
2014-02-21,12.05
2014-02-24,12.07
2014-02-25,12.23
2014-02-26,12.15
2014-02-27,12.24
2014-02-28,12.15
2014-03-03,12.14
2014-03-04,12.23
2014-03-05,12.41
2014-03-06,12.46
2014-03-07,12.28
2014-03-10,12.42
2014-03-11,12.44
2014-03-12,12.62
2014-03-13,12.75
2014-03-14,12.74
2014-03-17,12.85
2014-03-18,12.71
2014-03-19,12.56
2014-03-20,12.5
2014-03-21,12.44
2014-03-24,12.28
2014-03-25,12.26
2014-03-26,12.19
2014-03-27,11.99
2014-03-28,12.0
2014-03-31,11.92
2014-04-01,12.15
2014-04-02,12.32
2014-04-03,12.11
2014-04-04,12.22
2014-04-07,12.24
2014-04-08,12.16
2014-04-09,12.15
2014-04-10,12.28
2014-04-11,12.3
2014-04-14,12.18
2014-04-15,11.93
2014-04-16,11.87
2014-04-17,11.8
2014-04-18,11.83
2014-04-21,11.73
2014-04-22,11.74
2014-04-23,11.76
2014-04-24,11.74
2014-04-25,11.81
2014-04-28,11.99
2014-04-29,11.9
2014-04-30,11.94
2014-05-01,11.92
2014-05-02,11.94
2014-05-05,12.18
2014-05-06,12.21
2014-05-07,11.93
2014-05-08,11.93
2014-05-09,11.93
2014-05-12,12.02
2014-05-13,11.9
2014-05-14,11.96
2014-05-15,11.89
2014-05-16,11.79
2014-05-19,11.82
2014-05-20,11.78
2014-05-21,11.69
2014-05-22,11.72
2014-05-23,11.7
2014-05-26,11.71
2014-05-27,11.48
2014-05-28,11.43
2014-05-29,11.41
2014-05-30,11.41
2014-06-02,11.43
2014-06-03,11.44
2014-06-04,11.51
2014-06-05,11.51
2014-06-06,11.51
2014-06-09,11.39
2014-06-10,11.56
2014-06-11,11.51
2014-06-12,11.31
2014-06-13,11.35
2014-06-16,11.27
2014-06-17,11.21
2014-06-18,11.19
2014-06-19,11.48
2014-06-20,11.46
2014-06-23,11.56
2014-06-24,11.54
2014-06-25,11.55
2014-06-26,11.65
2014-06-27,11.63
2014-06-30,11.81
2014-07-01,11.84
2014-07-02,11.94
2014-07-03,11.88
2014-07-04,11.95
2014-07-07,12.01
2014-07-08,12.1
2014-07-09,12.26
2014-07-10,12.27
2014-07-11,12.47
2014-07-14,12.15
2014-07-15,12.13
2014-07-16,12.13
2014-07-17,12.16
2014-07-18,12.23
2014-07-21,12.19
2014-07-22,12.23
2014-07-23,12.06
2014-07-24,12.07
2014-07-25,12.09
2014-07-28,12.13
2014-07-29,12.08
2014-07-30,12.26
2014-07-31,12.16
2014-08-01,12.35
2014-08-04,12.21
2014-08-05,12.28
2014-08-06,12.48
2014-08-07,12.4
2014-08-08,12.52
2014-08-11,12.54
2014-08-12,12.61
2014-08-13,12.53
2014-08-14,12.86
2014-08-15,12.62
2014-08-18,12.75
2014-08-19,12.75
2014-08-20,12.63
2014-08-21,12.43
2014-08-22,12.54
2014-08-25,12.44
2014-08-26,12.49
2014-08-27,12.5
2014-08-28,12.58
2014-08-29,12.49
2014-09-01,12.53
2014-09-02,12.6
2014-09-03,12.4
2014-09-04,12.38
2014-09-05,12.57
2014-09-08,12.52
2014-09-09,12.65
2014-09-10,12.73
2014-09-11,12.54
2014-09-12,12.57
2014-09-15,12.58
2014-09-16,12.48
2014-09-17,12.39
2014-09-18,12.54
2014-09-19,12.36
2014-09-22,12.54
2014-09-23,12.62
2014-09-24,12.53
2014-09-25,12.59
2014-09-26,12.57
2014-09-29,12.52
2014-09-30,12.74
2014-10-01,12.87
2014-10-02,12.95
2014-10-03,12.92
2014-10-06,13.0
2014-10-07,13.18
2014-10-08,13.25
2014-10-09,13.72
2014-10-10,13.55
2014-10-13,13.94
2014-10-14,14.31
2014-10-15,14.82
2014-10-16,14.28
2014-10-17,14.38
2014-10-20,14.61
2014-10-21,14.45
2014-10-22,14.66
2014-10-23,14.2
2014-10-24,14.27
2014-10-27,14.35
2014-10-28,14.25
2014-10-29,13.97
2014-10-30,13.92
2014-10-31,13.64
2014-11-03,13.87
2014-11-04,14.13
2014-11-05,13.72
2014-11-06,13.78
2014-11-07,14.17
2014-11-10,14.06
2014-11-11,14.33
2014-11-12,14.41
2014-11-13,14.95
2014-11-14,14.93
2014-11-17,15.01
2014-11-18,15.27
2014-11-19,15.15
2014-11-20,14.96
2014-11-21,14.95
2014-11-24,15.13
2014-11-25,15.36
2014-11-26,15.45
2014-11-27,16.33
2014-11-28,16.69
2014-12-01,16.26
2014-12-02,16.52
2014-12-03,17.27
2014-12-04,17.36
2014-12-05,17.29
2014-12-08,18.21
2014-12-09,18.56
2014-12-10,19.07
2014-12-11,19.17
2014-12-12,19.83
2014-12-15,19.7
2014-12-16,20.01
2014-12-17,19.61
2014-12-18,20.03
2014-12-19,19.23
2014-12-22,19.55
2014-12-23,19.11
2014-12-24,19.51
2014-12-26,20.1
2014-12-29,20.4
2014-12-30,20.79
2014-12-31,21.13
2015-01-02,21.16
2015-01-05,22.66
2015-01-06,23.94
2015-01-07,23.73
2015-01-08,23.67
2015-01-09,24.47
2015-01-12,25.45
2015-01-13,25.64
2015-01-14,24.68
2015-01-15,26.11
2015-01-16,26.46
2015-01-19,26.03
2015-01-20,26.86
2015-01-21,26.53
2015-01-22,26.56
2015-01-23,26.65
2015-01-26,26.56
2015-01-27,26.23
2015-01-28,26.41
2015-01-29,25.65
2015-01-30,24.24
2015-02-02,23.49
2015-02-03,22.11
2015-02-04,23.26
2015-02-05,22.23
2015-02-06,21.19
2015-02-09,21.42
2015-02-10,21.67
2015-02-11,21.62
2015-02-12,20.63
2015-02-13,20.01
2015-02-16,20.0
2015-02-17,19.41
2015-02-18,20.39
2015-02-19,20.03
2015-02-20,20.01
2015-02-23,20.35
2015-02-25,20.36
2015-02-26,20.11
2015-02-27,19.41
2015-03-02,20.12
2015-03-03,19.74
2015-03-04,19.81
2015-03-05,19.79
2015-03-06,19.49
2015-03-09,19.91
2015-03-10,20.59
2015-03-11,19.84
2015-03-12,20.16
2015-03-13,21.09
2015-03-16,21.32
2015-03-17,21.65
2015-03-18,20.75
2015-03-19,21.51
2015-03-20,21.41
2015-03-23,21.28
2015-03-24,21.57
2015-03-25,21.53
2015-03-26,20.46
2015-03-27,21.36
2015-03-30,20.96
2015-03-31,21.48
2015-04-01,21.25
2015-04-02,21.81
2015-04-03,21.8
2015-04-06,20.96
2015-04-07,20.59
2015-04-08,21.43
2015-04-09,20.62
2015-04-10,20.43
2015-04-13,20.29
2015-04-14,19.82
2015-04-15,19.17
2015-04-16,18.74
2015-04-17,18.9
2015-04-20,18.84
2015-04-21,19.14
2015-04-22,18.88
2015-04-23,18.44
2015-04-24,18.01
2015-04-27,18.59
2015-04-28,18.77
2015-04-29,18.36
2015-04-30,17.73
2015-05-01,17.72
2015-05-04,17.91
2015-05-05,17.65
2015-05-06,17.67
2015-05-07,18.05
2015-05-08,18.38
2015-05-11,18.28
2015-05-12,17.72
2015-05-13,18.28
2015-05-14,18.32
2015-05-15,18.31
2015-05-18,18.48
2015-05-19,18.74
2015-05-20,18.62
2015-05-21,18.14
2015-05-22,18.39
2015-05-25,18.32
2015-05-26,18.58
2015-05-27,19.08
2015-05-28,18.91
2015-05-29,18.19
2015-06-01,18.3
2015-06-02,18.19
2015-06-03,18.6
2015-06-04,18.94
2015-06-05,18.53
2015-06-08,18.73
2015-06-09,17.91
2015-06-10,17.94
2015-06-11,18.05
2015-06-12,18.31
2015-06-15,18.55
2015-06-16,18.56
2015-06-17,18.6
2015-06-18,18.68
2015-06-19,19.12
2015-06-22,18.75
2015-06-23,18.26
2015-06-24,18.48
2015-06-25,18.55
2015-06-26,18.64
2015-06-29,19.03
2015-06-30,18.56
2015-07-01,18.84
2015-07-02,18.88
2015-07-03,19.3
2015-07-06,20.66
2015-07-07,20.12
2015-07-08,20.23
2015-07-09,19.81
2015-07-10,19.82
2015-07-13,19.91
2015-07-14,19.6
2015-07-15,20.04
2015-07-16,20.11
2015-07-17,19.86
2015-07-20,19.4
2015-07-21,19.32
2015-07-22,19.51
2015-07-23,19.68
2015-07-24,20.15
2015-07-27,20.66
2015-07-28,20.67
2015-07-29,20.48
2015-07-30,20.39
2015-07-31,21.13
2015-08-03,21.91
2015-08-04,21.63
2015-08-05,21.82
2015-08-06,21.97
2015-08-07,22.56
2015-08-10,21.98
2015-08-11,22.49
2015-08-12,22.61
2015-08-13,22.46
2015-08-14,22.86
2015-08-17,23.0
2015-08-18,22.97
2015-08-19,24.19
2015-08-20,24.91
2015-08-21,25.54
2015-08-24,27.21
2015-08-25,26.23
2015-08-26,25.79
2015-08-27,23.72
2015-08-28,22.71
2015-08-31,23.13
2015-09-01,23.44
2015-09-02,22.47
2015-09-03,22.24
2015-09-04,22.76
2015-09-07,23.43
2015-09-08,22.74
2015-09-09,23.34
2015-09-10,23.13
2015-09-11,22.56
2015-09-14,22.71
2015-09-15,22.97
2015-09-16,22.39
2015-09-17,22.94
2015-09-18,23.84
2015-09-21,23.26
2015-09-22,22.85
2015-09-23,23.64
2015-09-24,23.88
2015-09-25,23.7
2015-09-28,23.89
2015-09-29,23.52
2015-09-30,23.01
2015-10-01,23.17
2015-10-02,23.61
2015-10-05,23.07
2015-10-06,21.99
2015-10-07,22.13
2015-10-08,21.37
2015-10-09,21.93
2015-10-12,22.99
2015-10-13,23.52
2015-10-14,23.89
2015-10-15,23.5
2015-10-16,23.31
2015-10-19,23.92
2015-10-20,24.24
2015-10-21,24.37
2015-10-22,24.17
2015-10-23,24.22
2015-10-26,24.51
2015-10-27,24.97
2015-10-28,23.52
2015-10-29,23.57
2015-10-30,23.06
2015-11-02,23.24
2015-11-03,22.54
2015-11-04,22.64
2015-11-05,22.93
2015-11-06,22.84
2015-11-09,23.09
2015-11-10,23.16
2015-11-11,23.31
2015-11-12,24.01
2015-11-13,24.29
2015-11-16,24.14
2015-11-17,24.33
2015-11-18,24.19
2015-11-19,24.45
2015-11-20,24.23
2015-11-23,23.7
2015-11-24,23.43
2015-11-25,23.14
2015-11-26,23.5
2015-11-27,23.57
2015-11-30,23.91
2015-12-01,24.14
2015-12-02,24.69
2015-12-03,24.11
2015-12-04,25.25
2015-12-07,26.34
2015-12-08,26.56
2015-12-09,26.61
2015-12-10,27.08
2015-12-11,28.08
2015-12-14,27.89
2015-12-15,27.59
2015-12-16,28.54
2015-12-17,28.46
2015-12-18,29.16
2015-12-21,29.79
2015-12-22,29.49
2015-12-23,28.32
2015-12-24,28.38
2015-12-28,29.2
2015-12-29,28.58
2015-12-30,28.93
2015-12-31,28.25
2016-01-04,28.78
2016-01-05,29.49
2016-01-06,31.8
2016-01-07,32.84
2016-01-08,33.19
2016-01-11,34.62
2016-01-12,35.26
2016-01-13,36.24
2016-01-14,35.31
2016-01-15,37.4
2016-01-18,37.88
2016-01-19,37.84
2016-01-20,39.7
2016-01-21,37.06
2016-01-22,34.22
2016-01-29,31.17
2016-02-01,33.06
2016-02-02,34.65
2016-02-03,32.19
2016-02-04,32.57
2016-02-05,34.0
2016-02-08,35.83
2016-02-09,38.58
2016-02-10,38.66
2016-02-11,40.19
2016-02-12,37.92
2016-02-15,35.54
2016-02-16,37.13
2016-02-17,34.65
2016-02-18,36.24
2016-02-19,37.06
2016-02-22,34.86
2016-02-23,37.27
2016-02-24,35.72
2016-02-25,35.18
2016-02-26,33.36
2016-02-29,33.8
2016-03-01,33.64
2016-03-02,33.46
2016-03-03,34.14
2016-03-04,32.32
2016-03-07,31.04
2016-03-08,31.91
2016-03-09,30.68
2016-03-10,31.69
2016-03-11,30.96
2016-03-14,31.08
2016-03-15,31.65
2016-03-16,31.4
2016-03-17,30.36
2016-03-18,30.27
2016-03-21,30.03
2016-03-22,30.02
2016-03-23,30.09
2016-03-24,30.09
2016-03-28,30.39
2016-03-29,31.59
2016-03-30,30.66
2016-03-31,30.71
2016-04-01,31.54
2016-04-05,32.1
2016-04-06,30.81
2016-04-07,31.28
2016-04-08,29.61
2016-04-11,29.37
2016-04-12,28.36
2016-04-13,28.31
2016-04-14,28.02
2016-04-15,28.79
2016-04-18,28.55
2016-04-19,28.42
2016-04-20,27.28
2016-04-21,27.92
2016-04-22,27.3
2016-04-25,27.65
2016-04-26,26.79
2016-04-27,26.35
2016-04-28,26.56
2016-04-29,27.34
2016-05-02,28.12
2016-05-03,28.44
2016-05-04,28.49
2016-05-05,28.26
2016-05-06,28.46
2016-05-09,29.08
2016-05-10,27.86
2016-05-11,26.94
2016-05-12,26.38
2016-05-13,26.61
2016-05-16,25.92
2016-05-17,25.92
2016-05-18,25.91
2016-05-19,25.66
2016-05-20,25.68
2016-05-23,25.81
2016-05-24,25.02
2016-05-25,24.61
2016-05-26,24.73
2016-05-27,24.23
2016-05-30,23.97
2016-05-31,24.54
2016-06-01,24.38
2016-06-02,24.24
2016-06-03,24.97
2016-06-06,24.66
2016-06-07,24.47
2016-06-08,23.95
2016-06-09,24.48
2016-06-10,25.24
2016-06-13,25.68
2016-06-14,26.11
2016-06-15,26.59
2016-06-16,27.19
2016-06-17,26.37
2016-06-20,25.58
2016-06-21,24.87
2016-06-22,25.38
2016-06-23,24.57
2016-06-24,27.17
2016-06-27,27.88
2016-06-28,26.97
2016-06-29,25.88
2016-06-30,26.57
2016-07-01,26.5
2016-07-04,26.99
2016-07-05,28.15
2016-07-06,27.69
2016-07-07,29.29
2016-07-08,29.39
2016-07-11,29.41
2016-07-12,27.66
2016-07-13,28.84
2016-07-14,28.32
2016-07-15,27.83
2016-07-18,28.24
2016-07-19,28.52
2016-07-20,27.92
2016-07-21,28.81
2016-07-22,28.91
2016-07-25,29.44
2016-07-26,29.62
2016-07-27,30.89
2016-07-28,30.94
2016-07-29,31.27
2016-08-01,32.04
2016-08-02,32.5
2016-08-03,31.27
2016-08-04,30.8
2016-08-05,30.11
2016-08-08,29.55
2016-08-09,29.8
2016-08-10,30.71
2016-08-11,29.12
2016-08-12,28.33
2016-08-15,27.85
2016-08-16,27.53
2016-08-17,27.08
2016-08-18,26.57
2016-08-19,26.41
2016-08-22,27.26
2016-08-23,26.98
2016-08-24,27.0
2016-08-25,26.6
2016-08-26,26.66
2016-08-29,26.89
2016-08-30,26.92
2016-08-31,27.87
2016-09-01,28.66
2016-09-02,28.39
2016-09-05,28.0
2016-09-06,28.5
2016-09-07,27.7
2016-09-08,26.92
2016-09-09,27.74
2016-09-12,27.57
2016-09-13,27.92
2016-09-14,28.76
2016-09-15,28.33
2016-09-16,28.44
2016-09-19,28.6
2016-09-20,28.46
2016-09-21,28.32
2016-09-22,28.16
2016-09-23,28.73
2016-09-26,28.14
2016-09-27,28.38
2016-09-28,26.73
2016-09-29,26.61
2016-09-30,26.33
2016-10-03,26.26
2016-10-04,24.72
2016-10-05,24.55
2016-10-06,23.85
2016-10-07,24.31
2016-10-10,23.8
2016-10-11,24.03
2016-10-12,24.26
2016-10-13,24.2
2016-10-14,24.09
2016-10-17,24.29
2016-10-18,24.21
2016-10-19,24.19
2016-10-20,24.66
2016-10-21,24.34
2016-10-24,24.39
2016-10-25,25.33
2016-10-26,25.38
2016-10-27,24.67
2016-10-28,25.06
2016-10-31,26.27
2016-11-01,26.87
2016-11-02,27.7
2016-11-03,28.06
2016-11-04,28.61
2016-11-07,27.66
2016-11-08,28.03
2016-11-09,27.72
2016-11-10,27.8
2016-11-11,27.72
2016-11-14,27.1
2016-11-15,26.1
2016-11-16,26.44
2016-11-17,26.69
2016-11-18,25.75
2016-11-21,24.77
2016-11-22,24.64
2016-11-23,24.23
2016-11-24,24.27
2016-11-25,25.15
2016-11-28,24.75
2016-11-29,25.13
2016-11-30,22.84
2016-12-01,21.74
2016-12-02,21.55
2016-12-05,21.44
2016-12-06,21.67
2016-12-07,22.22
2016-12-08,22.08
2016-12-13,20.96
2016-12-14,21.49
2016-12-15,20.78
2016-12-16,20.4
2016-12-19,20.69
2016-12-20,20.3
2016-12-21,20.74
2016-12-22,20.63
2016-12-23,20.61
2016-12-27,20.21
2016-12-28,20.1
2016-12-29,20.18
2016-12-30,20.39
2017-01-03,20.79
2017-01-04,20.63
2017-01-05,20.77
2017-01-06,20.73
2017-01-09,21.53
2017-01-10,22.15
2017-01-11,21.31
2017-01-12,21.42
2017-01-13,21.48
2017-01-16,21.61
2017-01-17,21.87
2017-01-18,22.4
2017-01-19,22.13
2017-01-20,21.69
2017-01-23,21.98
2017-01-24,22.01
2017-01-25,21.66
2017-01-26,21.12
2017-01-27,21.34
2017-01-30,21.66
2017-02-01,21.26
2017-02-02,21.45
2017-02-03,21.5
2017-02-06,21.99
2017-02-07,22.59
2017-02-08,22.51
2017-02-09,22.14
2017-02-10,21.73
2017-02-13,21.97
2017-02-14,21.92
2017-02-15,22.0
2017-02-16,22.24
2017-02-17,22.24
2017-02-20,22.03
2017-02-21,21.77
2017-02-22,21.88
2017-02-23,22.04
2017-02-24,22.3
2017-02-27,22.32
2017-02-28,22.26
2017-03-01,22.1
2017-03-02,22.56
2017-03-03,21.99
2017-03-06,21.96
2017-03-07,21.94
2017-03-08,22.72
2017-03-09,22.98
2017-03-10,23.43
2017-03-13,23.47
2017-03-14,23.26
2017-03-15,23.09
2017-03-16,23.75
2017-03-17,23.79
2017-03-20,23.85
2017-03-21,24.45
2017-03-22,24.61
2017-03-23,24.65
2017-03-24,24.4
2017-03-27,24.63
2017-03-28,24.4
2017-03-29,23.82
2017-03-30,23.42
2017-03-31,23.25
2017-04-03,23.6
2017-04-05,23.26
2017-04-06,22.79
2017-04-07,22.65
2017-04-10,22.41
2017-04-11,22.29
2017-04-12,22.53
2017-04-13,22.86
2017-04-14,23.1
2017-04-17,23.22
2017-04-18,23.55
2017-04-19,24.07
2017-04-20,24.1
2017-04-21,24.68
2017-04-24,24.7
2017-04-25,24.38
2017-04-26,24.29
2017-04-27,24.3
2017-04-28,24.41
2017-05-01,24.48
2017-05-02,24.55
2017-05-03,24.45
2017-05-04,25.4
2017-05-05,24.76
2017-05-08,24.83
2017-05-09,24.85
2017-05-10,24.3
2017-05-11,24.11
2017-05-12,24.15
2017-05-15,23.82
2017-05-16,24.14
2017-05-17,24.12
2017-05-18,23.92
2017-05-19,23.27
2017-05-22,23.44
2017-05-23,23.19
2017-05-24,23.23
2017-05-25,24.49
2017-05-26,24.24
2017-05-29,24.12
2017-05-30,24.21
2017-05-31,24.86
2017-06-01,25.06
2017-06-02,25.56
2017-06-05,25.82
2017-06-06,25.89
2017-06-07,26.75
2017-06-08,26.68
2017-06-09,26.24
2017-06-12,26.22
2017-06-13,26.18
2017-06-14,27.21
2017-06-15,26.8
2017-06-16,26.52
2017-06-19,26.66
2017-06-20,27.13
2017-06-21,27.78
2017-06-22,27.61
2017-06-23,27.53
2017-06-26,27.06
2017-06-27,26.83
2017-06-28,26.21
2017-06-29,26.18
2017-06-30,25.4
2017-07-03,24.65
2017-07-04,24.62
2017-07-05,25.3
2017-07-06,25.51
2017-07-07,25.8
2017-07-10,25.81
2017-07-11,25.24
2017-07-12,25.6
2017-07-13,25.19
2017-07-14,25.02
2017-07-17,25.5
2017-07-18,25.52
2017-07-19,25.03
2017-07-20,25.29
2017-07-21,26.03
2017-07-24,25.78
2017-07-25,24.69
2017-07-26,24.53
2017-07-27,24.36
2017-07-28,24.26
2017-07-31,24.08
2017-08-01,24.7
2017-08-02,24.32
2017-08-03,24.43
2017-08-04,23.97
2017-08-07,24.08
2017-08-08,24.13
2017-08-09,24.1
2017-08-10,24.79
2017-08-11,24.74
2017-08-14,25.38
2017-08-15,24.96
2017-08-16,25.27
2017-08-17,25.29
2017-08-18,24.4
2017-08-21,24.94
2017-08-22,24.91
2017-08-23,24.52
2017-08-24,24.69
2017-08-25,24.87
2017-08-28,25.31
2017-08-29,25.51
2017-08-30,25.83
2017-08-31,24.97
2017-09-01,25.13
2017-09-04,25.56
2017-09-05,25.11
2017-09-06,24.74
2017-09-07,24.69
2017-09-08,25.07
2017-09-11,24.72
2017-09-12,24.48
2017-09-13,24.01
2017-09-14,23.97
2017-09-15,23.92
2017-09-18,23.7
2017-09-19,23.74
2017-09-20,23.5
2017-09-21,23.08
2017-09-22,22.97
2017-09-25,22.3
2017-09-26,22.41
2017-09-27,22.44
2017-09-28,22.43
2017-09-29,22.72
2017-10-02,22.74
2017-10-03,22.86
2017-10-04,22.84
2017-10-05,22.33
2017-10-06,22.9
2017-10-09,22.96
2017-10-10,22.83
2017-10-11,22.73
2017-10-12,22.92
2017-10-13,22.73
2017-10-16,22.5
2017-10-17,22.1
2017-10-18,22.01
2017-10-19,22.46
2017-10-20,22.08
2017-10-23,22.34
2017-10-24,21.8
2017-10-25,21.85
2017-10-26,21.41
2017-10-27,21.12
2017-10-30,21.06
2017-10-31,20.75
2017-11-01,21.12
2017-11-02,21.07
2017-11-03,20.42
2017-11-06,19.86
2017-11-07,20.07
2017-11-08,20.24
2017-11-09,20.11
2017-11-10,20.19
2017-11-13,20.26
2017-11-14,20.79
2017-11-15,20.68
2017-11-16,20.86
2017-11-17,20.53
2017-11-20,20.68
2017-11-21,20.42
2017-11-22,20.36
2017-11-23,20.36
2017-11-24,20.21
2017-11-27,20.31
2017-11-28,20.54
2017-11-29,20.52
2017-11-30,20.41
2017-12-01,20.0
2017-12-04,20.41
2017-12-05,20.15
2017-12-06,20.66
2017-12-07,20.17
2017-12-08,19.68
2017-12-11,19.26
2017-12-12,19.38
2017-12-13,19.88
2017-12-14,19.76
2017-12-15,19.83
2017-12-18,19.93
2017-12-19,19.74
2017-12-20,19.6
2017-12-21,19.58
2017-12-22,19.57
2017-12-26,19.19
2017-12-27,19.51
2017-12-28,19.54
2017-12-29,19.55
2018-01-02,19.72
2018-01-03,19.38
2018-01-04,19.41
2018-01-05,19.46
2018-01-08,19.42
2018-01-09,18.97
2018-01-10,19.08
2018-01-11,19.11
2018-01-12,19.06
2018-01-15,19.09
2018-01-16,19.26
2018-01-17,19.23
2018-01-18,19.22
2018-01-19,19.42
2018-01-22,19.27
2018-01-23,19.16
2018-01-24,19.12
2018-01-25,19.38
2018-01-26,19.33
2018-01-29,19.37
2018-01-30,19.7
2018-01-31,19.49
2018-02-01,19.23
2018-02-02,19.49
2018-02-05,19.95
2018-02-06,19.76
2018-02-07,20.21
2018-02-08,20.44
2018-02-09,20.97
2018-02-12,21.13
2018-02-13,21.22
2018-02-14,20.95
2018-02-15,20.93
2018-02-16,20.89
2018-02-19,20.54
2018-02-20,20.55
2018-02-21,20.45
2018-02-22,20.07
2018-02-23,19.8
2018-02-26,19.72
2018-02-27,19.86
2018-02-28,20.36
2018-03-01,20.34
2018-03-02,20.45
2018-03-05,20.16
2018-03-06,20.4
2018-03-07,20.55
2018-03-08,20.66
2018-03-09,20.17
2018-03-12,20.3
2018-03-13,20.49
2018-03-14,20.4
2018-03-15,20.26
2018-03-16,19.91
2018-03-19,19.96
2018-03-20,19.41
2018-03-21,18.98
2018-03-22,19.44
2018-03-23,19.34
2018-03-26,19.49
2018-03-27,19.49
2018-03-28,19.26
2018-03-29,19.08
2018-04-02,19.77
2018-04-03,19.54
2018-04-04,19.56
2018-04-05,19.34
2018-04-06,19.75
2018-04-09,19.45
2018-04-10,18.82
2018-04-11,18.91
2018-04-12,18.56
2018-04-13,18.55
2018-04-16,18.71
2018-04-17,18.81
2018-04-18,18.45
2018-04-19,18.24
2018-04-20,18.15
2018-04-23,17.63
2018-04-24,17.99
2018-04-25,17.84
2018-04-26,17.61
2018-04-27,17.76
2018-04-30,17.61
2018-05-01,17.79
2018-05-02,17.89
2018-05-03,17.82
2018-05-04,17.49
2018-05-07,17.4
2018-05-08,17.26
2018-05-09,16.98
2018-05-10,17.02
2018-05-11,17.17
2018-05-14,16.8
2018-05-15,16.56
2018-05-16,16.26
2018-05-17,16.2
2018-05-18,16.41
2018-05-21,16.23
2018-05-22,16.27
2018-05-23,16.21
2018-05-24,16.54
2018-05-25,17.07
2018-05-28,17.24
2018-05-29,17.24
2018-05-30,16.75
2018-05-31,16.76
2018-06-01,16.9
2018-06-04,17.16
2018-06-05,17.3
2018-06-06,17.13
2018-06-07,16.76
2018-06-08,17.01
2018-06-11,17.04
2018-06-12,17.2
2018-06-13,16.95
2018-06-14,17.18
2018-06-15,17.5
2018-06-18,16.94
2018-06-19,16.99
2018-06-20,17.15
2018-06-21,17.27
2018-06-22,16.8
2018-06-25,16.95
2018-06-26,16.49
2018-06-27,16.26
2018-06-28,16.12
2018-06-29,15.84
2018-07-02,16.05
2018-07-03,16.13
2018-07-04,16.07
2018-07-05,16.22
2018-07-06,16.22
2018-07-09,16.12
2018-07-10,15.92
2018-07-11,16.81
2018-07-12,16.74
2018-07-13,16.58
2018-07-16,17.25
2018-07-17,17.14
2018-07-18,16.78
2018-07-19,16.75
2018-07-20,16.84
2018-07-23,16.8
2018-07-24,16.6
2018-07-25,16.42
2018-07-26,16.34
2018-07-27,16.37
2018-07-30,16.24
2018-07-31,16.5
2018-08-01,16.79
2018-08-02,16.54
2018-08-03,16.59
2018-08-06,16.43
2018-08-07,16.28
2018-08-08,16.75
2018-08-09,16.85
2018-08-10,16.61
2018-08-13,16.42
2018-08-14,16.58
2018-08-15,16.62
2018-08-16,16.51
2018-08-17,16.39
2018-08-20,16.46
2018-08-21,16.33
2018-08-22,15.96
2018-08-23,15.92
2018-08-24,16.02
2018-08-27,15.86
2018-08-28,15.92
2018-08-29,15.5
2018-08-30,15.42
2018-08-31,15.45
2018-09-03,15.39
2018-09-04,15.3
2018-09-05,15.52
2018-09-06,15.64
2018-09-07,15.52
2018-09-10,15.47
2018-09-11,15.04
2018-09-12,15.08
2018-09-13,15.34
2018-09-14,15.33
2018-09-17,15.42
2018-09-18,15.2
2018-09-19,15.17
2018-09-20,15.29
2018-09-21,15.18
2018-09-24,14.88
2018-09-25,14.85
2018-09-26,14.72
2018-09-27,14.56
2018-09-28,14.38
2018-10-01,13.99
2018-10-02,14.22
2018-10-03,13.93
2018-10-04,14.15
2018-10-05,14.28
2018-10-08,14.16
2018-10-09,14.01
2018-10-10,14.4
2018-10-11,15.17
2018-10-12,15.13
2018-10-15,15.21
2018-10-16,15.06
2018-10-17,15.26
2018-10-18,15.5
2018-10-19,15.33
2018-10-22,15.27
2018-10-23,16.18
2018-10-24,16.23
2018-10-25,16.03
2018-10-26,15.93
2018-10-29,16.0
2018-10-30,16.07
2018-10-31,16.31
2018-11-01,16.91
2018-11-02,16.96
2018-11-05,16.93
2018-11-06,17.14
2018-11-07,17.05
2018-11-08,17.25
2018-11-09,17.35
2018-11-12,17.46
2018-11-13,18.41
2018-11-14,18.24
2018-11-15,18.21
2018-11-16,18.21
2018-11-19,18.24
2018-11-20,19.59
2018-11-21,19.33
2018-11-22,19.63
2018-11-23,20.66
2018-11-26,20.24
2018-11-27,19.95
2018-11-28,20.57
2018-11-29,20.56
2018-11-30,20.6
2018-12-03,19.91
2018-12-04,20.0
2018-12-05,20.08
2018-12-06,20.59
2018-12-07,20.3
2018-12-10,20.82
2018-12-11,20.57
2018-12-12,20.7
2018-12-13,20.14
2018-12-14,20.51
2018-12-17,21.18
2018-12-18,22.23
2018-12-19,22.19
2018-12-20,22.97
2018-12-21,23.55
2018-12-24,25.07
2018-12-25,23.99
2018-12-26,23.17
2018-12-27,23.79
2018-12-28,24.09
2019-01-02,23.51
2019-01-03,23.21
2019-01-04,22.33
2019-01-07,22.38
2019-01-08,21.93
2019-01-09,21.04
2019-01-10,21.08
2019-01-11,21.32
2019-01-14,21.75
2019-01-15,21.33
2019-01-16,21.1
2019-01-17,21.11
2019-01-18,20.5
2019-01-21,20.39
2019-01-22,20.78
2019-01-23,21.02
2019-01-24,20.95
2019-01-25,21.1
2019-01-28,21.73
2019-01-29,21.43
2019-01-30,21.28
2019-01-31,21.6
2019-02-01,20.97
2019-02-04,20.91
2019-02-05,21.17
2019-02-06,20.98
2019-02-07,21.22
2019-02-08,21.17
2019-02-11,21.25
2019-02-12,20.92
2019-02-13,20.67
2019-02-14,20.29
2019-02-15,19.81
2019-02-18,19.93
2019-02-19,20.14
2019-02-20,20.02
2019-02-21,19.9
2019-02-22,19.87
2019-02-25,20.53
2019-02-26,20.17
2019-02-27,19.91
2019-02-28,19.85
2019-03-01,20.13
2019-03-04,19.61
2019-03-05,19.58
2019-03-06,19.52
2019-03-07,19.43
2019-03-08,19.74
2019-03-11,19.4
2019-03-12,19.41
2019-03-13,19.34
2019-03-14,19.28
2019-03-15,19.43
2019-03-18,19.34
