,gsr
1998-07-27,51.3
1998-07-28,51.46
1998-07-29,51.89
1998-07-30,52.35
1998-07-31,52.56
1998-08-03,52.69
1998-08-04,52.81
1998-08-05,53.13
1998-08-06,52.82
1998-08-07,54.19
1998-08-10,53.83
1998-08-11,54.82
1998-08-12,54.69
1998-08-13,54.88
1998-08-14,54.94
1998-08-17,55.57
1998-08-18,55.98
1998-08-19,55.67
1998-08-20,55.15
1998-08-21,54.98
1998-08-24,55.38
1998-08-25,56.16
1998-08-26,56.91
1998-08-27,56.67
1998-08-28,58.75
1998-08-31,58.88
1998-09-01,58.09
1998-09-02,57.76
1998-09-03,57.45
1998-09-04,57.03
1998-09-07,57.23
1998-09-08,58.14
1998-09-09,57.31
1998-09-10,57.63
1998-09-11,58.4
1998-09-14,58.54
1998-09-15,58.46
1998-09-16,58.39
1998-09-17,58.17
1998-09-18,58.64
1998-09-21,59.33
1998-09-22,58.63
1998-09-23,57.38
1998-09-24,56.9
1998-09-25,56.9
1998-09-28,55.93
1998-09-29,54.87
1998-09-30,55.09
1998-10-01,56.58
1998-10-02,57.69
1998-10-05,58.4
1998-10-06,57.86
1998-10-07,58.67
1998-10-08,59.55
1998-10-09,61.95
1998-10-12,61.21
1998-10-13,61.27
1998-10-14,61.42
1998-10-15,60.34
1998-10-16,60.6
1998-10-19,60.56
1998-10-20,60.58
1998-10-21,60.38
1998-10-22,59.83
1998-10-23,60.01
1998-10-26,59.2
1998-10-27,57.81
1998-10-28,57.69
1998-10-29,57.93
1998-11-02,57.54
1998-11-03,58.71
1998-11-04,58.74
1998-11-05,58.15
1998-11-06,58.29
1998-11-09,58.09
1998-11-10,58.65
1998-11-11,58.55
1998-11-12,57.77
1998-11-13,58.7
1998-11-16,59.41
1998-11-17,59.41
1998-11-18,59.43
1998-11-19,59.63
1998-11-20,60.17
1998-11-23,60.26
1998-11-24,60.33
1998-11-25,59.92
1998-11-26,60.15
1998-11-27,59.96
1998-11-30,60.21
1998-12-01,60.19
1998-12-02,62.25
1998-12-03,61.0
1998-12-04,61.05
1998-12-07,61.44
1998-12-08,61.32
1998-12-09,60.8
1998-12-10,60.82
1998-12-11,60.59
1998-12-14,59.58
1998-12-15,59.64
1998-12-16,58.22
1998-12-17,58.7
1998-12-18,58.28
1998-12-21,58.73
1998-12-22,58.59
1998-12-23,58.32
1998-12-24,58.06
1998-12-28,58.14
1998-12-29,56.79
1998-12-30,56.84
1998-12-31,57.19
1999-01-01,57.09
1999-01-04,58.24
1999-01-05,56.6
1999-01-06,55.66
1999-01-07,55.5
1999-01-08,55.08
1999-01-11,54.54
1999-01-12,55.17
1999-01-13,55.14
1999-01-14,55.64
1999-01-15,55.96
1999-01-18,55.94
1999-01-19,55.81
1999-01-20,55.58
1999-01-21,56.07
1999-01-22,55.95
1999-01-25,55.57
1999-01-26,55.89
1999-01-27,55.6
1999-01-28,54.25
1999-01-29,54.5
1999-02-01,54.3
1999-02-02,52.83
1999-02-03,51.9
1999-02-04,50.25
1999-02-05,50.89
1999-02-08,51.54
1999-02-09,52.16
1999-02-10,52.61
1999-02-11,51.65
1999-02-12,51.07
1999-02-15,50.35
1999-02-16,52.5
1999-02-17,52.59
1999-02-18,51.57
1999-02-19,51.11
1999-02-22,52.19
1999-02-23,52.26
1999-02-24,53.1
1999-02-25,51.49
1999-02-26,50.9
1999-03-01,51.6
1999-03-02,53.7
1999-03-03,54.48
1999-03-04,54.57
1999-03-05,55.36
1999-03-08,55.12
1999-03-09,55.48
1999-03-10,55.34
1999-03-11,54.93
1999-03-12,54.85
1999-03-15,56.13
1999-03-16,56.23
1999-03-17,56.25
1999-03-18,56.07
1999-03-22,55.58
1999-03-23,55.76
1999-03-24,55.22
1999-03-25,54.96
1999-03-29,55.85
1999-03-30,56.35
1999-03-31,55.64
1999-04-05,56.6
1999-04-06,56.33
1999-04-07,56.45
1999-04-08,57.04
1999-04-09,56.76
1999-04-12,57.61
1999-04-13,57.59
1999-04-14,57.67
1999-04-15,56.46
1999-04-16,56.29
1999-04-19,55.1
1999-04-20,55.34
1999-04-21,54.8
1999-04-22,54.42
1999-04-23,54.85
1999-04-26,54.82
1999-04-27,54.23
1999-04-28,53.59
1999-04-29,52.87
1999-04-30,52.87
1999-05-03,52.83
1999-05-04,53.67
1999-05-05,53.29
1999-05-06,53.72
1999-05-07,51.88
1999-05-10,51.05
1999-05-11,51.34
1999-05-12,51.55
1999-05-13,50.87
1999-05-14,51.2
1999-05-17,50.74
1999-05-18,51.4
1999-05-19,51.5
1999-05-20,51.49
1999-05-21,52.09
1999-05-24,53.99
1999-05-25,53.36
1999-05-26,52.9
1999-05-27,54.54
1999-05-28,55.08
1999-05-31,54.84
1999-06-01,53.64
1999-06-02,52.97
1999-06-03,53.53
1999-06-04,53.93
1999-06-07,53.22
1999-06-08,52.75
1999-06-09,52.39
1999-06-10,50.38
1999-06-11,51.01
1999-06-14,50.71
1999-06-15,51.42
1999-06-16,51.29
1999-06-17,50.98
1999-06-18,52.01
1999-06-21,51.77
1999-06-22,51.1
1999-06-23,51.11
1999-06-24,50.73
1999-06-25,51.23
1999-06-28,50.53
1999-06-29,50.34
1999-06-30,50.0
1999-07-01,50.08
1999-07-02,49.81
1999-07-05,49.67
1999-07-06,49.58
1999-07-07,49.36
1999-07-08,48.95
1999-07-09,49.41
1999-07-12,48.98
1999-07-13,49.87
1999-07-14,50.11
1999-07-15,49.82
1999-07-16,49.97
1999-07-19,50.25
1999-07-20,50.07
1999-07-21,49.86
1999-07-22,49.8
1999-07-23,49.45
1999-07-26,49.42
1999-07-27,49.18
1999-07-28,48.5
1999-07-29,47.81
1999-07-30,47.05
1999-08-02,47.51
1999-08-03,47.1
1999-08-04,46.74
1999-08-05,47.19
1999-08-06,47.44
1999-08-09,48.36
1999-08-10,48.41
1999-08-11,48.04
1999-08-12,48.83
1999-08-13,49.18
1999-08-16,49.63
1999-08-17,49.81
1999-08-18,49.84
1999-08-19,49.81
1999-08-20,49.22
1999-08-23,49.66
1999-08-24,49.37
1999-08-25,49.62
1999-08-26,49.37
1999-08-27,49.56
1999-08-30,49.79
1999-08-31,49.55
1999-09-01,49.48
1999-09-02,49.03
1999-09-03,49.66
1999-09-06,49.65
1999-09-07,49.39
1999-09-08,49.45
1999-09-09,49.38
1999-09-10,49.34
1999-09-13,49.7
1999-09-14,49.95
1999-09-15,50.5
1999-09-16,50.17
1999-09-17,50.05
1999-09-20,50.0
1999-09-21,49.68
1999-09-22,50.2
1999-09-23,50.62
1999-09-24,51.39
1999-09-27,53.05
1999-09-28,55.48
1999-09-29,53.98
1999-09-30,53.25
1999-10-01,55.28
1999-10-04,56.37
1999-10-05,58.75
1999-10-06,58.79
1999-10-07,57.85
1999-10-08,57.89
1999-10-11,57.61
1999-10-12,57.49
1999-10-13,57.71
1999-10-14,58.6
1999-10-15,59.24
1999-10-18,59.45
1999-10-19,59.33
1999-10-20,58.87
1999-10-21,58.53
1999-10-22,57.71
1999-10-25,56.87
1999-10-26,55.74
1999-10-27,56.51
1999-10-28,56.74
1999-10-29,57.54
1999-11-01,55.84
1999-11-02,56.12
1999-11-03,56.24
1999-11-04,55.87
1999-11-08,57.38
1999-11-09,57.52
1999-11-10,58.14
1999-11-11,57.53
1999-11-12,57.57
1999-11-15,57.27
1999-11-16,57.11
1999-11-17,57.72
1999-11-18,57.14
1999-11-19,57.5
1999-11-22,56.85
1999-11-23,56.53
1999-11-24,56.92
1999-11-25,57.36
1999-11-26,57.03
1999-11-29,55.96
1999-11-30,55.37
1999-12-01,56.0
1999-12-02,55.23
1999-12-03,54.65
1999-12-06,54.35
1999-12-07,55.7
1999-12-08,54.54
1999-12-09,54.38
1999-12-10,54.38
1999-12-13,54.74
1999-12-14,53.84
1999-12-15,54.38
1999-12-16,54.12
1999-12-17,54.33
1999-12-20,54.64
1999-12-21,55.61
1999-12-22,54.78
1999-12-23,55.08
1999-12-24,55.31
1999-12-27,55.23
1999-12-28,55.58
1999-12-29,54.09
1999-12-30,53.24
1999-12-31,53.53
2000-01-03,53.42
2000-01-04,52.95
2000-01-05,54.47
2000-01-06,54.9
2000-01-07,54.5
2000-01-10,54.76
2000-01-11,54.89
2000-01-12,55.25
2000-01-13,55.63
2000-01-14,55.4
2000-01-17,55.87
2000-01-18,56.38
2000-01-19,56.46
2000-01-20,55.37
2000-01-21,55.49
2000-01-24,54.89
2000-01-25,54.57
2000-01-26,54.79
2000-01-27,53.62
2000-01-28,53.85
2000-01-31,54.0
2000-02-01,54.35
2000-02-02,54.97
2000-02-03,54.96
2000-02-04,58.66
2000-02-07,58.0
2000-02-08,57.15
2000-02-09,57.23
2000-02-10,58.77
2000-02-11,58.78
2000-02-14,58.81
2000-02-15,57.81
2000-02-16,57.51
2000-02-17,57.46
2000-02-18,58.1
2000-02-21,58.3
2000-02-22,57.87
2000-02-23,57.47
2000-02-24,58.07
2000-02-25,57.94
2000-02-28,57.66
2000-02-29,57.63
2000-03-01,57.04
2000-03-02,57.36
2000-03-03,56.52
2000-03-06,56.84
2000-03-07,57.73
2000-03-08,56.61
2000-03-09,57.1
2000-03-10,57.11
2000-03-13,56.75
2000-03-14,56.42
2000-03-15,56.29
2000-03-16,55.91
2000-03-20,56.57
2000-03-21,56.23
2000-03-22,55.8
2000-03-23,55.88
2000-03-27,55.11
2000-03-28,55.84
2000-03-29,55.91
2000-03-30,55.7
2000-04-03,55.31
2000-04-04,55.34
2000-04-05,54.55
2000-04-06,54.79
2000-04-07,55.01
2000-04-10,54.97
2000-04-11,54.93
2000-04-12,55.09
2000-04-13,54.68
2000-04-14,55.3
2000-04-17,55.06
2000-04-18,55.05
2000-04-19,55.04
2000-04-20,56.34
2000-04-21,56.34
2000-04-24,56.75
2000-04-25,55.68
2000-04-26,55.85
2000-04-27,55.97
2000-04-28,55.04
2000-05-01,54.45
2000-05-02,54.66
2000-05-03,55.54
2000-05-04,54.89
2000-05-05,55.79
2000-05-08,55.24
2000-05-09,55.12
2000-05-10,55.11
2000-05-11,55.19
2000-05-12,55.23
2000-05-15,55.09
2000-05-16,54.16
2000-05-17,54.89
2000-05-18,54.67
2000-05-19,54.85
2000-05-22,55.46
2000-05-23,54.85
2000-05-24,54.82
2000-05-25,55.05
2000-05-26,55.34
2000-05-29,55.2
2000-05-30,55.42
2000-05-31,55.3
2000-06-01,55.79
2000-06-02,57.03
2000-06-05,56.75
2000-06-06,56.89
2000-06-07,56.55
2000-06-08,56.22
2000-06-09,56.43
2000-06-12,57.25
2000-06-13,57.15
2000-06-14,57.66
2000-06-15,57.17
2000-06-16,57.28
2000-06-19,57.02
2000-06-20,57.12
2000-06-21,57.69
2000-06-22,57.59
2000-06-23,57.09
2000-06-26,57.14
2000-06-27,57.67
2000-06-28,58.77
2000-06-29,57.85
2000-06-30,57.56
2000-07-03,57.67
2000-07-04,57.73
2000-07-05,57.08
2000-07-06,56.73
2000-07-07,57.07
2000-07-10,56.9
2000-07-11,56.97
2000-07-12,56.57
2000-07-13,56.39
2000-07-14,56.26
2000-07-17,56.61
2000-07-18,56.42
2000-07-19,56.17
2000-07-20,56.28
2000-07-21,56.98
2000-07-24,56.53
2000-07-25,56.72
2000-07-26,56.52
2000-07-27,56.15
2000-07-28,56.24
2000-07-31,55.56
2000-08-01,55.58
2000-08-02,55.73
2000-08-03,55.23
2000-08-04,55.59
2000-08-07,55.53
2000-08-08,55.77
2000-08-09,55.79
2000-08-10,55.78
2000-08-11,55.92
2000-08-14,56.43
2000-08-15,56.51
2000-08-16,57.15
2000-08-17,57.13
2000-08-18,57.16
2000-08-21,56.75
2000-08-22,56.68
2000-08-23,56.75
2000-08-24,56.39
2000-08-25,56.31
2000-08-28,55.72
2000-08-29,55.47
2000-08-30,55.85
2000-08-31,55.91
2000-09-01,55.8
2000-09-04,55.85
2000-09-05,55.67
2000-09-06,55.67
2000-09-07,55.76
2000-09-08,55.72
2000-09-11,56.14
2000-09-12,55.94
2000-09-13,56.01
2000-09-14,55.85
2000-09-15,56.06
2000-09-18,55.93
2000-09-19,55.88
2000-09-20,55.77
2000-09-21,55.57
2000-09-22,55.65
2000-09-25,55.98
2000-09-26,55.88
2000-09-27,56.39
2000-09-28,55.83
2000-09-29,56.31
2000-10-02,56.03
2000-10-03,55.67
2000-10-04,55.71
2000-10-05,55.37
2000-10-06,55.37
2000-10-09,55.56
2000-10-10,55.78
2000-10-11,55.79
2000-10-12,56.32
2000-10-13,55.99
2000-10-16,55.97
2000-10-17,56.04
2000-10-18,55.92
2000-10-19,56.07
2000-10-20,56.22
2000-10-23,56.42
2000-10-24,56.5
2000-10-25,56.04
2000-10-26,56.06
2000-10-27,55.69
2000-10-30,55.94
2000-10-31,55.63
2000-11-01,56.21
2000-11-02,55.94
2000-11-06,55.8
2000-11-07,56.03
2000-11-08,56.04
2000-11-09,56.11
2000-11-10,56.57
2000-11-13,56.61
2000-11-14,56.67
2000-11-15,56.75
2000-11-16,57.19
2000-11-17,57.15
2000-11-20,57.4
2000-11-21,57.42
2000-11-22,57.57
2000-11-23,57.54
2000-11-24,57.65
2000-11-27,57.45
2000-11-28,57.36
2000-11-29,57.57
2000-11-30,57.67
2000-12-01,57.94
2000-12-04,57.34
2000-12-05,57.32
2000-12-06,57.72
2000-12-07,57.77
2000-12-08,58.54
2000-12-11,58.0
2000-12-12,57.9
2000-12-13,57.98
2000-12-14,58.34
2000-12-15,59.16
2000-12-18,58.86
2000-12-19,58.75
2000-12-20,59.19
2000-12-21,59.6
2000-12-22,59.3
2000-12-25,59.26
2000-12-26,59.28
2000-12-27,59.84
2000-12-28,59.31
2000-12-29,59.18
2001-01-02,58.92
2001-01-03,59.59
2001-01-04,58.8
2001-01-05,58.68
2001-01-08,58.72
2001-01-09,58.59
2001-01-10,58.23
2001-01-11,57.82
2001-01-12,57.08
2001-01-15,57.19
2001-01-16,56.31
2001-01-17,55.96
2001-01-18,55.11
2001-01-19,55.74
2001-01-22,55.73
2001-01-23,55.65
2001-01-24,55.49
2001-01-25,55.2
2001-01-26,54.69
2001-01-29,54.92
2001-01-30,55.51
2001-01-31,55.5
2001-02-01,56.11
2001-02-02,55.97
2001-02-05,56.76
2001-02-06,56.6
2001-02-07,57.0
2001-02-08,57.16
2001-02-09,57.29
2001-02-12,57.31
2001-02-13,57.23
2001-02-14,57.49
2001-02-15,56.48
2001-02-16,57.67
2001-02-19,57.57
2001-02-20,57.8
2001-02-21,58.52
2001-02-22,58.48
2001-02-23,58.91
2001-02-26,59.83
2001-02-27,60.42
2001-02-28,59.63
2001-03-01,60.1
2001-03-02,59.33
2001-03-05,59.51
2001-03-06,58.86
2001-03-07,58.98
2001-03-08,59.22
2001-03-09,60.25
2001-03-12,60.33
2001-03-13,59.07
2001-03-14,59.92
2001-03-15,60.1
2001-03-19,60.13
2001-03-20,60.59
2001-03-21,60.1
2001-03-22,60.16
2001-03-26,58.91
2001-03-27,59.37
2001-03-28,59.8
2001-03-29,59.99
2001-04-02,59.16
2001-04-03,59.64
2001-04-04,59.28
2001-04-05,59.3
2001-04-06,59.78
2001-04-09,59.69
2001-04-10,59.5
2001-04-11,58.94
2001-04-12,59.39
2001-04-13,59.19
2001-04-16,59.18
2001-04-17,59.59
2001-04-18,59.51
2001-04-19,59.69
2001-04-20,59.47
2001-04-23,59.14
2001-04-24,59.36
2001-04-25,59.87
2001-04-26,60.17
2001-04-27,60.19
2001-04-30,60.84
2001-05-01,60.54
2001-05-02,60.62
2001-05-03,61.32
2001-05-04,61.18
2001-05-07,61.63
2001-05-08,61.19
2001-05-09,61.24
2001-05-10,61.9
2001-05-11,61.76
2001-05-14,61.69
2001-05-15,62.12
2001-05-16,60.91
2001-05-17,60.97
2001-05-18,62.78
2001-05-21,62.71
2001-05-22,62.44
2001-05-23,61.95
2001-05-24,60.44
2001-05-25,60.75
2001-05-28,60.89
2001-05-29,60.47
2001-05-30,59.92
2001-05-31,60.42
2001-06-01,60.42
2001-06-04,61.37
2001-06-05,61.21
2001-06-06,61.21
2001-06-07,61.23
2001-06-08,62.5
2001-06-11,61.64
2001-06-12,61.92
2001-06-13,61.62
2001-06-14,61.67
2001-06-15,61.58
2001-06-18,61.39
2001-06-19,61.91
2001-06-20,62.56
2001-06-21,62.89
2001-06-22,63.1
2001-06-25,63.41
2001-06-26,63.34
2001-06-27,62.9
2001-06-28,62.47
2001-06-29,62.84
2001-07-02,62.83
2001-07-03,62.7
2001-07-04,62.75
2001-07-05,62.73
2001-07-06,62.35
2001-07-09,62.89
2001-07-10,62.52
2001-07-11,63.02
2001-07-12,62.49
2001-07-13,61.89
2001-07-16,63.31
2001-07-17,63.14
2001-07-18,63.11
2001-07-19,63.57
2001-07-20,63.69
2001-07-23,63.11
2001-07-24,63.32
2001-07-25,63.3
2001-07-26,62.55
2001-07-27,63.4
2001-07-30,63.0
2001-07-31,62.89
2001-08-01,63.1
2001-08-02,63.07
2001-08-03,63.34
2001-08-06,63.6
2001-08-07,63.88
2001-08-08,64.35
2001-08-09,64.81
2001-08-10,66.16
2001-08-13,66.33
2001-08-14,65.58
2001-08-15,66.15
2001-08-16,65.25
2001-08-17,65.25
2001-08-20,66.36
2001-08-21,65.49
2001-08-22,65.21
2001-08-23,64.99
2001-08-24,64.96
2001-08-27,64.79
2001-08-28,64.82
2001-08-29,65.02
2001-08-30,65.69
2001-08-31,65.49
2001-09-03,65.27
2001-09-04,64.99
2001-09-05,65.08
2001-09-06,65.5
2001-09-07,65.19
2001-09-10,65.01
2001-09-11,67.19
2001-09-12,65.78
2001-09-13,66.65
2001-09-14,66.56
2001-09-17,66.08
2001-09-18,64.52
2001-09-19,61.55
2001-09-20,64.0
2001-09-21,63.5
2001-09-24,63.16
2001-09-25,64.25
2001-09-26,63.75
2001-09-27,63.74
2001-09-28,63.06
2001-10-01,62.87
2001-10-02,62.65
2001-10-03,62.79
2001-10-04,62.47
2001-10-05,62.45
2001-10-08,62.91
2001-10-09,63.58
2001-10-10,64.45
2001-10-11,63.78
2001-10-12,63.92
2001-10-15,64.41
2001-10-16,64.98
2001-10-17,64.78
2001-10-18,65.6
2001-10-19,65.65
2001-10-22,65.14
2001-10-23,65.08
2001-10-24,65.43
2001-10-25,65.7
2001-10-26,65.88
2001-10-29,65.85
2001-10-30,66.11
2001-10-31,66.27
2001-11-01,67.78
2001-11-05,67.54
2001-11-06,67.53
2001-11-07,67.65
2001-11-08,67.5
2001-11-09,67.67
2001-11-12,67.05
2001-11-13,66.72
2001-11-14,66.74
2001-11-15,66.83
2001-11-16,66.55
2001-11-19,67.06
2001-11-20,66.87
2001-11-21,67.28
2001-11-22,67.04
2001-11-23,66.56
2001-11-26,67.28
2001-11-27,67.19
2001-11-28,66.11
2001-11-29,66.68
2001-11-30,65.65
2001-12-03,65.39
2001-12-04,65.96
2001-12-05,65.04
2001-12-06,64.45
2001-12-07,63.85
2001-12-10,64.12
2001-12-11,63.44
2001-12-12,64.15
2001-12-13,63.53
2001-12-14,63.0
2001-12-17,63.07
2001-12-18,62.74
2001-12-19,63.19
2001-12-20,61.94
2001-12-21,61.27
2001-12-24,61.24
2001-12-26,61.0
2001-12-27,61.02
2001-12-28,61.32
2001-12-31,60.38
2002-01-02,60.6
2002-01-03,59.88
2002-01-04,59.35
2002-01-07,59.18
2002-01-08,59.5
2002-01-09,58.91
2002-01-10,59.78
2002-01-11,60.54
2002-01-14,62.08
2002-01-15,61.48
2002-01-16,62.02
2002-01-17,63.12
2002-01-18,64.89
2002-01-21,65.1
2002-01-22,65.58
2002-01-23,64.94
2002-01-24,65.49
2002-01-25,64.69
2002-01-28,65.26
2002-01-29,65.39
2002-01-30,65.56
2002-01-31,66.8
2002-02-01,66.42
2002-02-04,67.42
2002-02-05,67.93
2002-02-06,67.5
2002-02-07,68.76
2002-02-08,68.11
2002-02-11,67.66
2002-02-12,67.02
2002-02-13,66.35
2002-02-14,65.65
2002-02-15,64.89
2002-02-18,65.73
2002-02-19,64.7
2002-02-20,66.09
2002-02-21,66.08
2002-02-22,66.38
2002-02-25,66.64
2002-02-26,67.21
2002-02-27,66.85
2002-02-28,66.05
2002-03-01,65.82
2002-03-04,64.53
2002-03-05,63.9
2002-03-06,66.25
2002-03-07,64.49
2002-03-08,63.68
2002-03-11,65.01
2002-03-12,64.76
2002-03-13,64.72
2002-03-14,64.31
2002-03-18,64.58
2002-03-19,64.56
2002-03-20,64.86
2002-03-21,65.44
2002-03-25,64.65
2002-03-26,64.61
2002-03-27,64.95
2002-04-01,64.8
2002-04-02,64.65
2002-04-03,65.29
2002-04-04,65.66
2002-04-08,65.75
2002-04-09,65.47
2002-04-10,65.63
2002-04-11,65.64
2002-04-12,65.97
2002-04-15,65.18
2002-04-16,67.49
2002-04-17,67.57
2002-04-18,67.18
2002-04-19,67.34
2002-04-22,66.57
2002-04-23,66.59
2002-04-24,66.39
2002-04-25,66.59
2002-04-26,67.39
2002-04-29,67.19
2002-04-30,68.09
2002-05-01,67.71
2002-05-02,67.81
2002-05-03,67.67
2002-05-06,67.89
2002-05-07,67.12
2002-05-08,67.43
2002-05-09,67.0
2002-05-10,66.75
2002-05-13,67.28
2002-05-14,66.74
2002-05-15,66.61
2002-05-16,66.78
2002-05-17,66.32
2002-05-20,67.51
2002-05-21,65.46
2002-05-22,65.83
2002-05-23,66.82
2002-05-24,65.69
2002-05-27,66.72
2002-05-28,66.44
2002-05-29,66.34
2002-05-30,65.53
2002-05-31,64.92
2002-06-03,64.5
2002-06-04,64.03
2002-06-05,65.2
2002-06-06,65.39
2002-06-07,65.05
2002-06-10,64.98
2002-06-11,65.79
2002-06-12,65.15
2002-06-13,65.87
2002-06-14,66.12
2002-06-17,65.74
2002-06-18,65.85
2002-06-19,66.15
2002-06-20,66.38
2002-06-21,66.94
2002-06-24,66.48
2002-06-25,66.39
2002-06-26,65.69
2002-06-27,65.35
2002-06-28,64.97
2002-07-01,64.71
2002-07-02,63.48
2002-07-03,62.99
2002-07-04,63.29
2002-07-05,63.19
2002-07-08,63.07
2002-07-09,62.87
2002-07-10,62.89
2002-07-11,62.43
2002-07-12,62.71
2002-07-15,62.5
2002-07-16,63.52
2002-07-17,63.53
2002-07-18,63.59
2002-07-19,64.02
2002-07-22,64.24
2002-07-23,64.45
2002-07-24,64.31
2002-07-25,64.06
2002-07-26,65.18
2002-07-29,65.35
2002-07-30,65.54
2002-07-31,65.99
2002-08-01,66.52
2002-08-02,66.96
2002-08-05,66.56
2002-08-06,66.31
2002-08-07,66.96
2002-08-08,67.1
2002-08-09,67.5
2002-08-12,68.32
2002-08-13,68.92
2002-08-14,69.88
2002-08-15,70.08
2002-08-16,69.77
2002-08-19,69.56
2002-08-20,69.7
2002-08-21,69.69
2002-08-22,68.69
2002-08-23,69.31
2002-08-26,69.7
2002-08-27,69.35
2002-08-28,68.9
2002-08-29,69.19
2002-08-30,70.12
2002-09-02,69.85
2002-09-03,69.97
2002-09-04,70.23
2002-09-05,70.47
2002-09-06,70.7
2002-09-09,70.14
2002-09-10,69.68
2002-09-11,69.66
2002-09-12,69.36
2002-09-13,69.33
2002-09-16,69.62
2002-09-17,69.36
2002-09-18,69.34
2002-09-19,69.54
2002-09-20,69.58
2002-09-23,69.82
2002-09-24,70.14
2002-09-25,70.36
2002-09-26,70.96
2002-09-27,71.26
2002-09-30,71.27
2002-10-01,71.35
2002-10-02,71.79
2002-10-03,71.8
2002-10-04,71.77
2002-10-07,72.62
2002-10-08,72.66
2002-10-09,73.24
2002-10-10,73.86
2002-10-11,73.32
2002-10-14,73.6
2002-10-15,72.58
2002-10-16,71.98
2002-10-17,71.43
2002-10-18,71.75
2002-10-21,71.53
2002-10-22,70.83
2002-10-23,70.74
2002-10-24,71.32
2002-10-25,71.17
2002-10-28,70.41
2002-10-29,70.39
2002-10-30,70.45
2002-10-31,71.06
2002-11-04,70.63
2002-11-05,70.77
2002-11-06,70.86
2002-11-07,70.56
2002-11-08,70.83
2002-11-11,70.4
2002-11-12,70.53
2002-11-13,69.99
2002-11-14,69.64
2002-11-15,70.14
2002-11-18,70.32
2002-11-19,70.1
2002-11-20,70.01
2002-11-21,71.06
2002-11-22,70.41
2002-11-25,71.02
2002-11-26,71.7
2002-11-27,71.5
2002-11-28,71.59
2002-11-29,71.66
2002-12-02,71.59
2002-12-03,70.49
2002-12-04,70.49
2002-12-05,70.12
2002-12-06,70.31
2002-12-09,70.72
2002-12-10,70.23
2002-12-11,70.16
2002-12-12,70.03
2002-12-13,70.88
2002-12-16,71.48
2002-12-17,72.73
2002-12-18,73.34
2002-12-19,73.84
2002-12-20,73.92
2002-12-23,74.17
2002-12-24,74.37
2002-12-26,74.24
2002-12-27,74.31
2002-12-30,73.9
2002-12-31,72.81
2003-01-02,71.79
2003-01-03,71.83
2003-01-06,71.68
2003-01-07,72.34
2003-01-08,72.91
2003-01-09,72.88
2003-01-10,72.99
2003-01-13,73.41
2003-01-14,73.81
2003-01-15,73.69
2003-01-16,74.01
2003-01-17,74.28
2003-01-20,74.27
2003-01-21,74.22
2003-01-22,74.45
2003-01-23,75.79
2003-01-24,75.62
2003-01-27,76.53
2003-01-28,75.82
2003-01-29,76.08
2003-01-30,75.89
2003-01-31,76.06
2003-02-03,76.66
2003-02-04,77.33
2003-02-05,78.43
2003-02-06,79.24
2003-02-07,79.52
2003-02-10,79.07
2003-02-11,79.45
2003-02-12,78.39
2003-02-13,78.54
2003-02-14,77.43
2003-02-17,76.79
2003-02-18,75.34
2003-02-19,75.48
2003-02-20,75.43
2003-02-21,75.24
2003-02-24,75.79
2003-02-25,75.67
2003-02-26,76.04
2003-02-27,75.59
2003-02-28,76.08
2003-03-03,74.9
2003-03-04,75.86
2003-03-05,76.2
2003-03-06,76.28
2003-03-07,75.11
2003-03-10,74.93
2003-03-11,74.68
2003-03-12,73.65
2003-03-13,74.09
2003-03-17,75.75
2003-03-18,76.12
2003-03-19,75.34
2003-03-20,74.95
2003-03-24,74.84
2003-03-25,75.06
2003-03-26,75.0
2003-03-27,74.91
2003-03-31,75.61
2003-04-01,74.99
2003-04-02,73.75
2003-04-03,73.82
2003-04-07,73.09
2003-04-08,72.2
2003-04-09,72.96
2003-04-10,72.73
2003-04-11,73.06
2003-04-14,71.71
2003-04-15,71.89
2003-04-16,72.71
2003-04-17,73.19
2003-04-18,72.76
2003-04-21,73.63
2003-04-22,72.38
2003-04-23,71.7
2003-04-24,72.08
2003-04-25,71.98
2003-04-28,73.05
2003-04-29,73.46
2003-04-30,72.81
2003-05-01,71.8
2003-05-02,71.33
2003-05-05,71.3
2003-05-06,72.02
2003-05-07,72.47
2003-05-08,72.94
2003-05-09,72.92
2003-05-12,72.42
2003-05-13,72.43
2003-05-14,72.67
2003-05-15,73.63
2003-05-16,74.22
2003-05-19,76.14
2003-05-20,77.3
2003-05-21,78.89
2003-05-22,78.94
2003-05-23,79.47
2003-05-26,79.3
2003-05-27,79.27
2003-05-28,78.84
2003-05-29,80.62
2003-05-30,80.45
2003-06-02,81.3
2003-06-03,80.99
2003-06-04,80.46
2003-06-05,81.94
2003-06-06,80.12
2003-06-09,79.88
2003-06-10,78.78
2003-06-11,79.03
2003-06-12,78.37
2003-06-13,77.87
2003-06-16,77.91
2003-06-17,78.82
2003-06-18,78.19
2003-06-19,78.9
2003-06-20,78.55
2003-06-23,77.41
2003-06-24,76.73
2003-06-25,76.18
2003-06-26,75.97
2003-06-27,76.55
2003-06-30,75.96
2003-07-01,76.75
2003-07-02,75.75
2003-07-03,75.03
2003-07-04,75.29
2003-07-07,73.63
2003-07-08,72.67
2003-07-09,71.63
2003-07-10,71.82
2003-07-11,72.07
2003-07-14,72.66
2003-07-15,73.58
2003-07-16,73.72
2003-07-17,73.82
2003-07-18,73.57
2003-07-21,73.9
2003-07-22,73.23
2003-07-23,71.22
2003-07-24,70.91
2003-07-25,71.55
2003-07-28,70.63
2003-07-29,70.26
2003-07-30,70.29
2003-07-31,68.94
2003-08-01,68.01
2003-08-04,69.75
2003-08-05,71.12
2003-08-06,70.77
2003-08-07,70.01
2003-08-08,71.64
2003-08-11,72.52
2003-08-12,73.6
2003-08-13,72.4
2003-08-14,72.75
2003-08-15,73.93
2003-08-18,72.69
2003-08-19,72.56
2003-08-20,72.96
2003-08-21,72.88
2003-08-22,72.74
2003-08-25,72.54
2003-08-26,72.89
2003-08-27,72.76
2003-08-28,72.34
2003-08-29,73.64
2003-09-01,72.92
2003-09-02,74.69
2003-09-03,73.88
2003-09-04,74.37
2003-09-05,73.7
2003-09-08,73.87
2003-09-09,72.89
2003-09-10,72.47
2003-09-11,71.46
2003-09-12,72.44
2003-09-15,72.07
2003-09-16,71.78
2003-09-17,71.49
2003-09-18,71.96
2003-09-19,72.87
2003-09-22,73.73
2003-09-23,73.99
2003-09-24,73.37
2003-09-25,74.11
2003-09-26,74.53
2003-09-29,75.54
2003-09-30,75.26
2003-10-01,75.59
2003-10-02,75.22
2003-10-03,76.83
2003-10-06,77.86
2003-10-07,77.62
2003-10-08,77.37
2003-10-09,76.61
2003-10-10,76.13
2003-10-13,75.4
2003-10-14,76.27
2003-10-15,75.65
2003-10-16,75.69
2003-10-17,75.39
2003-10-20,74.82
2003-10-21,75.4
2003-10-22,75.36
2003-10-23,74.61
2003-10-24,75.45
2003-10-27,75.36
2003-10-28,75.34
2003-10-29,74.91
2003-10-30,76.09
2003-11-03,76.55
2003-11-04,75.46
2003-11-05,76.73
2003-11-06,76.76
2003-11-07,75.7
2003-11-10,75.97
2003-11-11,76.67
2003-11-12,74.21
2003-11-13,74.6
2003-11-14,73.62
2003-11-17,74.63
2003-11-18,74.26
2003-11-19,74.96
2003-11-20,74.99
2003-11-21,75.01
2003-11-24,74.71
2003-11-25,73.96
2003-11-26,74.14
2003-11-27,74.3
2003-11-28,74.42
2003-12-01,73.67
2003-12-02,73.45
2003-12-03,74.13
2003-12-04,73.9
2003-12-05,74.42
2003-12-08,73.29
2003-12-09,72.51
2003-12-10,72.92
2003-12-11,72.57
2003-12-12,72.88
2003-12-15,72.65
2003-12-16,72.59
2003-12-17,72.5
2003-12-18,71.94
2003-12-19,71.82
2003-12-22,72.07
2003-12-23,71.81
2003-12-24,71.54
2003-12-25,71.57
2003-12-26,71.45
2003-12-29,70.03
2003-12-30,69.72
2003-12-31,69.94
2004-01-02,69.66
2004-01-05,68.11
2004-01-06,67.04
2004-01-07,67.72
2004-01-08,68.37
2004-01-09,66.0
2004-01-12,64.41
2004-01-13,64.56
2004-01-14,65.51
2004-01-15,65.84
2004-01-16,64.46
2004-01-19,64.34
2004-01-20,65.32
2004-01-21,66.22
2004-01-22,64.57
2004-01-23,64.37
2004-01-26,64.54
2004-01-27,62.74
2004-01-28,62.94
2004-01-29,63.9
2004-01-30,64.6
2004-02-02,65.95
2004-02-03,65.41
2004-02-04,65.27
2004-02-05,64.86
2004-02-06,64.43
2004-02-09,63.46
2004-02-10,63.79
2004-02-11,62.58
2004-02-12,62.4
2004-02-13,62.52
2004-02-16,62.66
2004-02-17,61.47
2004-02-18,61.98
2004-02-19,61.47
2004-02-20,60.97
2004-02-23,61.62
2004-02-24,61.19
2004-02-25,60.74
2004-02-26,58.96
2004-02-27,59.22
2004-03-01,57.66
2004-03-02,58.49
2004-03-03,58.19
2004-03-04,58.23
2004-03-05,57.65
2004-03-08,57.51
2004-03-09,56.65
2004-03-10,55.97
2004-03-11,56.04
2004-03-12,56.14
2004-03-15,56.18
2004-03-16,56.11
2004-03-17,55.21
2004-03-18,54.76
2004-03-22,54.65
2004-03-23,54.53
2004-03-24,54.84
2004-03-25,54.92
2004-03-29,54.3
2004-03-30,53.84
2004-03-31,52.39
2004-04-01,51.74
2004-04-05,51.25
2004-04-06,50.97
2004-04-07,51.47
2004-04-08,51.99
2004-04-09,51.54
2004-04-12,52.2
2004-04-13,54.8
2004-04-14,56.82
2004-04-15,56.09
2004-04-16,56.18
2004-04-19,55.7
2004-04-20,58.07
2004-04-21,63.22
2004-04-22,64.1
2004-04-23,64.03
2004-04-26,64.24
2004-04-27,63.8
2004-04-28,65.81
2004-04-29,66.07
2004-04-30,64.03
2004-05-03,64.42
2004-05-04,65.12
2004-05-05,64.15
2004-05-06,66.62
2004-05-07,67.75
2004-05-10,65.87
2004-05-11,67.59
2004-05-12,68.13
2004-05-13,66.7
2004-05-14,65.85
2004-05-17,66.52
2004-05-18,66.52
2004-05-19,64.6
2004-05-20,65.23
2004-05-21,65.59
2004-05-24,64.26
2004-05-25,63.92
2004-05-26,64.04
2004-05-27,63.57
2004-05-28,64.27
2004-05-31,64.63
2004-06-01,65.23
2004-06-02,67.16
2004-06-03,67.66
2004-06-04,67.23
2004-06-07,66.85
2004-06-08,67.71
2004-06-09,68.32
2004-06-10,67.26
2004-06-11,67.35
2004-06-14,67.77
2004-06-15,68.02
2004-06-16,67.36
2004-06-17,65.69
2004-06-18,66.14
2004-06-21,67.21
2004-06-22,67.28
2004-06-23,67.42
2004-06-24,65.28
2004-06-25,65.51
2004-06-28,67.6
2004-06-29,66.99
2004-06-30,68.33
2004-07-01,66.77
2004-07-02,66.32
2004-07-05,66.38
2004-07-06,65.9
2004-07-07,65.76
2004-07-08,63.84
2004-07-09,63.2
2004-07-12,62.67
2004-07-13,62.95
2004-07-14,61.34
2004-07-15,60.94
2004-07-16,60.69
2004-07-19,61.74
2004-07-20,61.09
2004-07-21,62.19
2004-07-22,61.73
2004-07-23,61.73
2004-07-26,62.53
2004-07-27,62.26
2004-07-28,60.98
2004-07-29,61.13
2004-07-30,59.79
2004-08-02,59.6
2004-08-03,59.17
2004-08-04,58.37
2004-08-05,58.2
2004-08-06,59.22
2004-08-09,59.65
2004-08-10,59.77
2004-08-11,60.84
2004-08-12,60.3
2004-08-13,60.45
2004-08-16,59.95
2004-08-17,60.28
2004-08-18,59.41
2004-08-19,59.63
2004-08-20,60.26
2004-08-23,61.19
2004-08-24,61.55
2004-08-25,61.69
2004-08-26,61.04
2004-08-27,61.38
2004-08-30,60.81
2004-08-31,60.72
2004-09-01,60.3
2004-09-02,60.2
2004-09-03,61.23
2004-09-06,61.65
2004-09-07,64.05
2004-09-08,64.67
2004-09-09,64.98
2004-09-10,65.81
2004-09-13,65.05
2004-09-14,65.29
2004-09-15,64.82
2004-09-16,64.31
2004-09-17,65.01
2004-09-20,64.91
2004-09-21,64.35
2004-09-22,64.25
2004-09-23,63.98
2004-09-24,63.92
2004-09-27,62.87
2004-09-28,62.65
2004-09-29,62.19
2004-09-30,60.7
2004-10-01,60.62
2004-10-04,61.43
2004-10-05,59.23
2004-10-06,58.2
2004-10-07,58.17
2004-10-08,58.23
2004-10-11,58.54
2004-10-12,59.07
2004-10-13,60.59
2004-10-14,59.51
2004-10-15,59.24
2004-10-18,59.89
2004-10-19,58.64
2004-10-20,58.18
2004-10-21,58.45
2004-10-22,58.19
2004-10-25,58.37
2004-10-26,58.23
2004-10-27,59.17
2004-10-28,59.27
2004-10-29,58.79
2004-11-01,60.14
2004-11-02,59.62
2004-11-03,58.52
2004-11-04,58.04
2004-11-08,57.9
2004-11-09,57.94
2004-11-10,58.8
2004-11-11,58.29
2004-11-12,57.69
2004-11-15,57.92
2004-11-16,58.28
2004-11-17,58.2
2004-11-18,58.75
2004-11-19,58.98
2004-11-22,59.31
2004-11-23,59.37
2004-11-24,59.23
2004-11-25,59.43
2004-11-26,58.69
2004-11-29,58.27
2004-11-30,58.56
2004-12-01,56.7
2004-12-02,57.01
2004-12-03,56.99
2004-12-06,57.32
2004-12-07,57.66
2004-12-08,62.14
2004-12-09,64.88
2004-12-10,64.71
2004-12-13,64.73
2004-12-14,64.92
2004-12-15,64.51
2004-12-16,65.55
2004-12-17,65.21
2004-12-20,64.95
2004-12-21,64.09
2004-12-22,64.57
2004-12-23,64.28
2004-12-24,64.34
2004-12-27,63.57
2004-12-28,63.3
2004-12-29,64.0
2004-12-30,64.41
2004-12-31,64.29
2005-01-03,66.19
2005-01-04,66.6
2005-01-05,65.62
2005-01-06,65.64
2005-01-07,65.27
2005-01-10,65.26
2005-01-11,63.79
2005-01-12,63.7
2005-01-13,63.18
2005-01-14,64.41
2005-01-17,63.86
2005-01-18,63.71
2005-01-19,64.21
2005-01-20,64.48
2005-01-21,62.92
2005-01-24,62.66
2005-01-25,63.01
2005-01-26,62.86
2005-01-27,62.68
2005-01-28,62.98
2005-01-31,62.89
2005-02-01,62.67
2005-02-02,62.51
2005-02-03,62.55
2005-02-04,62.55
2005-02-07,63.5
2005-02-08,62.91
2005-02-09,62.72
2005-02-10,60.29
2005-02-11,58.7
2005-02-14,58.64
2005-02-15,58.16
2005-02-16,58.97
2005-02-17,58.2
2005-02-18,57.6
2005-02-21,57.84
2005-02-22,57.81
2005-02-23,58.56
2005-02-24,59.17
2005-02-25,59.62
2005-02-28,59.76
2005-03-01,59.92
2005-03-02,59.31
2005-03-03,59.59
2005-03-04,59.17
2005-03-07,58.96
2005-03-08,58.74
2005-03-09,58.13
2005-03-10,59.03
2005-03-11,59.09
2005-03-14,59.72
2005-03-15,59.72
2005-03-16,59.54
2005-03-17,59.61
2005-03-21,61.45
2005-03-22,61.11
2005-03-23,61.42
2005-03-24,61.4
2005-03-28,61.22
2005-03-29,59.8
2005-03-30,60.16
2005-03-31,60.89
2005-04-04,60.35
2005-04-05,60.42
2005-04-06,60.18
2005-04-07,60.5
2005-04-08,59.9
2005-04-11,59.28
2005-04-12,59.8
2005-04-13,59.57
2005-04-14,60.23
2005-04-15,60.7
2005-04-18,60.96
2005-04-19,59.94
2005-04-20,59.37
2005-04-21,60.0
2005-04-22,59.86
2005-04-25,59.96
2005-04-26,60.29
2005-04-27,61.0
2005-04-28,62.25
2005-04-29,62.86
2005-05-02,62.84
2005-05-03,62.1
2005-05-04,61.4
2005-05-05,61.14
2005-05-06,61.59
2005-05-09,60.35
2005-05-10,60.17
2005-05-11,60.62
2005-05-12,61.04
2005-05-13,60.75
2005-05-16,60.4
2005-05-17,59.65
2005-05-18,58.74
2005-05-19,59.16
2005-05-20,60.27
2005-05-23,59.99
2005-05-24,59.76
2005-05-25,58.11
2005-05-26,58.6
2005-05-27,57.99
2005-05-30,57.97
2005-05-31,56.31
2005-06-01,55.68
2005-06-02,56.24
2005-06-03,56.63
2005-06-06,56.79
2005-06-07,57.32
2005-06-08,57.26
2005-06-09,58.36
2005-06-10,58.82
2005-06-13,59.08
2005-06-14,58.88
2005-06-15,58.75
2005-06-16,59.35
2005-06-17,59.71
2005-06-20,60.32
2005-06-21,60.16
2005-06-22,60.52
2005-06-23,60.79
2005-06-24,60.43
2005-06-27,61.0
2005-06-28,61.61
2005-06-29,61.76
2005-06-30,61.86
2005-07-01,62.21
2005-07-04,61.84
2005-07-05,61.57
2005-07-06,61.06
2005-07-07,60.86
2005-07-08,60.44
2005-07-11,60.07
2005-07-12,60.56
2005-07-13,60.5
2005-07-14,60.29
2005-07-15,60.57
2005-07-18,60.15
2005-07-19,60.36
2005-07-20,59.68
2005-07-21,59.78
2005-07-22,59.94
2005-07-25,60.06
2005-07-26,60.5
2005-07-27,60.44
2005-07-28,59.61
2005-07-29,59.61
2005-08-01,59.45
2005-08-02,59.71
2005-08-03,60.0
2005-08-04,60.78
2005-08-05,61.33
2005-08-08,62.14
2005-08-09,61.76
2005-08-10,61.72
2005-08-11,62.19
2005-08-12,63.02
2005-08-15,63.47
2005-08-16,63.46
2005-08-17,62.96
2005-08-18,62.81
2005-08-19,62.33
2005-08-22,62.16
2005-08-23,63.1
2005-08-24,63.25
2005-08-25,64.14
2005-08-26,64.94
2005-08-29,64.73
2005-08-30,63.94
2005-08-31,63.72
2005-09-01,63.5
2005-09-02,63.4
2005-09-05,63.17
2005-09-06,63.07
2005-09-07,63.17
2005-09-08,64.1
2005-09-09,64.08
2005-09-12,63.98
2005-09-13,64.15
2005-09-14,64.33
2005-09-15,64.46
2005-09-16,63.5
2005-09-19,63.66
2005-09-20,63.63
2005-09-21,63.66
2005-09-22,63.32
2005-09-23,63.55
2005-09-26,63.58
2005-09-27,63.53
2005-09-28,63.9
2005-09-29,63.21
2005-09-30,62.91
2005-10-03,63.05
2005-10-04,63.26
2005-10-05,62.89
2005-10-06,62.71
2005-10-07,61.59
2005-10-10,61.01
2005-10-11,60.96
2005-10-12,60.84
2005-10-13,61.17
2005-10-14,60.3
2005-10-17,60.85
2005-10-18,60.69
2005-10-19,61.04
2005-10-20,60.52
2005-10-21,60.95
2005-10-24,60.66
2005-10-25,60.67
2005-10-26,60.46
2005-10-27,60.72
2005-10-28,60.78
2005-10-31,61.63
2005-11-01,61.51
2005-11-02,60.83
2005-11-03,60.52
2005-11-07,60.55
2005-11-08,60.47
2005-11-09,60.82
2005-11-10,60.79
2005-11-11,60.56
2005-11-14,60.56
2005-11-15,60.38
2005-11-16,59.69
2005-11-17,60.22
2005-11-18,60.35
2005-11-21,60.26
2005-11-22,60.46
2005-11-23,60.8
2005-11-24,60.55
2005-11-25,60.42
2005-11-28,59.72
2005-11-29,60.29
2005-11-30,59.84
2005-12-01,59.21
2005-12-02,58.87
2005-12-05,58.96
2005-12-06,58.71
2005-12-07,58.41
2005-12-08,58.16
2005-12-09,58.42
2005-12-12,60.55
2005-12-13,61.24
2005-12-14,60.44
2005-12-15,58.9
2005-12-16,59.07
2005-12-19,58.86
2005-12-20,59.74
2005-12-21,59.04
2005-12-22,59.06
2005-12-23,58.74
2005-12-26,59.15
2005-12-27,58.31
2005-12-28,58.04
2005-12-29,58.41
2005-12-30,58.68
2006-01-02,58.27
2006-01-03,58.12
2006-01-04,58.53
2006-01-05,60.11
2006-01-06,59.14
2006-01-09,59.8
2006-01-10,60.96
2006-01-11,60.7
2006-01-12,60.98
2006-01-13,61.11
2006-01-16,60.71
2006-01-17,61.51
2006-01-18,61.7
2006-01-19,61.5
2006-01-20,62.44
2006-01-23,61.88
2006-01-24,60.72
2006-01-25,59.37
2006-01-26,58.46
2006-01-27,58.46
2006-01-30,57.7
2006-01-31,57.76
2006-02-01,58.28
2006-02-02,58.03
2006-02-03,58.47
2006-02-06,58.69
2006-02-07,58.91
2006-02-08,58.42
2006-02-09,58.61
2006-02-10,58.74
2006-02-13,59.12
2006-02-14,58.81
2006-02-15,58.63
2006-02-16,58.13
2006-02-17,58.49
2006-02-20,58.26
2006-02-21,57.74
2006-02-22,57.77
2006-02-23,57.59
2006-02-24,57.16
2006-02-27,57.58
2006-02-28,57.65
2006-03-01,57.8
2006-03-02,55.7
2006-03-03,55.32
2006-03-06,55.26
2006-03-07,54.78
2006-03-08,55.41
2006-03-09,54.99
2006-03-10,54.43
2006-03-13,53.87
2006-03-14,53.63
2006-03-15,53.71
2006-03-16,53.38
2006-03-20,52.68
2006-03-21,52.51
2006-03-22,51.43
2006-03-23,52.2
2006-03-27,52.09
2006-03-28,51.4
2006-03-29,50.27
2006-03-30,50.71
2006-04-03,50.12
2006-04-04,50.15
2006-04-05,50.21
2006-04-06,49.04
2006-04-07,48.71
2006-04-10,47.11
2006-04-11,47.47
2006-04-12,46.75
2006-04-13,46.24
2006-04-14,46.63
2006-04-17,45.07
2006-04-18,44.14
2006-04-19,43.55
2006-04-20,51.13
2006-04-21,48.47
2006-04-24,51.81
2006-04-25,50.18
2006-04-26,49.58
2006-04-27,50.09
2006-04-28,47.7
2006-05-01,47.33
2006-05-02,46.74
2006-05-03,48.3
2006-05-04,48.62
2006-05-05,48.84
2006-05-08,48.65
2006-05-09,48.34
2006-05-10,48.62
2006-05-11,48.17
2006-05-12,49.74
2006-05-15,51.51
2006-05-16,50.69
2006-05-17,52.09
2006-05-18,53.85
2006-05-19,52.32
2006-05-22,52.4
2006-05-23,51.35
2006-05-24,51.22
2006-05-25,51.21
2006-05-26,51.27
2006-05-29,50.57
2006-05-30,50.07
2006-05-31,51.45
2006-06-01,52.29
2006-06-02,52.48
2006-06-05,52.57
2006-06-06,53.04
2006-06-07,52.73
2006-06-08,54.66
2006-06-09,54.19
2006-06-12,55.08
2006-06-13,58.61
2006-06-14,58.13
2006-06-15,56.3
2006-06-16,56.53
2006-06-19,56.87
2006-06-20,56.07
2006-06-21,56.06
2006-06-22,56.65
2006-06-23,56.39
2006-06-26,56.77
2006-06-27,56.99
2006-06-28,56.66
2006-06-29,55.78
2006-06-30,55.48
2006-07-03,55.03
2006-07-04,54.94
2006-07-05,54.96
2006-07-06,54.71
2006-07-07,55.49
2006-07-10,56.28
2006-07-11,55.63
2006-07-12,56.21
2006-07-13,56.56
2006-07-14,57.85
2006-07-17,58.83
2006-07-18,59.78
2006-07-19,57.7
2006-07-20,57.52
2006-07-21,57.23
2006-07-24,56.34
2006-07-25,56.59
2006-07-26,56.18
2006-07-27,55.79
2006-07-28,55.93
2006-07-31,55.71
2006-08-01,55.0
2006-08-02,53.56
2006-08-03,53.3
2006-08-04,52.22
2006-08-07,52.82
2006-08-08,52.75
2006-08-09,52.0
2006-08-10,52.24
2006-08-11,52.98
2006-08-14,51.84
2006-08-15,51.38
2006-08-16,51.06
2006-08-17,51.34
2006-08-18,51.03
2006-08-21,50.65
2006-08-22,50.94
2006-08-23,49.83
2006-08-24,50.28
2006-08-25,50.2
2006-08-28,50.93
2006-08-29,50.08
2006-08-30,49.46
2006-08-31,48.59
2006-09-01,48.3
2006-09-04,48.34
2006-09-05,49.21
2006-09-06,48.67
2006-09-07,49.11
2006-09-08,50.31
2006-09-11,53.08
2006-09-12,53.45
2006-09-13,52.65
2006-09-14,53.76
2006-09-15,53.59
2006-09-18,52.52
2006-09-19,53.16
2006-09-20,52.92
2006-09-21,52.25
2006-09-22,52.88
2006-09-25,52.56
2006-09-26,51.93
2006-09-27,51.77
2006-09-28,52.06
2006-09-29,52.3
2006-10-02,51.93
2006-10-03,53.19
2006-10-04,52.45
2006-10-05,51.79
2006-10-06,51.58
2006-10-09,51.07
2006-10-10,51.25
2006-10-11,51.02
2006-10-12,50.95
2006-10-13,50.72
2006-10-16,50.3
2006-10-17,50.31
2006-10-18,50.1
2006-10-19,49.54
2006-10-20,49.71
2006-10-23,49.7
2006-10-24,49.62
2006-10-25,49.54
2006-10-26,49.15
2006-10-27,49.75
2006-10-30,49.36
2006-10-31,49.57
2006-11-01,49.62
2006-11-02,49.75
2006-11-06,49.3
2006-11-07,49.59
2006-11-08,49.46
2006-11-09,48.57
2006-11-10,48.24
2006-11-13,48.5
2006-11-14,48.51
2006-11-15,48.26
2006-11-16,47.96
2006-11-17,48.57
2006-11-20,48.82
2006-11-21,48.12
2006-11-22,48.22
2006-11-23,48.08
2006-11-24,47.45
2006-11-27,47.42
2006-11-28,46.51
2006-11-29,46.92
2006-11-30,46.42
2006-12-01,46.05
2006-12-04,46.29
2006-12-05,46.61
2006-12-06,46.36
2006-12-07,45.57
2006-12-08,45.56
2006-12-11,45.55
2006-12-12,45.36
2006-12-13,45.53
2006-12-14,45.42
2006-12-15,47.85
2006-12-18,49.38
2006-12-19,49.21
2006-12-20,49.71
2006-12-21,49.88
2006-12-22,49.4
2006-12-25,49.31
2006-12-26,49.34
2006-12-27,49.04
2006-12-28,49.37
2006-12-29,49.36
2007-01-01,49.25
2007-01-02,48.56
2007-01-03,49.92
2007-01-04,49.37
2007-01-05,49.79
2007-01-08,49.51
2007-01-09,49.1
2007-01-10,49.42
2007-01-11,49.52
2007-01-12,48.7
2007-01-15,48.58
2007-01-16,49.75
2007-01-17,49.32
2007-01-18,49.66
2007-01-19,49.41
2007-01-22,48.99
2007-01-23,48.84
2007-01-24,49.04
2007-01-25,48.51
2007-01-26,48.32
2007-01-29,48.84
2007-01-30,48.45
2007-01-31,48.28
2007-02-01,48.15
2007-02-02,48.38
2007-02-05,48.14
2007-02-06,47.97
2007-02-07,47.83
2007-02-08,47.93
2007-02-09,48.08
2007-02-12,48.36
2007-02-13,47.86
2007-02-14,47.69
2007-02-15,47.91
2007-02-16,47.86
2007-02-19,47.88
2007-02-20,47.49
2007-02-21,47.71
2007-02-22,47.67
2007-02-23,46.85
2007-02-26,46.67
2007-02-27,46.75
2007-02-28,47.37
2007-03-01,48.75
2007-03-02,49.84
2007-03-05,50.32
2007-03-06,50.12
2007-03-07,50.0
2007-03-08,50.29
2007-03-09,50.21
2007-03-12,49.96
2007-03-13,50.38
2007-03-14,50.21
2007-03-15,49.78
2007-03-16,49.65
2007-03-19,49.64
2007-03-20,49.5
2007-03-21,49.68
2007-03-22,49.33
2007-03-23,49.99
2007-03-26,49.63
2007-03-27,50.03
2007-03-28,49.85
2007-03-29,49.7
2007-03-30,49.61
2007-04-02,49.96
2007-04-03,49.55
2007-04-04,49.55
2007-04-05,49.12
2007-04-06,49.27
2007-04-09,48.78
2007-04-10,48.84
2007-04-11,48.83
2007-04-12,48.64
2007-04-13,48.72
2007-04-16,49.09
2007-04-17,49.39
2007-04-18,49.36
2007-04-19,49.92
2007-04-20,49.64
2007-04-23,49.15
2007-04-24,49.58
2007-04-25,49.69
2007-04-26,50.66
2007-04-27,50.34
2007-04-30,50.59
2007-05-01,50.79
2007-05-02,50.92
2007-05-03,50.88
2007-05-04,51.25
2007-05-07,50.98
2007-05-08,50.75
2007-05-09,50.9
2007-05-10,51.05
2007-05-11,50.71
2007-05-14,50.93
2007-05-15,50.87
2007-05-16,51.29
2007-05-17,51.22
2007-05-18,51.1
2007-05-21,50.75
2007-05-22,50.83
2007-05-23,50.79
2007-05-24,50.91
2007-05-25,50.66
2007-05-28,50.66
2007-05-29,49.8
2007-05-30,49.58
2007-05-31,49.14
2007-06-01,49.0
2007-06-04,48.99
2007-06-05,48.66
2007-06-06,48.92
2007-06-07,48.97
2007-06-08,49.53
2007-06-11,49.37
2007-06-12,49.67
2007-06-13,49.71
2007-06-14,49.62
2007-06-15,49.54
2007-06-18,49.65
2007-06-19,49.58
2007-06-20,49.62
2007-06-21,49.67
2007-06-22,50.1
2007-06-25,50.58
2007-06-26,52.36
2007-06-27,52.4
2007-06-28,51.96
2007-06-29,52.35
2007-07-02,52.04
2007-07-03,51.88
2007-07-04,51.67
2007-07-05,52.0
2007-07-06,51.52
2007-07-09,51.92
2007-07-10,51.38
2007-07-11,51.21
2007-07-12,50.9
2007-07-13,51.14
2007-07-16,51.38
2007-07-17,51.54
2007-07-18,51.02
2007-07-19,51.17
2007-07-20,51.34
2007-07-23,51.4
2007-07-24,51.44
2007-07-25,51.48
2007-07-26,51.75
2007-07-27,52.02
2007-07-30,51.59
2007-07-31,51.62
2007-08-01,51.38
2007-08-02,51.31
2007-08-03,51.53
2007-08-06,51.73
2007-08-07,51.37
2007-08-08,51.43
2007-08-09,52.34
2007-08-10,52.32
2007-08-13,52.3
2007-08-14,52.65
2007-08-15,53.45
2007-08-16,55.3
2007-08-17,56.13
2007-08-20,55.88
2007-08-21,56.57
2007-08-22,56.72
2007-08-23,56.35
2007-08-24,55.82
2007-08-27,56.72
2007-08-28,56.29
2007-08-29,56.2
2007-08-30,56.43
2007-08-31,55.79
2007-09-03,55.44
2007-09-04,55.51
2007-09-05,55.84
2007-09-06,56.08
2007-09-07,56.04
2007-09-10,56.07
2007-09-11,56.15
2007-09-12,56.25
2007-09-13,56.57
2007-09-14,56.34
2007-09-17,56.13
2007-09-18,55.74
2007-09-19,55.75
2007-09-20,54.88
2007-09-21,54.07
2007-09-24,54.28
2007-09-25,54.36
2007-09-26,54.39
2007-09-27,54.2
2007-09-28,54.0
2007-10-01,54.46
2007-10-02,54.8
2007-10-03,54.69
2007-10-04,55.07
2007-10-05,55.38
2007-10-08,55.22
2007-10-09,54.74
2007-10-10,54.65
2007-10-11,54.31
2007-10-12,54.28
2007-10-15,54.95
2007-10-16,55.8
2007-10-17,55.34
2007-10-18,55.67
2007-10-19,56.6
2007-10-22,55.99
2007-10-23,55.91
2007-10-24,56.3
2007-10-25,55.35
2007-10-26,55.18
2007-10-29,54.53
2007-10-30,55.27
2007-10-31,54.98
2007-11-01,55.8
2007-11-02,55.12
2007-11-05,54.83
2007-11-06,52.88
2007-11-07,54.43
2007-11-08,54.09
2007-11-09,53.78
2007-11-12,55.1
2007-11-13,54.82
2007-11-14,54.2
2007-11-15,54.75
2007-11-16,54.38
2007-11-19,54.94
2007-11-20,54.53
2007-11-21,55.46
2007-11-22,55.33
2007-11-23,55.74
2007-11-26,55.94
2007-11-27,56.16
2007-11-28,55.85
2007-11-29,56.01
2007-11-30,55.94
2007-12-03,56.09
2007-12-04,55.98
2007-12-05,55.68
2007-12-06,55.49
2007-12-07,55.31
2007-12-10,55.19
2007-12-11,55.15
2007-12-12,55.49
2007-12-13,56.61
2007-12-14,57.41
2007-12-17,57.28
2007-12-18,57.23
2007-12-19,56.73
2007-12-20,56.0
2007-12-21,56.49
2007-12-24,55.79
2007-12-25,56.04
2007-12-26,56.13
2007-12-27,56.43
2007-12-28,56.79
2007-12-31,56.35
2008-01-01,56.33
2008-01-02,56.27
2008-01-03,56.35
2008-01-04,56.26
2008-01-07,56.64
2008-01-08,56.01
2008-01-09,55.97
2008-01-10,55.35
2008-01-11,55.17
2008-01-14,55.16
2008-01-15,55.86
2008-01-16,55.54
2008-01-17,55.38
2008-01-18,54.65
2008-01-21,55.56
2008-01-22,55.56
2008-01-23,55.33
2008-01-24,55.56
2008-01-25,55.46
2008-01-28,55.56
2008-01-29,55.25
2008-01-30,55.26
2008-01-31,54.76
2008-02-01,53.93
2008-02-04,54.17
2008-02-05,54.29
2008-02-06,54.52
2008-02-07,54.13
2008-02-08,53.72
2008-02-11,52.83
2008-02-12,52.76
2008-02-13,52.4
2008-02-14,52.65
2008-02-15,52.81
2008-02-18,52.9
2008-02-19,52.9
2008-02-20,52.98
2008-02-21,52.91
2008-02-22,52.45
2008-02-25,51.88
2008-02-26,50.51
2008-02-27,49.65
2008-02-28,49.15
2008-02-29,49.15
2008-03-03,48.36
2008-03-04,48.74
2008-03-05,47.54
2008-03-06,48.51
2008-03-07,48.27
2008-03-10,49.48
2008-03-11,49.46
2008-03-12,48.76
2008-03-13,48.48
2008-03-14,48.55
2008-03-17,49.74
2008-03-18,49.78
2008-03-19,51.37
2008-03-20,54.21
2008-03-21,53.68
2008-03-24,53.68
2008-03-25,52.3
2008-03-26,51.72
2008-03-27,51.39
2008-03-28,52.01
2008-03-31,53.21
2008-04-01,52.48
2008-04-02,52.09
2008-04-03,52.01
2008-04-04,51.48
2008-04-07,50.94
2008-04-08,51.75
2008-04-09,51.32
2008-04-10,51.75
2008-04-11,52.07
2008-04-14,52.14
2008-04-15,51.95
2008-04-16,51.56
2008-04-17,51.44
2008-04-18,51.35
2008-04-21,52.51
2008-04-22,51.86
2008-04-23,52.76
2008-04-24,52.87
2008-04-25,52.51
2008-04-28,52.45
2008-04-29,52.57
2008-04-30,52.05
2008-05-01,52.67
2008-05-02,52.19
2008-05-05,52.28
2008-05-06,51.98
2008-05-07,52.27
2008-05-08,52.43
2008-05-09,52.61
2008-05-12,51.44
2008-05-13,51.85
2008-05-14,52.24
2008-05-15,52.79
2008-05-16,53.21
2008-05-19,53.34
2008-05-20,52.05
2008-05-21,51.84
2008-05-22,51.24
2008-05-23,50.86
2008-05-26,50.74
2008-05-27,52.01
2008-05-28,51.77
2008-05-29,52.76
2008-05-30,52.52
2008-06-02,52.97
2008-06-03,52.51
2008-06-04,52.31
2008-06-05,51.21
2008-06-06,51.47
2008-06-09,52.19
2008-06-10,52.23
2008-06-11,52.22
2008-06-12,52.68
2008-06-13,52.6
2008-06-16,51.42
2008-06-17,51.74
2008-06-18,51.46
2008-06-19,51.79
2008-06-20,51.95
2008-06-23,52.61
2008-06-24,53.37
2008-06-25,52.79
2008-06-26,53.42
2008-06-27,52.96
2008-06-30,53.15
2008-07-01,51.86
2008-07-02,51.42
2008-07-03,51.17
2008-07-04,51.59
2008-07-07,52.07
2008-07-08,51.75
2008-07-09,51.19
2008-07-10,51.81
2008-07-11,51.23
2008-07-14,50.95
2008-07-15,51.66
2008-07-16,51.14
2008-07-17,51.7
2008-07-18,52.68
2008-07-21,52.42
2008-07-22,52.67
2008-07-23,53.04
2008-07-24,53.24
2008-07-25,53.41
2008-07-28,53.15
2008-07-29,52.93
2008-07-30,51.84
2008-07-31,51.5
2008-08-01,52.11
2008-08-04,52.82
2008-08-05,53.12
2008-08-06,53.13
2008-08-07,53.89
2008-08-08,55.91
2008-08-11,56.16
2008-08-12,56.02
2008-08-13,55.45
2008-08-14,56.89
2008-08-15,61.78
2008-08-18,61.26
2008-08-19,61.5
2008-08-20,61.5
2008-08-21,60.43
2008-08-22,61.61
2008-08-25,60.93
2008-08-26,60.7
2008-08-27,61.3
2008-08-28,60.92
2008-08-29,61.07
2008-09-01,60.8
2008-09-02,61.62
2008-09-03,62.07
2008-09-04,62.13
2008-09-05,65.48
2008-09-08,66.36
2008-09-09,68.97
2008-09-10,70.45
2008-09-11,70.69
2008-09-12,70.36
2008-09-15,70.68
2008-09-16,74.4
2008-09-17,72.23
2008-09-18,71.08
2008-09-19,69.16
2008-09-22,66.69
2008-09-23,67.18
2008-09-24,66.56
2008-09-25,66.46
2008-09-26,66.07
2008-09-29,69.27
2008-09-30,72.4
2008-10-01,69.33
2008-10-02,77.16
2008-10-03,75.0
2008-10-06,77.88
2008-10-07,76.67
2008-10-08,77.31
2008-10-09,75.41
2008-10-10,84.39
2008-10-13,77.78
2008-10-14,76.34
2008-10-15,82.3
2008-10-16,83.21
2008-10-17,83.51
2008-10-20,81.48
2008-10-21,76.33
2008-10-22,76.49
2008-10-23,74.53
2008-10-24,78.5
2008-10-27,80.66
2008-10-28,81.19
2008-10-29,76.41
2008-10-30,75.4
2008-10-31,73.56
2008-11-03,73.52
2008-11-04,74.68
2008-11-05,71.74
2008-11-06,73.43
2008-11-07,73.23
2008-11-10,73.23
2008-11-11,75.05
2008-11-12,76.18
2008-11-13,78.02
2008-11-14,77.87
2008-11-17,79.43
2008-11-18,76.49
2008-11-19,79.33
2008-11-20,83.06
2008-11-21,82.77
2008-11-24,77.81
2008-11-25,79.48
2008-11-26,78.77
2008-11-27,78.75
2008-11-28,79.42
2008-12-01,82.95
2008-12-02,81.66
2008-12-03,79.87
2008-12-04,80.82
2008-12-05,79.38
2008-12-08,77.35
2008-12-09,78.88
2008-12-10,79.16
2008-12-11,79.28
2008-12-12,79.84
2008-12-15,78.51
2008-12-16,76.41
2008-12-17,76.13
2008-12-18,77.68
2008-12-19,76.98
2008-12-22,78.23
2008-12-23,81.97
2008-12-24,81.7
2008-12-25,81.99
2008-12-26,81.24
2008-12-29,80.76
2008-12-30,79.72
2008-12-31,77.44
2009-01-01,77.21
2009-01-02,75.66
2009-01-05,76.33
2009-01-06,75.25
2009-01-07,76.35
2009-01-08,77.1
2009-01-09,75.79
2009-01-12,77.0
2009-01-13,76.39
2009-01-14,76.65
2009-01-15,77.08
2009-01-16,74.81
2009-01-19,74.77
2009-01-20,76.68
2009-01-21,75.33
2009-01-22,75.11
2009-01-23,75.1
2009-01-26,74.84
2009-01-27,74.32
2009-01-28,73.9
2009-01-29,73.46
2009-01-30,73.23
2009-02-02,72.85
2009-02-03,72.38
2009-02-04,72.29
2009-02-05,71.12
2009-02-06,69.47
2009-02-09,69.67
2009-02-10,69.59
2009-02-11,69.4
2009-02-12,69.97
2009-02-13,68.79
2009-02-16,69.14
2009-02-17,68.67
2009-02-18,68.54
2009-02-19,69.42
2009-02-20,68.76
2009-02-23,68.78
2009-02-24,70.06
2009-02-25,69.57
2009-02-26,72.06
2009-02-27,71.83
2009-03-02,71.57
2009-03-03,71.47
2009-03-04,70.05
2009-03-05,70.37
2009-03-06,70.21
2009-03-09,70.92
2009-03-10,71.11
2009-03-11,70.99
2009-03-12,71.33
2009-03-13,70.33
2009-03-16,71.4
2009-03-17,71.85
2009-03-18,72.85
2009-03-19,70.63
2009-03-20,69.25
2009-03-23,68.58
2009-03-24,68.79
2009-03-25,69.24
2009-03-26,69.14
2009-03-27,69.25
2009-03-30,70.23
2009-03-31,70.87
2009-04-01,71.01
2009-04-02,69.7
2009-04-03,69.94
2009-04-06,71.57
2009-04-07,71.82
2009-04-08,71.7
2009-04-09,71.2
2009-04-10,71.27
2009-04-13,70.16
2009-04-14,69.75
2009-04-15,69.67
2009-04-16,71.54
2009-04-17,73.13
2009-04-20,73.16
2009-04-21,73.41
2009-04-22,72.34
2009-04-23,70.76
2009-04-24,70.9
2009-04-27,70.22
2009-04-28,71.58
2009-04-29,70.38
2009-04-30,71.8
2009-05-01,70.81
2009-05-04,69.18
2009-05-05,67.25
2009-05-06,66.37
2009-05-07,65.75
2009-05-08,65.43
2009-05-11,65.47
2009-05-12,64.84
2009-05-13,66.31
2009-05-14,65.9
2009-05-15,66.6
2009-05-18,66.73
2009-05-19,65.24
2009-05-20,65.69
2009-05-21,65.69
2009-05-22,65.21
2009-05-25,65.0
2009-05-26,65.16
2009-05-27,64.4
2009-05-28,63.33
2009-05-29,62.21
2009-06-01,62.52
2009-06-02,61.48
2009-06-03,62.74
2009-06-04,61.69
2009-06-05,62.52
2009-06-08,63.67
2009-06-09,62.65
2009-06-10,62.84
2009-06-11,61.94
2009-06-12,63.3
2009-06-15,65.98
2009-06-16,65.78
2009-06-17,65.47
2009-06-18,65.66
2009-06-19,65.64
2009-06-22,67.2
2009-06-23,66.85
2009-06-24,67.15
2009-06-25,66.95
2009-06-26,66.69
2009-06-29,67.62
2009-06-30,68.08
2009-07-01,68.37
2009-07-02,69.39
2009-07-03,69.57
2009-07-06,69.7
2009-07-07,70.42
2009-07-08,70.56
2009-07-09,70.89
2009-07-10,71.95
2009-07-13,71.62
2009-07-14,71.65
2009-07-15,70.72
2009-07-16,70.42
2009-07-17,69.81
2009-07-20,69.5
2009-07-21,70.0
2009-07-22,69.45
2009-07-23,69.13
2009-07-24,68.44
2009-07-27,67.94
2009-07-28,68.28
2009-07-29,69.87
2009-07-30,69.32
2009-07-31,68.53
2009-08-03,67.05
2009-08-04,66.05
2009-08-05,65.54
2009-08-06,66.16
2009-08-07,65.32
2009-08-10,65.81
2009-08-11,66.02
2009-08-12,65.14
2009-08-13,63.54
2009-08-14,64.44
2009-08-17,66.71
2009-08-18,67.04
2009-08-19,68.12
2009-08-20,67.53
2009-08-21,67.27
2009-08-24,66.49
2009-08-25,66.16
2009-08-26,65.94
2009-08-27,66.26
2009-08-28,64.83
2009-08-31,63.84
2009-09-01,63.67
2009-09-02,63.54
2009-09-03,61.53
2009-09-04,61.27
2009-09-07,60.95
2009-09-08,60.58
2009-09-09,60.77
2009-09-21,59.75
2009-09-28,61.38
2009-09-29,61.44
2009-09-30,60.51
2009-10-01,61.1
2009-10-02,62.19
2009-10-05,61.19
2009-10-06,60.09
2009-10-07,59.45
2009-10-08,59.36
2009-10-09,59.17
2009-10-12,59.64
2009-10-13,59.81
2009-10-14,59.41
2009-10-15,60.48
2009-10-16,60.36
2009-10-19,59.67
2009-10-20,60.29
2009-10-21,59.86
2009-10-22,60.01
2009-10-23,59.66
2009-10-26,60.84
2009-10-27,62.26
2009-10-28,63.69
2009-10-29,62.8
2009-10-30,63.91
2009-11-02,64.4
2009-11-03,63.04
2009-11-04,62.57
2009-11-05,62.65
2009-11-06,63.1
2009-11-09,62.78
2009-11-10,63.79
2009-11-11,63.52
2009-11-12,64.06
2009-11-13,64.25
2009-11-16,61.95
2009-11-17,61.99
2009-11-18,61.67
2009-11-19,61.78
2009-11-20,62.12
2009-11-23,62.67
2009-11-24,63.12
2009-11-25,63.27
2009-11-26,63.98
2009-11-27,64.39
2009-11-30,63.85
2009-12-01,62.67
2009-12-02,63.27
2009-12-03,64.22
2009-12-04,62.93
2009-12-07,63.7
2009-12-08,64.17
2009-12-09,64.93
2009-12-10,65.01
2009-12-11,64.92
2009-12-14,64.77
2009-12-15,64.62
2009-12-16,64.29
2009-12-17,64.09
2009-12-18,64.37
2009-12-21,64.23
2009-12-22,63.82
2009-12-23,63.59
2009-12-24,63.42
2009-12-28,63.24
2009-12-29,64.18
2009-12-30,65.04
2009-12-31,64.92
2010-01-04,63.81
2010-01-05,62.91
2010-01-06,62.56
2010-01-07,62.1
2010-01-08,61.51
2010-01-11,62.11
2010-01-12,61.86
2010-01-13,61.2
2010-01-14,61.29
2010-01-15,61.57
2010-01-18,60.92
2010-01-19,60.77
2010-01-20,62.21
2010-01-21,62.94
2010-01-22,64.34
2010-01-25,64.08
2010-01-26,65.56
2010-01-27,65.65
2010-01-28,66.86
2010-01-29,66.83
2010-02-01,66.34
2010-02-02,66.72
2010-02-03,67.82
2010-02-04,69.75
2010-02-05,70.43
2010-02-08,70.98
2010-02-09,69.9
2010-02-10,70.56
2010-02-11,70.03
2010-02-12,70.45
2010-02-15,70.83
2010-02-16,69.38
2010-02-17,69.77
2010-02-18,69.92
2010-02-19,68.68
2010-02-22,68.69
2010-02-23,69.79
2010-02-24,68.9
2010-02-25,68.87
2010-02-26,68.06
2010-03-01,68.01
2010-03-02,67.12
2010-03-03,66.31
2010-03-04,66.16
2010-03-05,65.38
2010-03-08,65.28
2010-03-09,65.1
2010-03-10,65.19
2010-03-11,64.68
2010-03-12,64.65
2010-03-15,64.85
2010-03-16,64.61
2010-03-17,64.27
2010-03-18,64.71
2010-03-19,65.08
2010-03-22,64.97
2010-03-23,64.91
2010-03-24,65.6
2010-03-25,65.64
2010-03-26,65.45
2010-03-29,64.02
2010-03-30,63.9
2010-03-31,63.66
2010-04-01,62.84
2010-04-02,63.9
2010-04-05,62.56
2010-04-06,63.25
2010-04-07,63.28
2010-04-08,63.59
2010-04-09,63.13
2010-04-12,63.39
2010-04-13,63.14
2010-04-14,62.68
2010-04-15,62.99
2010-04-16,64.05
2010-04-19,64.12
2010-04-20,64.01
2010-04-21,63.48
2010-04-22,63.55
2010-04-23,63.5
2010-04-26,63.14
2010-04-27,64.37
2010-04-28,64.5
2010-04-29,63.27
2010-04-30,63.3
2010-05-03,62.98
2010-05-04,65.64
2010-05-05,67.5
2010-05-06,68.33
2010-05-07,65.84
2010-05-10,65.02
2010-05-11,63.93
2010-05-12,63.56
2010-05-13,63.54
2010-05-14,63.87
2010-05-17,64.74
2010-05-18,64.47
2010-05-19,65.58
2010-05-20,66.97
2010-05-21,66.72
2010-05-24,66.56
2010-05-25,67.07
2010-05-26,67.04
2010-05-27,65.48
2010-05-28,65.99
2010-05-31,65.48
2010-06-01,66.53
2010-06-02,66.62
2010-06-03,67.1
2010-06-04,70.04
2010-06-07,68.32
2010-06-08,67.67
2010-06-09,67.99
2010-06-10,66.76
2010-06-11,67.38
2010-06-14,67.02
2010-06-15,66.52
2010-06-16,66.55
2010-06-17,66.53
2010-06-18,65.52
2010-06-21,65.89
2010-06-22,65.91
2010-06-23,66.81
2010-06-24,66.63
2010-06-25,65.82
2010-06-28,66.07
2010-06-29,67.12
2010-06-30,66.74
2010-07-01,67.46
2010-07-02,67.93
2010-07-05,68.09
2010-07-06,66.92
2010-07-07,66.73
2010-07-08,66.73
2010-07-09,66.9
2010-07-12,66.7
2010-07-13,66.42
2010-07-14,66.05
2010-07-15,65.88
2010-07-16,66.79
2010-07-19,67.24
2010-07-20,67.41
2010-07-21,67.14
2010-07-22,66.04
2010-07-23,65.64
2010-07-26,65.13
2010-07-27,65.77
2010-07-28,66.52
2010-07-29,66.34
2010-07-30,65.75
2010-08-02,64.42
2010-08-03,64.57
2010-08-04,65.4
2010-08-05,65.18
2010-08-06,65.27
2010-08-09,65.57
2010-08-10,65.72
2010-08-11,66.96
2010-08-12,67.24
2010-08-13,67.08
2010-08-16,66.65
2010-08-17,66.13
2010-08-18,66.95
2010-08-19,67.33
2010-08-20,68.36
2010-08-23,68.15
2010-08-24,67.01
2010-08-25,65.56
2010-08-26,65.37
2010-08-27,64.91
2010-08-30,65.09
2010-08-31,64.46
2010-09-01,64.3
2010-09-02,63.69
2010-09-03,62.86
2010-09-06,62.71
2010-09-07,63.47
2010-09-08,63.12
2010-09-09,63.19
2010-09-10,62.71
2010-09-13,62.12
2010-09-14,61.98
2010-09-15,61.64
2010-09-16,61.39
2010-09-17,61.52
2010-09-20,61.67
2010-09-21,61.42
2010-09-22,61.11
2010-09-23,61.21
2010-09-24,60.4
2010-09-27,60.39
2010-09-28,60.27
2010-09-29,59.78
2010-09-30,60.17
2010-10-01,59.71
2010-10-04,59.94
2010-10-05,58.75
2010-10-06,58.22
2010-10-07,59.24
2010-10-08,58.01
2010-10-11,58.15
2010-10-12,57.9
2010-10-13,57.22
2010-10-14,56.07
2010-10-15,56.34
2010-10-18,56.28
2010-10-19,57.06
2010-10-20,56.25
2010-10-21,57.16
2010-10-22,57.06
2010-10-25,56.68
2010-10-26,56.15
2010-10-27,56.2
2010-10-28,56.05
2010-10-29,54.97
2010-11-01,54.83
2010-11-02,54.47
2010-11-03,54.26
2010-11-04,52.94
2010-11-05,52.12
2010-11-08,50.83
2010-11-09,51.75
2010-11-10,51.52
2010-11-11,50.88
2010-11-12,52.48
2010-11-15,53.42
2010-11-16,52.63
2010-11-17,52.13
2010-11-18,50.22
2010-11-19,49.54
2010-11-22,49.06
2010-11-23,50.05
2010-11-24,49.83
2010-11-25,49.9
2010-11-26,51.11
2010-11-29,50.36
2010-11-30,49.36
2010-12-01,48.78
2010-12-02,48.57
2010-12-03,48.32
2010-12-06,47.2
2010-12-07,48.9
2010-12-08,48.68
2010-12-09,48.27
2010-12-10,48.45
2010-12-13,47.24
2010-12-14,47.39
2010-12-15,47.96
2010-12-16,47.44
2010-12-17,47.14
2010-12-20,47.23
2010-12-21,47.25
2010-12-22,47.44
2010-12-23,47.1
2010-12-24,47.46
2010-12-27,47.37
2010-12-28,46.47
2010-12-29,46.17
2010-12-30,46.19
2010-12-31,45.95
2011-01-03,46.11
2011-01-04,46.43
2011-01-05,47.15
2011-01-06,47.17
2011-01-07,47.66
2011-01-10,47.3
2011-01-11,46.83
2011-01-12,46.79
2011-01-13,47.93
2011-01-14,47.9
2011-01-18,47.44
2011-01-19,47.61
2011-01-20,49.0
2011-01-21,48.91
2011-01-24,49.56
2011-01-25,49.67
2011-01-26,48.74
2011-01-27,48.82
2011-01-28,47.84
2011-01-31,47.48
2011-02-01,47.0
2011-02-02,47.11
2011-02-03,46.83
2011-02-04,46.41
2011-02-07,45.99
2011-02-08,44.99
2011-02-09,45.14
2011-02-10,45.15
2011-02-11,45.35
2011-02-14,44.49
2011-02-15,44.63
2011-02-16,44.85
2011-02-17,43.59
2011-02-18,42.65
2011-02-21,41.5
2011-02-22,42.28
2011-02-23,42.08
2011-02-24,43.63
2011-02-25,42.28
2011-02-28,41.65
2011-03-01,41.35
2011-03-02,41.38
2011-03-03,41.4
2011-03-04,40.22
2011-03-07,39.91
2011-03-08,39.67
2011-03-09,39.63
2011-03-10,40.04
2011-03-11,39.52
2011-03-14,39.72
2011-03-15,40.78
2011-03-16,40.89
2011-03-17,41.0
2011-03-18,40.41
2011-03-21,39.55
2011-03-22,39.27
2011-03-23,38.49
2011-03-24,38.5
2011-03-25,38.34
2011-03-28,38.25
2011-03-29,38.27
2011-03-30,38.0
2011-03-31,38.03
2011-04-01,37.83
2011-04-04,37.17
2011-04-05,37.05
2011-04-06,36.9
2011-04-07,36.79
2011-04-08,36.11
2011-04-11,36.35
2011-04-12,36.24
2011-04-13,35.87
2011-04-14,34.98
2011-04-15,34.69
2011-04-18,34.45
2011-04-19,34.06
2011-04-20,33.21
2011-04-21,32.3
2011-04-22,31.89
2011-04-25,32.19
2011-04-26,33.13
2011-04-27,31.93
2011-04-28,31.72
2011-04-29,32.54
2011-05-02,35.32
2011-05-03,36.98
2011-05-04,38.53
2011-05-05,42.48
2011-05-06,42.27
2011-05-09,40.01
2011-05-10,39.39
2011-05-11,42.69
2011-05-12,43.42
2011-05-13,42.45
2011-05-16,44.41
2011-05-17,43.78
2011-05-18,42.66
2011-05-19,42.68
2011-05-20,43.21
2011-05-23,43.25
2011-05-24,41.67
2011-05-25,40.25
2011-05-26,40.76
2011-05-27,40.48
2011-05-30,40.38
2011-05-31,39.89
2011-06-01,41.9
2011-06-02,42.43
2011-06-03,42.57
2011-06-06,42.03
2011-06-07,41.59
2011-06-08,41.8
2011-06-09,41.15
2011-06-10,42.42
2011-06-13,43.59
2011-06-14,43.03
2011-06-15,42.78
2011-06-16,43.07
2011-06-17,42.95
2011-06-20,42.75
2011-06-21,42.54
2011-06-22,42.63
2011-06-23,43.1
2011-06-24,43.83
2011-06-27,44.67
2011-06-28,44.26
2011-06-29,43.37
2011-06-30,43.29
2011-07-01,43.95
2011-07-04,43.84
2011-07-05,42.75
2011-07-06,42.63
2011-07-07,42.08
2011-07-08,42.09
2011-07-11,43.44
2011-07-12,43.47
2011-07-13,41.51
2011-07-14,41.4
2011-07-15,40.67
2011-07-18,39.61
2011-07-19,40.68
2011-07-20,39.99
2011-07-21,40.39
2011-07-22,39.99
2011-07-25,40.04
2011-07-26,39.63
2011-07-27,40.07
2011-07-28,40.65
2011-07-29,40.76
2011-08-01,41.23
2011-08-02,40.72
2011-08-03,39.87
2011-08-04,42.34
2011-08-05,43.38
2011-08-08,44.08
2011-08-09,46.36
2011-08-10,45.66
2011-08-11,45.58
2011-08-12,44.68
2011-08-15,44.31
2011-08-16,44.78
2011-08-17,44.42
2011-08-18,44.93
2011-08-19,43.28
2011-08-22,43.39
2011-08-23,43.65
2011-08-24,44.3
2011-08-25,43.21
2011-08-26,44.03
2011-08-29,43.78
2011-08-30,44.44
2011-08-31,43.95
2011-09-01,43.93
2011-09-02,43.52
2011-09-05,44.3
2011-09-06,44.63
2011-09-07,43.74
2011-09-08,44.22
2011-09-09,44.6
2011-09-12,45.07
2011-09-13,44.76
2011-09-14,44.73
2011-09-15,44.92
2011-09-16,44.51
2011-09-19,44.88
2011-09-20,45.34
2011-09-21,44.95
2011-09-22,48.55
2011-09-23,53.41
2011-09-26,52.98
2011-09-27,51.77
2011-09-28,54.01
2011-09-29,52.81
2011-09-30,54.46
2011-10-03,54.57
2011-10-04,54.02
2011-10-05,53.97
2011-10-06,51.64
2011-10-07,52.62
2011-10-10,52.32
2011-10-11,51.88
2011-10-12,51.45
2011-10-13,52.35
2011-10-14,52.19
2011-10-17,52.58
2011-10-18,51.77
2011-10-19,52.68
2011-10-20,53.01
2011-10-21,52.38
2011-10-24,52.11
2011-10-25,51.26
2011-10-26,51.68
2011-10-27,49.72
2011-10-28,49.38
2011-10-31,50.03
2011-11-01,51.64
2011-11-02,50.76
2011-11-03,51.09
2011-11-04,51.39
2011-11-07,51.37
2011-11-08,51.06
2011-11-09,51.99
2011-11-10,51.66
2011-11-11,51.62
2011-11-14,52.02
2011-11-15,51.6
2011-11-16,52.27
2011-11-17,54.34
2011-11-18,53.33
2011-11-21,53.09
2011-11-22,51.97
2011-11-23,53.41
2011-11-24,53.26
2011-11-25,54.0
2011-11-28,53.39
2011-11-29,53.76
2011-11-30,53.26
2011-12-01,53.3
2011-12-02,53.63
2011-12-05,53.68
2011-12-06,52.8
2011-12-07,53.6
2011-12-08,53.91
2011-12-09,53.19
2011-12-12,53.28
2011-12-13,53.04
2011-12-14,54.51
2011-12-15,53.9
2011-12-16,53.81
2011-12-19,55.41
2011-12-20,54.69
2011-12-21,55.04
2011-12-22,55.23
2011-12-23,55.3
2011-12-27,55.63
2011-12-28,57.52
2011-12-29,55.78
2011-12-30,56.27
2012-01-03,54.06
2012-01-04,55.33
2012-01-05,55.35
2012-01-06,56.34
2012-01-09,55.58
2012-01-10,54.52
2012-01-11,54.84
2012-01-12,54.56
2012-01-13,55.18
2012-01-16,54.83
2012-01-17,54.97
2012-01-18,54.37
2012-01-19,54.19
2012-01-20,51.85
2012-01-23,51.92
2012-01-24,52.02
2012-01-25,51.62
2012-01-26,51.47
2012-01-27,51.32
2012-01-30,51.67
2012-01-31,52.45
2012-02-01,51.79
2012-02-02,51.33
2012-02-03,51.33
2012-02-06,51.17
2012-02-07,51.14
2012-02-08,51.07
2012-02-09,51.06
2012-02-10,51.34
2012-02-13,51.1
2012-02-14,51.27
2012-02-15,51.69
2012-02-16,51.64
2012-02-17,51.82
2012-02-20,51.8
2012-02-21,51.3
2012-02-22,51.84
2012-02-23,50.41
2012-02-24,50.09
2012-02-27,49.98
2012-02-28,48.36
2012-02-29,48.95
2012-03-01,48.46
2012-03-02,49.25
2012-03-05,50.25
2012-03-06,50.84
2012-03-07,50.43
2012-03-08,50.21
2012-03-09,50.0
2012-03-12,50.57
2012-03-13,50.11
2012-03-14,51.13
2012-03-15,51.08
2012-03-16,51.03
2012-03-19,50.54
2012-03-20,51.37
2012-03-21,51.35
2012-03-22,52.16
2012-03-23,51.6
2012-03-26,51.51
2012-03-27,51.59
2012-03-28,51.92
2012-03-29,51.55
2012-03-30,51.74
2012-04-02,50.9
2012-04-03,50.44
2012-04-04,51.67
2012-04-05,51.48
2012-04-06,51.62
2012-04-09,52.03
2012-04-10,52.24
2012-04-11,52.54
2012-04-12,51.81
2012-04-13,52.63
2012-04-16,52.47
2012-04-17,52.1
2012-04-18,51.95
2012-04-19,51.74
2012-04-20,51.85
2012-04-23,53.13
2012-04-24,53.28
2012-04-25,53.55
2012-04-26,53.34
2012-04-27,53.2
2012-04-30,53.69
2012-05-01,53.7
2012-05-02,53.97
2012-05-03,54.41
2012-05-04,54.1
2012-05-07,54.53
2012-05-08,54.56
2012-05-09,54.45
2012-05-10,54.88
2012-05-11,54.66
2012-05-14,55.33
2012-05-15,55.73
2012-05-16,56.61
2012-05-17,56.17
2012-05-18,55.46
2012-05-21,55.99
2012-05-22,55.69
2012-05-23,56.18
2012-05-24,55.1
2012-05-25,55.18
2012-05-28,55.41
2012-05-29,55.85
2012-05-30,56.05
2012-05-31,56.36
2012-06-01,56.95
2012-06-04,57.34
2012-06-05,56.71
2012-06-06,55.03
2012-06-07,55.61
2012-06-08,55.94
2012-06-11,55.92
2012-06-12,55.6
2012-06-13,56.14
2012-06-14,56.7
2012-06-15,56.75
2012-06-18,56.74
2012-06-19,56.96
2012-06-20,57.11
2012-06-21,58.25
2012-06-22,58.42
2012-06-25,57.61
2012-06-26,58.05
2012-06-27,58.49
2012-06-28,58.94
2012-06-29,58.11
2012-07-02,58.13
2012-07-03,57.24
2012-07-04,57.44
2012-07-05,58.0
2012-07-06,58.47
2012-07-09,58.1
2012-07-10,58.49
2012-07-11,58.14
2012-07-12,57.91
2012-07-13,58.19
2012-07-16,58.58
2012-07-17,58.01
2012-07-18,57.92
2012-07-19,58.06
2012-07-20,58.02
2012-07-23,58.39
2012-07-24,58.69
2012-07-25,58.72
2012-07-26,58.7
2012-07-27,58.49
2012-07-30,57.6
2012-07-31,57.7
2012-08-01,58.33
2012-08-02,58.63
2012-08-03,57.69
2012-08-06,57.8
2012-08-07,57.35
2012-08-08,57.53
2012-08-09,57.46
2012-08-10,57.65
2012-08-13,57.88
2012-08-14,57.51
2012-08-15,57.61
2012-08-16,57.28
2012-08-17,57.58
2012-08-20,56.32
2012-08-21,55.89
2012-08-22,55.49
2012-08-23,54.66
2012-08-24,54.28
2012-08-27,54.2
2012-08-28,54.01
2012-08-29,53.9
2012-08-30,54.42
2012-08-31,53.36
2012-09-03,52.73
2012-09-04,52.47
2012-09-05,52.52
2012-09-06,52.12
2012-09-07,51.56
2012-09-10,51.77
2012-09-11,51.74
2012-09-12,52.08
2012-09-13,51.01
2012-09-14,51.1
2012-09-17,51.51
2012-09-18,50.91
2012-09-19,51.18
2012-09-20,51.03
2012-09-21,51.36
2012-09-24,51.93
2012-09-25,52.15
2012-09-26,51.67
2012-09-27,51.33
2012-09-28,51.39
2012-10-01,51.28
2012-10-02,51.28
2012-10-03,51.41
2012-10-04,51.18
2012-10-05,51.59
2012-10-08,52.24
2012-10-09,52.07
2012-10-10,51.89
2012-10-11,52.0
2012-10-12,52.42
2012-10-15,53.11
2012-10-16,53.04
2012-10-17,52.7
2012-10-18,53.13
2012-10-19,53.69
2012-10-22,53.32
2012-10-23,53.93
2012-10-24,53.61
2012-10-25,53.29
2012-10-26,53.34
2012-10-29,53.79
2012-10-30,53.8
2012-10-31,53.38
2012-11-01,53.11
2012-11-02,54.27
2012-11-05,54.06
2012-11-06,53.65
2012-11-07,53.99
2012-11-08,53.58
2012-11-09,53.1
2012-11-12,53.33
2012-11-13,53.1
2012-11-14,52.88
2012-11-15,52.64
2012-11-16,53.05
2012-11-19,52.32
2012-11-20,52.09
2012-11-21,51.85
2012-11-22,51.91
2012-11-23,51.24
2012-11-26,51.22
2012-11-27,51.2
2012-11-28,50.99
2012-11-29,50.4
2012-11-30,51.3
2012-12-03,51.02
2012-12-04,51.55
2012-12-05,51.54
2012-12-06,51.49
2012-12-07,51.54
2012-12-10,51.52
2012-12-11,51.86
2012-12-12,51.16
2012-12-13,52.18
2012-12-14,52.56
2012-12-17,52.63
2012-12-18,52.86
2012-12-19,53.74
2012-12-20,55.07
2012-12-21,55.27
2012-12-24,55.45
2012-12-26,55.34
2012-12-27,55.18
2012-12-28,55.18
2012-12-31,55.46
2013-01-01,55.4
2013-01-02,54.36
2013-01-03,55.16
2013-01-04,54.81
2013-01-07,54.61
2013-01-08,54.64
2013-01-09,54.63
2013-01-10,54.31
2013-01-11,54.62
2013-01-14,53.76
2013-01-15,53.54
2013-01-16,53.39
2013-01-17,53.18
2013-01-18,52.88
2013-01-21,52.84
2013-01-22,52.52
2013-01-23,52.3
2013-01-24,52.73
2013-01-25,53.19
2013-01-28,53.65
2013-01-29,53.02
2013-01-30,52.35
2013-01-31,52.9
2013-02-01,52.39
2013-02-04,52.73
2013-02-05,52.57
2013-02-06,52.7
2013-02-07,53.1
2013-02-08,53.08
2013-02-11,53.31
2013-02-12,53.11
2013-02-13,53.41
2013-02-14,53.81
2013-02-15,54.07
2013-02-18,53.78
2013-02-19,54.5
2013-02-20,54.83
2013-02-21,55.03
2013-02-22,55.07
2013-02-25,54.98
2013-02-26,54.92
2013-02-27,55.11
2013-02-28,55.42
2013-03-01,55.17
2013-03-04,55.14
2013-03-05,54.94
2013-03-06,54.55
2013-03-07,54.69
2013-03-08,54.51
2013-03-11,54.63
2013-03-12,54.69
2013-03-13,54.96
2013-03-14,55.24
2013-03-15,55.37
2013-03-18,55.62
2013-03-19,55.84
2013-03-20,55.8
2013-03-21,55.39
2013-03-22,56.01
2013-03-25,55.67
2013-03-26,55.67
2013-03-27,56.01
2013-03-28,56.37
2013-04-01,57.11
2013-04-02,57.81
2013-04-03,57.74
2013-04-04,57.72
2013-04-05,57.89
2013-04-08,57.66
2013-04-09,56.66
2013-04-10,56.44
2013-04-11,56.49
2013-04-12,57.03
2013-04-15,59.22
2013-04-16,58.47
2013-04-17,59.05
2013-04-18,59.85
2013-04-19,60.42
2013-04-22,60.87
2013-04-23,61.58
2013-04-24,61.77
2013-04-25,60.22
2013-04-26,60.95
2013-04-29,60.16
2013-04-30,60.71
2013-05-01,61.73
2013-05-02,61.58
2013-05-03,61.03
2013-05-06,61.24
2013-05-07,60.7
2013-05-08,61.54
2013-05-09,61.45
2013-05-10,60.7
2013-05-13,60.47
2013-05-14,60.9
2013-05-15,61.68
2013-05-16,61.12
2013-05-17,61.19
2013-05-20,60.86
2013-05-21,61.36
2013-05-22,61.32
2013-05-23,61.59
2013-05-24,61.87
2013-05-27,61.58
2013-05-28,61.89
2013-05-29,62.0
2013-05-30,62.11
2013-05-31,62.34
2013-06-03,62.15
2013-06-04,62.12
2013-06-05,62.28
2013-06-06,62.47
2013-06-07,63.89
2013-06-10,63.29
2013-06-11,63.65
2013-06-12,63.81
2013-06-13,63.39
2013-06-14,63.02
2013-06-17,63.37
2013-06-18,63.17
2013-06-19,63.17
2013-06-20,65.26
2013-06-21,64.52
2013-06-24,65.21
2013-06-25,65.12
2013-06-26,66.16
2013-06-27,64.99
2013-06-28,62.78
2013-07-01,63.87
2013-07-02,64.13
2013-07-03,63.34
2013-07-04,63.93
2013-07-05,64.7
2013-07-08,64.82
2013-07-09,64.9
2013-07-10,65.14
2013-07-11,63.9
2013-07-12,64.53
2013-07-15,64.36
2013-07-16,64.59
2013-07-17,66.05
2013-07-18,66.27
2013-07-19,66.48
2013-07-22,65.07
2013-07-23,65.69
2013-07-24,65.56
2013-07-25,65.94
2013-07-26,66.69
2013-07-29,66.94
2013-07-30,67.26
2013-07-31,66.81
2013-08-01,66.83
2013-08-02,65.99
2013-08-05,66.12
2013-08-06,65.77
2013-08-07,65.77
2013-08-08,64.83
2013-08-09,64.26
2013-08-12,62.59
2013-08-13,61.62
2013-08-14,61.12
2013-08-15,59.41
2013-08-16,59.32
2013-08-19,59.03
2013-08-20,59.62
2013-08-21,59.78
2013-08-22,59.56
2013-08-23,58.12
2013-08-26,57.82
2013-08-27,57.86
2013-08-28,58.27
2013-08-29,59.01
2013-08-30,59.39
2013-09-02,57.7
2013-09-03,58.19
2013-09-04,59.22
2013-09-05,59.05
2013-09-06,58.36
2013-09-09,58.55
2013-09-10,59.4
2013-09-11,58.91
2013-09-12,60.7
2013-09-13,59.74
2013-09-16,60.2
2013-09-17,60.34
2013-09-18,59.46
2013-09-19,59.28
2013-09-20,60.94
2013-09-23,61.13
2013-09-24,61.03
2013-09-25,61.26
2013-09-26,61.02
2013-09-27,61.44
2013-09-30,61.31
2013-10-01,60.92
2013-10-02,60.62
2013-10-03,60.82
2013-10-04,60.38
2013-10-07,59.22
2013-10-08,59.2
2013-10-09,59.74
2013-10-10,59.44
2013-10-11,59.66
2013-10-14,59.9
2013-10-15,60.08
2013-10-16,60.0
2013-10-17,60.37
2013-10-18,60.11
2013-10-21,59.27
2013-10-22,59.09
2013-10-23,59.17
2013-10-24,59.37
2013-10-25,59.97
2013-10-28,60.16
2013-10-29,59.78
2013-10-30,59.19
2013-10-31,60.43
2013-11-01,60.24
2013-11-04,60.73
2013-11-05,60.5
2013-11-06,60.46
2013-11-07,60.41
2013-11-08,59.95
2013-11-11,60.11
2013-11-12,61.23
2013-11-13,62.2
2013-11-14,61.98
2013-11-15,62.08
2013-11-18,62.53
2013-11-19,62.68
2013-11-20,62.69
2013-11-21,62.31
2013-11-22,62.63
2013-11-25,61.86
2013-11-26,62.65
2013-11-27,63.02
2013-11-28,63.06
2013-11-29,62.76
2013-12-02,63.7
2013-12-03,64.04
2013-12-04,63.16
2013-12-05,63.25
2013-12-06,63.09
2013-12-09,62.51
2013-12-10,61.9
2013-12-11,61.73
2013-12-12,62.91
2013-12-13,62.9
2013-12-16,62.15
2013-12-17,61.89
2013-12-18,61.7
2013-12-19,61.74
2013-12-20,62.07
2013-12-23,61.68
2013-12-24,61.82
2013-12-25,61.82
2013-12-26,61.28
2013-12-27,60.52
2013-12-30,61.18
2013-12-31,61.96
2014-01-01,61.96
2014-01-02,61.24
2014-01-03,61.41
2014-01-06,61.42
2014-01-07,62.05
2014-01-08,62.79
2014-01-09,62.78
2014-01-10,62.01
2014-01-13,61.52
2014-01-14,61.56
2014-01-15,61.58
2014-01-16,61.85
2014-01-17,61.91
2014-01-20,61.72
2014-01-21,62.43
2014-01-22,62.55
2014-01-23,63.16
2014-01-24,63.81
2014-01-27,63.9
2014-01-28,64.19
2014-01-29,64.23
2014-01-30,65.01
2014-01-31,65.0
2014-02-03,65.09
2014-02-04,64.43
2014-02-05,63.31
2014-02-06,63.06
2014-02-07,63.37
2014-02-10,63.56
2014-02-11,63.86
2014-02-12,63.86
2014-02-13,63.59
2014-02-14,61.41
2014-02-17,61.49
2014-02-18,60.32
2014-02-19,60.96
2014-02-20,60.67
2014-02-21,60.66
2014-02-24,60.87
2014-02-25,61.36
2014-02-26,62.69
2014-02-27,62.64
2014-02-28,62.56
2014-03-03,63.1
2014-03-04,63.05
2014-03-05,63.19
2014-03-06,62.94
2014-03-07,63.87
2014-03-10,64.42
2014-03-11,64.76
2014-03-12,64.25
2014-03-13,64.77
2014-03-14,64.55
2014-03-17,64.58
2014-03-18,65.13
2014-03-19,64.55
2014-03-20,65.55
2014-03-21,65.73
2014-03-24,65.65
2014-03-25,65.67
2014-03-26,66.03
2014-03-27,65.58
2014-03-28,65.4
2014-03-31,64.99
2014-04-01,64.74
2014-04-02,64.63
2014-04-03,64.89
2014-04-04,65.39
2014-04-07,65.32
2014-04-08,65.33
2014-04-09,66.01
2014-04-10,65.85
2014-04-11,66.05
2014-04-14,66.49
2014-04-15,66.49
2014-04-16,66.29
2014-04-17,66.02
2014-04-18,66.26
2014-04-21,66.41
2014-04-22,66.14
2014-04-23,66.03
2014-04-24,65.86
2014-04-25,66.12
2014-04-28,66.28
2014-04-29,66.62
2014-04-30,67.32
2014-05-01,67.54
2014-05-02,66.75
2014-05-05,66.85
2014-05-06,66.87
2014-05-07,66.82
2014-05-08,67.25
2014-05-09,67.34
2014-05-12,66.38
2014-05-13,66.27
2014-05-14,66.07
2014-05-15,66.52
2014-05-16,66.84
2014-05-19,66.87
2014-05-20,66.73
2014-05-21,66.64
2014-05-22,66.4
2014-05-23,66.5
2014-05-26,66.54
2014-05-27,66.38
2014-05-28,66.23
2014-05-29,66.03
2014-05-30,66.45
2014-06-02,66.34
2014-06-03,66.25
2014-06-04,66.18
2014-06-05,65.86
2014-06-06,65.93
2014-06-09,65.76
2014-06-10,65.7
2014-06-11,65.74
2014-06-12,65.24
2014-06-13,64.95
2014-06-16,64.73
2014-06-17,64.45
2014-06-18,64.27
2014-06-19,63.44
2014-06-20,63.08
2014-06-23,63.16
2014-06-24,63.06
2014-06-25,62.79
2014-06-26,62.46
2014-06-27,62.87
2014-06-30,63.15
2014-07-01,63.14
2014-07-02,62.75
2014-07-03,62.5
2014-07-04,62.53
2014-07-07,62.76
2014-07-08,62.76
2014-07-09,62.91
2014-07-10,62.47
2014-07-11,62.48
2014-07-14,62.53
2014-07-15,62.64
2014-07-16,62.64
2014-07-17,62.45
2014-07-18,62.87
2014-07-21,62.78
2014-07-22,62.41
2014-07-23,62.43
2014-07-24,63.54
2014-07-25,63.12
2014-07-28,63.45
2014-07-29,63.2
2014-07-30,63.24
2014-07-31,62.94
2014-08-01,63.67
2014-08-04,63.95
2014-08-05,65.22
2014-08-06,65.22
2014-08-07,65.83
2014-08-08,65.71
2014-08-11,65.42
2014-08-12,65.71
2014-08-13,66.27
2014-08-14,66.07
2014-08-15,66.7
2014-08-18,66.14
2014-08-19,66.73
2014-08-20,66.36
2014-08-21,65.71
2014-08-22,66.02
2014-08-25,66.01
2014-08-26,66.23
2014-08-27,65.99
2014-08-28,66.16
2014-08-29,66.16
2014-09-01,66.58
2014-09-02,66.07
2014-09-03,66.23
2014-09-04,66.29
2014-09-05,66.19
2014-09-08,66.05
2014-09-09,65.95
2014-09-10,65.95
2014-09-11,66.4
2014-09-12,66.03
2014-09-15,66.09
2014-09-16,66.11
2014-09-17,66.02
2014-09-18,66.17
2014-09-19,68.27
2014-09-22,68.5
2014-09-23,68.78
2014-09-24,68.85
2014-09-25,69.73
2014-09-26,69.09
2014-09-29,69.56
2014-09-30,71.23
2014-10-01,70.75
2014-10-02,71.05
2014-10-03,70.83
2014-10-06,69.73
2014-10-07,70.48
2014-10-08,70.32
2014-10-09,70.56
2014-10-10,70.41
2014-10-13,70.77
2014-10-14,70.92
2014-10-15,71.16
2014-10-16,71.36
2014-10-17,71.74
2014-10-20,71.59
2014-10-21,71.37
2014-10-22,72.42
2014-10-23,71.72
2014-10-24,71.63
2014-10-27,71.7
2014-10-28,71.46
2014-10-29,70.98
2014-10-30,72.75
2014-10-31,72.75
2014-11-03,72.27
2014-11-04,72.94
2014-11-05,74.39
2014-11-06,74.12
2014-11-07,74.69
2014-11-10,73.87
2014-11-11,74.13
2014-11-12,74.22
2014-11-13,74.35
2014-11-14,72.99
2014-11-17,73.55
2014-11-18,73.96
2014-11-19,73.34
2014-11-20,73.44
2014-11-21,73.16
2014-11-24,73.17
2014-11-25,72.06
2014-11-26,72.64
2014-11-27,73.43
2014-11-28,75.59
2014-12-01,72.03
2014-12-02,71.32
2014-12-03,73.79
2014-12-04,73.34
2014-12-05,73.25
2014-12-08,73.66
2014-12-09,72.13
2014-12-10,71.92
2014-12-11,71.89
2014-12-12,71.9
2014-12-15,73.9
2014-12-16,76.23
2014-12-17,75.68
2014-12-18,75.52
2014-12-19,74.48
2014-12-22,75.18
2014-12-23,74.75
2014-12-24,74.62
2014-12-25,74.62
2014-12-26,74.47
2014-12-29,75.02
2014-12-30,74.0
2014-12-31,76.59
2015-01-01,75.88
2015-01-02,74.0
2015-01-05,74.49
2015-01-06,73.72
2015-01-07,73.36
2015-01-08,73.99
2015-01-09,74.1
2015-01-12,74.5
2015-01-13,72.29
2015-01-14,73.02
2015-01-15,74.66
2015-01-16,72.28
2015-01-19,72.04
2015-01-20,72.07
2015-01-21,71.39
2015-01-22,71.11
2015-01-23,70.96
2015-01-26,71.39
2015-01-27,71.66
2015-01-28,71.44
2015-01-29,74.26
2015-01-30,74.52
2015-02-02,74.14
2015-02-03,72.98
2015-02-04,73.09
2015-02-05,73.35
2015-02-06,73.86
2015-02-09,72.92
2015-02-10,72.94
2015-02-11,72.6
2015-02-12,72.57
2015-02-13,70.94
2015-02-16,71.34
2015-02-17,73.27
2015-02-18,73.6
2015-02-19,73.7
2015-02-20,74.11
2015-02-23,73.66
2015-02-25,72.85
2015-02-26,73.19
2015-02-27,73.22
2015-03-02,73.68
2015-03-03,74.03
2015-03-04,73.98
2015-03-05,74.04
2015-03-06,72.18
2015-03-09,74.1
2015-03-10,74.22
2015-03-11,74.6
2015-03-12,74.09
2015-03-13,74.08
2015-03-16,73.78
2015-03-17,74.03
2015-03-18,73.24
2015-03-19,72.64
2015-03-20,70.7
2015-03-23,70.03
2015-03-24,70.33
2015-03-25,70.49
2015-03-26,70.44
2015-03-27,70.76
2015-03-30,70.95
2015-03-31,71.09
2015-04-01,71.0
2015-04-02,71.69
2015-04-03,71.72
2015-04-06,71.66
2015-04-07,71.83
2015-04-08,72.82
2015-04-09,73.86
2015-04-10,73.34
2015-04-13,73.75
2015-04-14,73.75
2015-04-15,73.68
2015-04-16,73.56
2015-04-17,74.07
2015-04-20,74.88
2015-04-21,75.11
2015-04-22,75.17
2015-04-23,75.18
2015-04-24,75.01
2015-04-27,73.38
2015-04-28,72.98
2015-04-29,72.84
2015-04-30,73.41
2015-05-01,73.0
2015-05-04,72.49
2015-05-05,72.16
2015-05-06,72.24
2015-05-07,72.57
2015-05-08,72.25
2015-05-11,72.62
2015-05-12,72.26
2015-05-13,71.0
2015-05-14,69.96
2015-05-15,69.98
2015-05-18,69.27
2015-05-19,70.63
2015-05-20,70.71
2015-05-21,70.33
2015-05-22,70.49
2015-05-25,70.59
2015-05-26,70.92
2015-05-27,71.18
2015-05-28,71.19
2015-05-29,71.1
2015-06-01,71.0
2015-06-02,71.17
2015-06-03,71.77
2015-06-04,72.89
2015-06-05,72.76
2015-06-08,73.46
2015-06-09,73.73
2015-06-10,74.03
2015-06-11,73.74
2015-06-12,74.02
2015-06-15,73.81
2015-06-16,73.78
2015-06-17,73.46
2015-06-18,74.34
2015-06-19,74.59
2015-06-22,73.15
2015-06-23,74.35
2015-06-24,73.91
2015-06-25,73.99
2015-06-26,74.43
2015-06-29,74.93
2015-06-30,74.79
2015-07-01,75.1
2015-07-02,74.39
2015-07-03,74.53
2015-07-06,74.34
2015-07-07,76.75
2015-07-08,76.62
2015-07-09,75.26
2015-07-10,74.78
2015-07-13,74.74
2015-07-14,75.18
2015-07-15,76.12
2015-07-16,76.35
2015-07-17,76.32
2015-07-20,74.66
2015-07-21,74.24
2015-07-22,73.97
2015-07-23,74.29
2015-07-24,74.88
2015-07-27,75.21
2015-07-28,74.66
2015-07-29,74.06
2015-07-30,73.85
2015-07-31,74.18
2015-08-03,74.83
2015-08-04,74.55
2015-08-05,74.31
2015-08-06,74.31
2015-08-07,73.92
2015-08-10,72.42
2015-08-11,72.23
2015-08-12,72.37
2015-08-13,72.32
2015-08-14,73.16
2015-08-17,72.95
2015-08-18,75.14
2015-08-19,74.1
2015-08-20,74.14
2015-08-21,75.89
2015-08-24,78.29
2015-08-25,77.76
2015-08-26,79.6
2015-08-27,77.88
2015-08-28,77.83
2015-08-31,77.66
2015-09-01,78.13
2015-09-02,77.39
2015-09-03,76.65
2015-09-04,77.08
2015-09-07,77.3
2015-09-08,75.96
2015-09-09,75.85
2015-09-10,75.74
2015-09-11,76.03
2015-09-14,76.86
2015-09-15,76.74
2015-09-16,75.18
2015-09-17,74.88
2015-09-18,75.17
2015-09-21,74.68
2015-09-22,76.17
2015-09-23,76.47
2015-09-24,76.31
2015-09-25,75.97
2015-09-28,77.66
2015-09-29,77.08
2015-09-30,76.93
2015-10-01,76.68
2015-10-02,74.81
2015-10-05,72.67
2015-10-06,72.32
2015-10-07,71.42
2015-10-08,72.64
2015-10-09,73.06
2015-10-12,73.58
2015-10-13,73.5
2015-10-14,73.52
2015-10-15,73.39
2015-10-16,73.36
2015-10-19,73.95
2015-10-20,74.03
2015-10-21,74.43
2015-10-22,73.71
2015-10-23,73.64
2015-10-26,73.45
2015-10-27,73.53
2015-10-28,72.57
2015-10-29,73.55
2015-10-30,73.47
2015-11-02,73.58
2015-11-03,73.24
2015-11-04,73.57
2015-11-05,73.77
2015-11-06,73.77
2015-11-09,75.05
2015-11-10,75.59
2015-11-11,75.9
2015-11-12,75.94
2015-11-13,76.09
2015-11-16,76.11
2015-11-17,75.54
2015-11-18,75.62
2015-11-19,75.94
2015-11-20,76.08
2015-11-23,75.73
2015-11-24,75.85
2015-11-25,75.6
2015-11-26,75.17
2015-11-27,75.21
2015-11-30,75.67
2015-12-01,75.44
2015-12-02,75.31
2015-12-03,75.39
2015-12-04,74.79
2015-12-07,75.27
2015-12-08,76.02
2015-12-09,75.83
2015-12-10,75.99
2015-12-11,77.27
2015-12-14,77.59
2015-12-15,77.13
2015-12-16,75.79
2015-12-17,76.77
2015-12-18,75.74
2015-12-21,75.73
2015-12-22,75.32
2015-12-23,74.94
2015-12-24,74.99
2015-12-25,74.99
2015-12-28,76.79
2015-12-29,76.7
2015-12-30,76.52
2015-12-31,76.52
2016-01-01,76.52
2016-01-04,77.52
2016-01-05,77.16
2016-01-06,78.19
2016-01-07,77.67
2016-01-08,79.29
2016-01-11,79.01
2016-01-12,78.95
2016-01-13,77.32
2016-01-14,77.98
2016-01-15,78.33
2016-01-18,78.21
2016-01-19,77.65
2016-01-20,77.83
2016-01-21,78.3
2016-01-22,78.34
2016-01-29,78.4
2016-02-01,78.7
2016-02-02,78.97
2016-02-03,77.89
2016-02-04,77.73
2016-02-05,78.33
2016-02-08,77.71
2016-02-09,78.08
2016-02-10,78.47
2016-02-11,79.21
2016-02-12,78.77
2016-02-15,79.0
2016-02-16,78.86
2016-02-17,79.06
2016-02-18,80.06
2016-02-19,80.05
2016-02-22,79.67
2016-02-23,80.2
2016-02-24,80.65
2016-02-25,81.49
2016-02-26,83.19
2016-02-29,83.1
2016-03-01,83.14
2016-03-02,82.92
2016-03-03,83.17
2016-03-04,81.33
2016-03-07,81.05
2016-03-08,82.25
2016-03-09,81.97
2016-03-10,81.57
2016-03-11,80.77
2016-03-14,80.48
2016-03-15,80.76
2016-03-16,80.9
2016-03-17,79.08
2016-03-18,79.46
2016-03-21,78.59
2016-03-22,78.65
2016-03-23,80.05
2016-03-24,80.15
2016-03-25,80.21
2016-03-28,80.15
2016-03-29,80.87
2016-03-30,80.49
2016-03-31,79.86
2016-04-01,81.29
2016-04-04,81.53
2016-04-05,81.3
2016-04-06,81.28
2016-04-07,81.56
2016-04-08,80.74
2016-04-11,78.95
2016-04-12,77.61
2016-04-13,76.62
2016-04-14,76.07
2016-04-15,76.08
2016-04-18,75.95
2016-04-19,73.88
2016-04-20,73.39
2016-04-21,73.4
2016-04-22,72.77
2016-04-25,72.87
2016-04-26,72.46
2016-04-27,72.31
2016-04-28,72.17
2016-04-29,72.53
2016-05-02,73.66
2016-05-03,73.84
2016-05-04,73.67
2016-05-05,73.7
2016-05-06,73.7
2016-05-09,74.36
2016-05-10,73.99
2016-05-11,73.34
2016-05-12,74.43
2016-05-13,74.46
2016-05-16,74.32
2016-05-17,74.2
2016-05-18,74.48
2016-05-19,76.13
2016-05-20,75.78
2016-05-23,76.28
2016-05-24,75.71
2016-05-25,75.09
2016-05-26,74.76
2016-05-27,74.73
2016-05-30,75.42
2016-05-31,75.97
2016-06-01,76.04
2016-06-02,75.78
2016-06-03,75.86
2016-06-06,75.59
2016-06-07,75.87
2016-06-08,74.13
2016-06-09,73.46
2016-06-10,73.52
2016-06-13,73.63
2016-06-14,74.01
2016-06-15,73.83
2016-06-16,74.44
2016-06-17,74.28
2016-06-20,73.79
2016-06-21,73.41
2016-06-22,73.46
2016-06-23,72.62
2016-06-24,74.17
2016-06-27,74.82
2016-06-28,73.87
2016-06-29,72.15
2016-06-30,70.64
2016-07-01,68.02
2016-07-04,66.54
2016-07-05,68.06
2016-07-06,67.91
2016-07-07,69.27
2016-07-08,67.45
2016-07-11,66.86
2016-07-12,66.24
2016-07-13,65.99
2016-07-14,65.76
2016-07-15,66.27
2016-07-18,66.28
2016-07-19,66.93
2016-07-20,67.87
2016-07-21,67.29
2016-07-22,67.39
2016-07-25,67.26
2016-07-26,67.24
2016-07-27,65.9
2016-07-28,66.24
2016-07-29,66.48
2016-08-01,66.2
2016-08-02,66.14
2016-08-03,66.54
2016-08-04,66.89
2016-08-05,67.74
2016-08-08,67.65
2016-08-09,67.5
2016-08-10,66.79
2016-08-11,67.07
2016-08-12,67.81
2016-08-15,67.61
2016-08-16,68.05
2016-08-17,68.47
2016-08-18,68.49
2016-08-19,69.52
2016-08-22,70.81
2016-08-23,71.01
2016-08-24,71.43
2016-08-25,71.29
2016-08-26,70.87
2016-08-29,70.13
2016-08-30,70.42
2016-08-31,70.21
2016-09-01,69.54
2016-09-02,68.18
2016-09-05,68.12
2016-09-06,67.31
2016-09-07,67.99
2016-09-08,68.2
2016-09-09,69.8
2016-09-12,69.51
2016-09-13,69.93
2016-09-14,69.75
2016-09-15,69.3
2016-09-16,69.79
2016-09-19,68.54
2016-09-20,68.36
2016-09-21,67.26
2016-09-22,67.28
2016-09-23,68.09
2016-09-26,68.55
2016-09-27,69.73
2016-09-28,69.34
2016-09-29,69.14
2016-09-30,68.16
2016-10-03,69.26
2016-10-04,70.22
2016-10-05,71.82
2016-10-06,72.33
2016-10-07,73.07
2016-10-10,71.25
2016-10-11,71.63
2016-10-12,71.83
2016-10-13,72.06
2016-10-14,72.05
2016-10-17,72.09
2016-10-18,71.48
2016-10-19,71.89
2016-10-20,72.3
2016-10-21,72.42
2016-10-24,71.8
2016-10-25,71.64
2016-10-26,71.76
2016-10-27,71.98
2016-10-28,71.74
2016-10-31,71.49
2016-11-01,70.04
2016-11-02,69.89
2016-11-03,71.1
2016-11-04,70.91
2016-11-07,70.62
2016-11-08,69.28
2016-11-09,68.94
2016-11-10,68.25
2016-11-11,69.36
2016-11-14,72.53
2016-11-15,71.69
2016-11-16,72.62
2016-11-17,72.27
2016-11-18,73.28
2016-11-21,73.22
2016-11-22,72.74
2016-11-23,72.8
2016-11-24,72.53
2016-11-25,71.69
2016-11-28,71.43
2016-11-29,71.62
2016-11-30,70.98
2016-12-01,71.0
2016-12-02,70.47
2016-12-05,69.73
2016-12-06,69.8
2016-12-07,68.79
2016-12-08,68.77
2016-12-09,68.68
2016-12-12,67.96
2016-12-13,68.68
2016-12-14,68.01
2016-12-15,70.21
2016-12-16,70.65
2016-12-19,71.13
2016-12-20,71.65
2016-12-21,71.05
2016-12-22,71.15
2016-12-23,71.9
2016-12-27,71.74
2016-12-28,71.22
2016-12-29,71.52
2016-12-30,72.01
2017-01-03,70.72
2017-01-04,70.97
2017-01-05,70.84
2017-01-06,71.32
2017-01-09,71.12
2017-01-10,70.59
2017-01-11,71.19
2017-01-12,71.21
2017-01-13,71.36
2017-01-16,71.5
2017-01-17,70.92
2017-01-18,70.35
2017-01-19,71.02
2017-01-20,70.65
2017-01-23,70.93
2017-01-24,70.69
2017-01-25,70.92
2017-01-26,70.85
2017-01-27,70.22
2017-01-30,69.74
2017-02-01,68.98
2017-02-02,69.35
2017-02-03,69.69
2017-02-06,69.68
2017-02-07,69.44
2017-02-08,69.84
2017-02-09,69.86
2017-02-10,68.79
2017-02-13,68.5
2017-02-14,68.67
2017-02-15,68.55
2017-02-16,68.6
2017-02-17,68.76
2017-02-20,68.64
2017-02-21,68.56
2017-02-22,68.67
2017-02-23,68.85
2017-02-24,68.5
2017-02-27,68.43
2017-02-28,68.23
2017-03-01,67.68
2017-03-02,67.7
2017-03-03,69.13
2017-03-06,69.0
2017-03-07,69.34
2017-03-08,69.85
2017-03-09,70.27
2017-03-10,71.03
2017-03-13,70.89
2017-03-14,70.92
2017-03-15,71.24
2017-03-16,70.91
2017-03-17,70.94
2017-03-20,70.87
2017-03-21,70.94
2017-03-22,71.13
2017-03-23,70.84
2017-03-24,70.46
2017-03-27,69.58
2017-03-28,69.08
2017-03-29,68.88
2017-03-30,68.21
2017-03-31,68.56
2017-04-03,68.78
2017-04-05,68.95
2017-04-06,68.67
2017-04-07,68.16
2017-04-10,70.05
2017-04-11,69.89
2017-04-12,68.48
2017-04-13,68.92
2017-04-14,69.36
2017-04-17,69.69
2017-04-18,70.75
2017-04-19,70.52
2017-04-20,71.44
2017-04-21,71.89
2017-04-24,71.32
2017-04-25,71.61
2017-04-26,72.48
2017-04-27,73.16
2017-04-28,73.6
2017-05-01,74.04
2017-05-02,74.53
2017-05-03,74.89
2017-05-04,75.46
2017-05-05,75.32
2017-05-08,75.51
2017-05-09,75.45
2017-05-10,75.25
2017-05-11,75.32
2017-05-12,74.77
2017-05-15,73.98
2017-05-16,73.88
2017-05-17,74.36
2017-05-18,75.16
2017-05-19,74.69
2017-05-22,73.44
2017-05-23,73.34
2017-05-24,73.29
2017-05-25,73.12
2017-05-26,73.14
2017-05-29,72.71
2017-05-30,72.65
2017-05-31,73.01
2017-06-01,73.48
2017-06-02,72.89
2017-06-05,72.87
2017-06-06,73.08
2017-06-07,73.17
2017-06-08,73.22
2017-06-09,73.61
2017-06-12,74.71
2017-06-13,75.18
2017-06-14,74.28
2017-06-15,74.86
2017-06-16,75.22
2017-06-19,75.36
2017-06-20,75.56
2017-06-21,75.8
2017-06-22,75.38
2017-06-23,75.17
2017-06-26,75.0
2017-06-27,75.11
2017-06-28,74.35
2017-06-29,74.69
2017-06-30,74.64
2017-07-03,75.71
2017-07-04,76.08
2017-07-05,76.53
2017-07-06,76.62
2017-07-07,78.35
2017-07-10,77.73
2017-07-11,77.12
2017-07-12,76.56
2017-07-13,77.3
2017-07-14,77.16
2017-07-17,76.55
2017-07-18,76.29
2017-07-19,76.14
2017-07-20,76.16
2017-07-21,76.1
2017-07-24,76.11
2017-07-25,75.85
2017-07-26,75.91
2017-07-27,75.69
2017-07-28,75.95
2017-07-31,75.34
2017-08-01,75.96
2017-08-02,76.07
2017-08-03,76.27
2017-08-04,77.11
2017-08-07,77.42
2017-08-08,76.56
2017-08-09,75.49
2017-08-10,75.24
2017-08-11,75.45
2017-08-14,75.08
2017-08-15,76.4
2017-08-16,75.12
2017-08-17,75.39
2017-08-18,75.65
2017-08-21,75.86
2017-08-22,75.68
2017-08-23,75.76
2017-08-24,75.88
2017-08-25,75.68
2017-08-28,75.25
2017-08-29,75.11
2017-08-30,75.16
2017-08-31,75.13
2017-09-01,74.83
2017-09-04,74.52
2017-09-05,74.55
2017-09-06,74.56
2017-09-07,74.67
2017-09-08,74.69
2017-09-11,74.57
2017-09-12,74.45
2017-09-13,74.65
2017-09-14,74.85
2017-09-15,74.93
2017-09-18,76.07
2017-09-19,75.77
2017-09-20,75.86
2017-09-21,76.02
2017-09-22,76.37
2017-09-25,76.57
2017-09-26,76.99
2017-09-27,76.44
2017-09-28,76.5
2017-09-29,76.62
2017-10-02,76.52
2017-10-03,76.54
2017-10-04,76.63
2017-10-05,76.41
2017-10-06,75.72
2017-10-09,75.86
2017-10-10,75.25
2017-10-11,75.33
2017-10-12,75.17
2017-10-13,75.05
2017-10-16,75.04
2017-10-17,75.6
2017-10-18,75.39
2017-10-19,74.78
2017-10-20,75.25
2017-10-23,75.25
2017-10-24,75.33
2017-10-25,75.45
2017-10-26,75.31
2017-10-27,75.97
2017-10-30,75.91
2017-10-31,76.14
2017-11-01,74.69
2017-11-02,74.7
2017-11-03,75.36
2017-11-06,74.96
2017-11-07,74.93
2017-11-08,74.9
2017-11-09,75.71
2017-11-10,75.29
2017-11-13,75.11
2017-11-14,75.19
2017-11-15,75.14
2017-11-16,75.0
2017-11-17,75.25
2017-11-20,75.59
2017-11-21,75.4
2017-11-22,75.39
2017-11-23,75.49
2017-11-24,75.61
2017-11-27,75.87
2017-11-28,76.75
2017-11-29,77.14
2017-11-30,78.14
2017-12-01,78.0
2017-12-04,78.38
2017-12-05,78.61
2017-12-06,79.25
2017-12-07,79.36
2017-12-08,79.07
2017-12-11,79.06
2017-12-12,79.07
2017-12-13,79.07
2017-12-14,78.97
2017-12-15,78.36
2017-12-18,78.27
2017-12-19,78.32
2017-12-20,78.11
2017-12-21,78.13
2017-12-22,77.91
2017-12-26,77.72
2017-12-27,77.05
2017-12-28,77.0
2017-12-29,76.9
2018-01-02,76.61
2018-01-03,76.62
2018-01-04,76.47
2018-01-05,76.6
2018-01-08,76.98
2018-01-09,77.39
2018-01-10,77.48
2018-01-11,77.9
2018-01-12,77.75
2018-01-15,77.3
2018-01-16,77.93
2018-01-17,78.19
2018-01-18,78.24
2018-01-19,78.45
2018-01-22,78.38
2018-01-23,78.98
2018-01-24,77.86
2018-01-25,77.54
2018-01-26,77.86
2018-01-29,78.02
2018-01-30,78.09
2018-01-31,77.75
2018-02-01,78.23
2018-02-02,79.44
2018-02-05,79.44
2018-02-06,79.8
2018-02-07,80.47
2018-02-08,80.39
2018-02-09,80.9
2018-02-12,80.23
2018-02-13,80.23
2018-02-14,80.32
2018-02-15,81.07
2018-02-16,80.71
2018-02-19,80.78
2018-02-20,80.68
2018-02-21,80.02
2018-02-22,79.96
2018-02-23,80.42
2018-02-26,80.32
2018-02-27,80.49
2018-02-28,80.17
2018-03-01,80.33
2018-03-02,80.23
2018-03-05,80.59
2018-03-06,79.5
2018-03-07,80.44
2018-03-08,80.22
2018-03-09,79.57
2018-03-12,79.98
2018-03-13,79.97
2018-03-14,80.13
2018-03-15,80.24
2018-03-16,80.76
2018-03-19,80.71
2018-03-20,81.12
2018-03-21,80.45
2018-03-22,81.13
2018-03-23,81.4
2018-03-26,81.05
2018-03-27,81.23
2018-03-28,81.63
2018-03-29,81.11
2018-04-02,80.71
2018-04-03,81.23
2018-04-04,81.96
2018-04-05,80.95
2018-04-06,81.3
2018-04-09,81.06
2018-04-10,80.7
2018-04-11,81.09
2018-04-12,81.02
2018-04-13,80.83
2018-04-16,80.65
2018-04-17,80.26
2018-04-18,78.48
2018-04-19,78.12
2018-04-20,77.88
2018-04-23,79.54
2018-04-24,79.54
2018-04-25,79.81
2018-04-26,79.93
2018-04-27,80.31
2018-04-30,80.53
2018-05-01,81.04
2018-05-02,79.71
2018-05-03,80.01
2018-05-04,79.8
2018-05-07,79.71
2018-05-08,79.92
2018-05-09,79.43
2018-05-10,78.96
2018-05-11,79.0
2018-05-14,79.29
2018-05-15,79.49
2018-05-16,79.12
2018-05-17,78.3
2018-05-18,78.68
2018-05-21,78.29
2018-05-22,77.97
2018-05-23,78.81
2018-05-24,78.48
2018-05-25,78.88
2018-05-28,78.89
2018-05-29,79.49
2018-05-30,78.83
2018-05-31,78.89
2018-06-01,78.77
2018-06-04,78.74
2018-06-05,78.68
2018-06-06,77.72
2018-06-07,77.03
2018-06-08,77.51
2018-06-11,76.94
2018-06-12,76.79
2018-06-13,76.54
2018-06-14,75.82
2018-06-15,77.13
2018-06-18,77.64
2018-06-19,77.96
2018-06-20,78.06
2018-06-21,77.74
2018-06-22,77.38
2018-06-25,77.62
2018-06-26,77.43
2018-06-27,77.6
2018-06-28,78.22
2018-06-29,77.67
2018-07-02,78.45
2018-07-03,78.42
2018-07-04,78.23
2018-07-05,78.42
2018-07-06,78.52
2018-07-09,78.3
2018-07-10,78.11
2018-07-11,78.77
2018-07-12,78.1
2018-07-13,78.42
2018-07-16,78.69
2018-07-17,78.68
2018-07-18,79.23
2018-07-19,79.65
2018-07-20,79.4
2018-07-23,79.56
2018-07-24,79.05
2018-07-25,79.06
2018-07-26,79.33
2018-07-27,79.03
2018-07-30,78.92
2018-07-31,78.65
2018-08-01,79.07
2018-08-02,78.93
2018-08-03,78.57
2018-08-06,78.9
2018-08-07,78.79
2018-08-08,78.77
2018-08-09,78.67
2018-08-10,79.14
2018-08-13,79.41
2018-08-14,79.49
2018-08-15,81.5
2018-08-16,79.82
2018-08-17,80.33
2018-08-20,80.87
2018-08-21,80.62
2018-08-22,81.12
2018-08-23,81.53
2018-08-24,81.34
2018-08-27,81.34
2018-08-28,81.34
2018-08-29,81.83
2018-08-30,82.42
2018-08-31,82.71
2018-09-03,82.77
2018-09-04,84.56
2018-09-05,84.28
2018-09-06,84.68
2018-09-07,84.28
2018-09-10,84.46
2018-09-11,84.82
2018-09-12,84.7
2018-09-13,84.61
2018-09-14,84.73
2018-09-17,84.71
2018-09-18,84.57
2018-09-19,84.4
2018-09-20,84.64
2018-09-21,83.55
2018-09-24,83.77
2018-09-25,82.87
2018-09-26,83.12
2018-09-27,83.12
2018-09-28,81.34
2018-10-01,82.24
2018-10-02,81.86
2018-10-03,81.63
2018-10-04,82.24
2018-10-05,82.27
2018-10-08,83.09
2018-10-09,82.62
2018-10-10,83.22
2018-10-11,83.62
2018-10-12,83.64
2018-10-15,83.48
2018-10-16,83.52
2018-10-17,83.57
2018-10-18,84.08
2018-10-19,83.94
2018-10-22,83.91
2018-10-23,83.63
2018-10-24,83.66
2018-10-25,84.11
2018-10-26,84.18
2018-10-29,84.24
2018-10-30,84.75
2018-10-31,84.99
2018-11-01,83.82
2018-11-02,83.22
2018-11-05,84.08
2018-11-06,84.44
2018-11-07,84.19
2018-11-08,84.73
2018-11-09,85.62
2018-11-12,85.75
2018-11-13,85.67
2018-11-14,85.47
2018-11-15,85.48
2018-11-16,84.99
2018-11-19,84.81
2018-11-20,85.43
2018-11-21,84.61
2018-11-22,84.76
2018-11-23,85.63
2018-11-26,85.69
2018-11-27,85.77
2018-11-28,85.64
2018-11-29,85.61
2018-11-30,86.51
2018-12-03,85.19
2018-12-04,84.93
2018-12-05,85.37
2018-12-06,85.93
2018-12-07,85.46
2018-12-10,85.67
2018-12-11,85.18
2018-12-12,84.51
2018-12-13,84.36
2018-12-14,84.93
2018-12-17,84.98
2018-12-18,85.13
2018-12-19,85.01
2018-12-20,85.35
2018-12-21,85.77
2018-12-24,85.9
2018-12-25,85.96
2018-12-26,84.69
2018-12-27,83.81
2018-12-28,83.55
2018-12-31,83.18
2019-01-01,82.72
2019-01-02,82.73
2019-01-03,82.53
2019-01-04,81.77
2019-01-07,82.12
2019-01-08,82.25
2019-01-09,82.29
2019-01-10,82.35
2019-01-11,82.51
2019-01-14,82.74
2019-01-15,82.75
2019-01-16,82.97
2019-01-17,83.39
2019-01-18,83.25
2019-01-21,83.76
2019-01-22,83.71
2019-01-23,83.77
2019-01-24,83.67
2019-01-25,82.93
2019-01-28,82.96
2019-01-29,82.7
2019-01-30,82.31
2019-01-31,81.95
2019-02-01,82.55
2019-02-04,82.67
2019-02-05,82.9
2019-02-06,83.31
2019-02-07,83.45
2019-02-08,83.43
2019-02-11,83.28
2019-02-12,83.5
2019-02-13,83.67
2019-02-14,84.19
2019-02-15,84.32
2019-02-18,83.93
2019-02-19,83.98
2019-02-20,83.57
2019-02-21,83.81
2019-02-22,83.53
2019-02-25,83.52
2019-02-26,83.63
2019-02-27,83.94
2019-02-28,84.03
2019-03-01,84.94
2019-03-04,85.29
2019-03-05,84.85
2019-03-06,85.35
2019-03-07,85.54
2019-03-08,84.63
2019-03-11,84.59
2019-03-12,84.4
2019-03-13,84.55
2019-03-14,85.29
2019-03-15,85.11
2019-03-18,84.99
