,name,pe,pe_ratio,pe_state,pe_min,pe_max,pe_median,pe_mean,pe_drop,pe_q10,pe_q20,pe_q40,pe_q50,pe_q60,pe_q80,pe_q90,pb,pb_ratio,pb_state,pb_min,pb_max,pb_median,pb_mean,pb_drop,pb_q10,pb_q20,pb_q40,pb_q50,pb_q60,pb_q80,pb_q90,dyr,dyr_ratio,dyr_state,dyr_min,dyr_max,dyr_median,dyr_mean,dyr_drop,dyr_q10,dyr_q20,dyr_q40,dyr_q50,dyr_q60,dyr_q80,dyr_q90,roe,roe_ratio,roe_state,roe_min,roe_max,roe_median,roe_mean,roe_drop,roe_q10,roe_q20,roe_q40,roe_q50,roe_q60,roe_q80,roe_q90,vlt,roi,stocks,sample,start,update,aid
801130,纺织服装I,25.44,38.52,偏低,17.84,63.14,28.65,30.6,-29.87,21.51,22.85,25.77,28.65,31.86,38.29,42.49,1.83,11.07,较低,1.5,6.23,2.59,2.72,-18.03,1.82,1.92,2.32,2.59,2.94,3.47,3.62,1.65,75.53,偏高,0.37,2.66,1.31,1.32,-77.58,0.77,0.9,1.1,1.31,1.46,1.7,1.9,13.9,95.59,极高,8.44,15.06,11.44,11.4,-39.28,9.64,10.14,11.35,11.44,11.79,12.35,12.7,17.29,-3.83,83,4463,2010-01-25,2020-01-22,10
801720,建筑装饰I,9.62,7.37,极低,8.85,33.6,16.55,16.06,-8.0,9.9,10.51,15.28,16.55,17.26,19.3,21.51,1.01,2.91,极低,0.91,3.89,1.79,1.79,-9.9,1.16,1.27,1.65,1.79,1.88,2.13,2.39,1.82,88.04,较高,0.54,11.78,1.15,1.3,-70.33,0.93,1.02,1.09,1.15,1.22,1.71,1.83,9.52,71.82,偏高,7.55,10.11,9.18,8.97,-20.69,7.79,7.98,9.09,9.18,9.22,9.59,9.71,15.22,-4.82,128,2509,2014-02-21,2020-01-22,10
801150,医药生物I,38.78,53.84,合理,23.49,74.37,38.38,39.18,-39.43,31.61,34.24,37.33,38.38,39.82,43.54,46.47,3.64,11.94,较低,2.56,8.35,4.3,4.52,-29.67,3.54,3.9,4.19,4.3,4.44,5.26,5.92,0.64,37.69,偏低,0.33,1.1,0.67,0.66,-48.44,0.49,0.55,0.64,0.67,0.69,0.75,0.79,10.65,99.01,极高,6.49,10.8,8.75,8.75,-39.06,7.79,8.24,8.64,8.75,8.93,9.35,9.7,17.34,6.47,321,4463,2010-01-25,2020-01-22,10
801110,家用电器I,17.35,58.71,合理,10.55,32.31,16.13,17.02,-39.19,12.44,13.45,15.24,16.13,17.52,20.1,22.21,3.41,76.0,偏高,1.77,4.85,3.02,2.94,-48.09,2.13,2.28,2.76,3.02,3.16,3.49,3.77,2.24,65.2,偏高,0.39,4.01,1.92,1.84,-82.59,0.74,1.03,1.71,1.92,2.15,2.51,2.7,5.09,18.12,较低,4.67,8.43,5.72,5.82,-8.25,4.83,5.1,5.41,5.72,5.94,6.56,6.71,19.01,14.57,59,2417,2010-01-25,2020-01-22,10
801080,电子I,49.66,50.97,合理,22.74,118.1,49.25,52.91,-54.21,32.27,36.72,45.43,49.25,54.44,69.37,75.55,4.01,74.39,偏高,2.04,6.94,3.51,3.55,-49.13,2.59,2.82,3.31,3.51,3.69,4.13,4.6,0.47,41.95,合理,0.18,1.21,0.51,0.55,-61.7,0.3,0.34,0.44,0.51,0.57,0.74,0.9,12.38,23.17,偏低,9.92,22.65,14.62,14.64,-19.87,10.84,12.06,13.74,14.62,15.34,16.45,18.14,27.27,12.84,257,2417,2010-01-25,2020-01-22,10
801760,传媒I,44.04,46.46,合理,19.49,141.84,45.84,47.85,-55.74,25.97,31.89,38.44,45.84,50.59,57.05,72.83,2.52,26.25,偏低,1.7,11.48,3.94,4.22,-32.54,2.08,2.25,3.32,3.94,4.75,5.43,6.94,0.64,71.81,偏高,0.13,1.03,0.44,0.51,-79.69,0.26,0.3,0.39,0.44,0.57,0.75,0.86,17.48,99.79,极高,9.53,17.48,11.43,11.75,-45.48,10.0,10.51,11.29,11.43,11.61,12.2,14.95,25.43,-9.04,168,1440,2014-02-21,2020-01-22,10
801740,国防军工I,61.25,16.39,较低,53.17,245.82,95.22,105.33,-13.19,57.95,63.35,76.35,95.22,108.95,143.91,167.47,2.53,28.06,偏低,1.86,8.38,3.21,3.38,-26.48,2.22,2.41,2.78,3.21,3.61,4.02,4.86,0.31,79.58,偏高,0.07,0.52,0.23,0.25,-77.42,0.18,0.19,0.21,0.23,0.26,0.31,0.33,24.21,7.92,极低,23.28,45.38,28.32,30.48,-3.84,24.44,26.47,27.96,28.32,29.27,35.31,37.65,18.34,-5.65,68,1440,2014-02-21,2020-01-22,10
801210,休闲服务I,32.49,16.47,较低,24.92,108.19,44.12,47.01,-23.3,30.37,33.71,41.43,44.12,49.23,58.12,64.73,3.48,26.44,偏低,2.47,8.2,3.8,3.97,-29.02,2.99,3.29,3.66,3.8,4.0,4.63,4.9,0.7,73.11,偏高,0.14,1.01,0.6,0.58,-80.0,0.38,0.42,0.53,0.6,0.65,0.73,0.79,9.34,13.07,较低,8.5,14.59,11.67,11.68,-8.99,9.25,10.3,11.34,11.67,12.57,13.09,13.41,22.92,6.23,33,2417,2010-01-25,2020-01-22,10
801040,钢铁I,9.44,13.24,较低,5.69,144.49,24.41,40.6,-39.72,7.56,13.48,22.06,24.41,30.77,71.26,116.51,0.9,15.85,较低,0.72,2.79,1.32,1.3,-20.0,0.81,0.92,1.16,1.32,1.42,1.64,1.77,4.32,95.82,极高,0.21,5.41,1.3,1.55,-95.14,0.35,0.67,0.99,1.3,1.55,2.24,3.0,10.49,23.83,偏低,5.77,99.57,24.98,30.15,-45.0,7.14,9.44,16.51,24.98,27.11,42.71,76.6,16.31,-5.28,32,2417,2010-01-25,2020-01-22,10
801170,交通运输I,16.92,37.19,偏低,12.1,43.29,18.44,20.02,-28.49,14.38,15.19,17.18,18.44,20.64,24.04,26.97,1.41,26.6,偏低,1.09,3.97,1.75,1.82,-22.7,1.28,1.35,1.52,1.75,1.87,2.22,2.57,1.61,59.62,合理,0.74,3.91,1.41,1.56,-54.04,0.96,1.2,1.33,1.41,1.61,2.07,2.29,12.0,72.73,偏高,6.85,13.35,11.25,11.14,-42.92,9.58,10.51,11.05,11.25,11.55,12.14,12.65,12.93,-3.26,116,2417,2010-01-25,2020-01-22,10
801230,综合I,33.61,33.76,偏低,20.71,120.55,45.24,48.68,-38.38,26.87,28.89,38.32,45.24,49.73,71.21,80.46,1.91,16.38,较低,1.12,7.75,3.03,3.21,-41.36,1.64,2.18,2.78,3.03,3.66,4.24,4.53,0.31,39.22,偏低,0.11,0.91,0.34,0.37,-64.52,0.22,0.25,0.31,0.34,0.37,0.47,0.59,17.6,64.21,偏高,8.38,21.81,16.15,15.42,-52.39,9.93,10.97,14.34,16.15,17.06,19.4,20.25,15.58,-2.39,35,2417,2010-01-25,2020-01-22,10
801020,采掘I,12.83,2.73,极低,11.87,88.01,18.51,26.39,-7.48,13.87,15.05,17.32,18.51,20.2,36.02,57.14,1.12,2.4,极低,1.03,4.61,1.72,2.03,-8.04,1.23,1.33,1.6,1.72,1.81,2.71,3.54,2.43,89.66,较高,0.22,4.1,1.74,1.64,-90.95,0.58,1.03,1.55,1.74,1.93,2.19,2.43,11.46,49.69,合理,4.63,49.27,11.46,14.65,-59.6,5.96,6.3,11.3,11.46,11.94,17.99,33.31,15.03,-7.69,66,2417,2010-01-25,2020-01-22,10
801790,非银金融I,15.72,26.74,偏低,10.8,38.08,17.39,18.72,-31.3,13.49,14.93,17.0,17.39,18.06,21.61,24.36,1.9,44.31,合理,1.43,4.18,1.92,2.06,-24.74,1.62,1.73,1.87,1.92,1.97,2.13,2.84,1.44,42.99,合理,0.41,2.65,1.48,1.49,-71.53,0.66,1.18,1.41,1.48,1.55,1.94,2.17,8.27,20.83,偏低,6.2,11.61,9.5,9.13,-25.03,6.54,8.26,9.13,9.5,9.75,10.32,10.43,21.21,-1.51,79,1440,2014-02-21,2020-01-22,10
801880,汽车I,20.5,55.14,合理,12.57,36.25,19.93,20.0,-38.68,14.7,16.34,18.15,19.93,20.96,23.38,24.73,1.68,22.15,偏低,1.35,4.45,2.34,2.25,-19.64,1.5,1.62,2.14,2.34,2.42,2.61,2.95,1.82,64.38,偏高,0.81,3.32,1.66,1.79,-55.49,1.23,1.41,1.58,1.66,1.76,2.21,2.68,12.2,97.71,极高,7.04,12.26,9.05,9.04,-42.3,7.37,8.17,8.92,9.05,9.15,9.66,10.7,15.64,-0.84,175,1440,2014-02-21,2020-01-22,10
801120,食品饮料I,31.74,64.09,偏高,16.55,43.86,29.39,28.95,-47.86,18.15,21.61,27.89,29.39,31.23,35.36,37.71,6.45,77.91,偏高,3.0,9.27,5.0,5.2,-53.49,3.57,3.86,4.45,5.0,5.56,6.53,7.26,1.3,34.42,偏低,0.43,2.66,1.46,1.42,-66.92,0.66,0.81,1.35,1.46,1.58,1.84,2.11,4.92,21.6,偏低,4.24,7.38,5.46,5.66,-13.82,4.55,4.89,5.27,5.46,5.79,6.7,6.9,19.22,22.45,95,2417,2010-01-25,2020-01-22,10
801730,电气设备I,35.15,32.36,偏低,20.32,99.99,42.14,41.21,-42.19,26.51,31.48,38.17,42.14,43.23,46.38,53.92,2.37,28.96,偏低,1.52,7.28,2.95,3.04,-35.86,1.93,2.1,2.77,2.95,3.27,3.62,4.39,0.7,58.19,合理,0.26,1.24,0.66,0.7,-62.86,0.52,0.58,0.64,0.66,0.7,0.82,0.96,14.83,88.19,较高,11.69,16.5,13.66,13.69,-21.17,12.63,12.9,13.53,13.66,13.76,14.62,14.92,18.67,-0.52,195,1440,2014-02-21,2020-01-22,10
801200,商业贸易I,14.88,1.86,极低,14.05,71.38,27.97,29.71,-5.58,17.37,19.47,22.38,27.97,32.16,40.57,45.76,1.44,5.3,极低,1.3,5.51,2.37,2.57,-9.72,1.53,1.89,2.14,2.37,2.55,3.46,4.09,1.46,92.01,极高,0.39,1.72,0.84,0.94,-73.29,0.53,0.63,0.75,0.84,1.0,1.3,1.43,10.33,38.6,偏低,7.22,20.64,10.93,11.76,-30.11,8.2,9.2,10.38,10.93,11.84,14.01,16.16,16.6,-4.87,96,2417,2010-01-25,2020-01-22,10
801030,化工I,22.47,27.55,偏低,13.01,76.55,27.49,30.24,-42.1,18.44,19.99,25.91,27.49,30.02,42.28,45.41,1.97,13.2,较低,1.53,5.3,2.52,2.59,-22.34,1.85,2.11,2.36,2.52,2.65,2.97,3.43,1.54,85.35,较高,0.33,2.17,0.91,1.0,-78.57,0.52,0.61,0.8,0.91,1.08,1.24,1.73,11.41,47.91,合理,6.78,16.83,11.68,11.51,-40.58,8.39,9.19,10.83,11.68,12.33,13.42,15.2,13.5,2.52,343,2417,2010-01-25,2020-01-22,10
801180,房地产I,9.61,7.49,极低,8.09,39.04,15.89,17.03,-15.82,10.1,11.28,14.42,15.89,17.44,22.22,24.46,1.39,10.8,较低,1.13,4.09,1.98,2.05,-18.71,1.37,1.59,1.88,1.98,2.15,2.46,2.71,2.79,90.36,极高,0.36,3.63,1.3,1.41,-87.1,0.62,0.81,1.07,1.3,1.4,1.91,2.74,6.91,0.12,极低,6.9,11.86,7.81,8.13,-0.14,7.07,7.25,7.69,7.81,8.09,9.26,9.7,19.17,-0.04,132,2417,2010-01-25,2020-01-22,10
801750,计算机I,65.39,77.64,偏高,37.34,159.7,56.72,61.88,-42.9,46.36,48.74,54.0,56.72,58.86,69.19,92.81,4.31,44.51,合理,2.47,15.76,4.48,5.23,-42.69,3.22,3.6,4.14,4.48,5.07,6.32,8.7,0.31,13.06,较低,0.18,0.69,0.39,0.4,-41.94,0.28,0.35,0.38,0.39,0.41,0.48,0.53,15.17,85.69,较高,9.15,16.57,11.37,12.47,-39.68,10.1,10.39,10.82,11.37,13.73,15.09,15.54,22.28,5.76,227,1440,2014-02-21,2020-01-22,10
801010,农林牧渔I,32.24,26.73,偏低,23.6,119.64,43.94,47.98,-26.8,27.33,30.81,39.2,43.94,51.17,65.19,73.01,3.6,51.84,合理,2.33,7.37,3.53,3.76,-35.28,2.73,2.95,3.35,3.53,3.85,4.56,5.12,1.3,87.01,较高,0.25,1.88,0.58,0.73,-80.77,0.33,0.38,0.52,0.58,0.74,1.08,1.39,8.96,8.27,极低,7.1,16.79,12.75,12.55,-20.76,9.02,10.04,12.02,12.75,13.96,15.1,15.99,25.09,6.79,85,2417,2010-01-25,2020-01-22,10
801140,轻工制造I,25.27,18.12,较低,14.23,113.29,36.66,39.54,-43.69,20.59,26.84,34.42,36.66,38.48,51.08,59.2,1.83,19.2,较低,1.45,6.39,2.52,2.6,-20.77,1.69,1.84,2.27,2.52,2.72,3.25,3.58,1.01,73.31,偏高,0.28,1.54,0.79,0.82,-72.28,0.47,0.55,0.74,0.79,0.87,1.09,1.2,13.81,39.06,偏低,9.65,24.63,14.75,15.08,-30.12,10.29,12.0,13.89,14.75,15.57,17.7,19.07,15.6,0.73,130,2417,2010-01-25,2020-01-22,10
801710,建筑材料I,12.76,18.47,较低,9.98,50.69,25.56,25.42,-21.79,11.44,13.04,18.97,25.56,29.75,38.02,40.78,1.88,27.92,偏低,1.5,4.09,2.19,2.21,-20.21,1.64,1.75,2.05,2.19,2.36,2.59,2.68,2.13,89.24,较高,0.5,3.37,1.1,1.24,-76.53,0.64,0.75,1.0,1.1,1.24,1.76,2.14,6.79,18.96,较低,6.19,17.77,10.34,11.14,-8.84,6.65,6.83,9.34,10.34,12.13,15.58,16.73,20.66,6.88,68,1440,2014-02-21,2020-01-22,10
801050,有色金属I,39.56,39.76,偏低,20.95,140.31,45.79,54.86,-47.04,28.43,32.66,39.77,45.79,52.72,81.59,101.61,2.15,12.66,较低,1.69,6.96,3.18,3.35,-21.4,2.06,2.33,2.96,3.18,3.32,4.08,5.12,0.63,62.89,偏高,0.18,1.34,0.5,0.6,-71.43,0.31,0.34,0.43,0.5,0.59,0.89,1.09,18.4,69.14,偏高,7.59,35.55,15.21,16.83,-58.75,8.49,10.22,14.06,15.21,16.71,22.7,28.32,24.79,-2.34,119,2417,2010-01-25,2020-01-22,10
801160,公用事业I,18.88,17.13,较低,13.78,40.4,23.38,23.76,-27.01,17.11,19.37,21.77,23.38,24.33,27.89,30.94,1.41,1.82,极低,1.35,4.54,2.11,2.16,-4.26,1.54,1.76,1.97,2.11,2.23,2.51,2.73,1.86,91.1,极高,0.59,2.35,1.53,1.49,-68.28,1.11,1.28,1.46,1.53,1.59,1.72,1.83,13.39,81.09,较高,7.86,14.86,11.87,11.22,-41.3,8.08,8.48,10.57,11.87,12.33,13.35,13.69,11.02,-6.94,166,2417,2010-01-25,2020-01-22,10
801770,通信I,39.98,27.36,偏低,29.15,95.06,45.95,48.13,-27.09,35.24,38.45,43.03,45.95,48.8,60.01,63.28,2.85,40.0,合理,1.95,6.6,3.11,3.19,-31.58,2.32,2.49,2.85,3.11,3.32,3.77,4.15,0.43,38.33,偏低,0.15,0.84,0.44,0.43,-65.12,0.31,0.35,0.43,0.44,0.46,0.49,0.51,14.03,34.72,偏低,12.61,20.57,14.5,15.22,-10.12,13.15,13.57,14.19,14.5,15.3,16.74,18.99,21.28,2.51,106,1440,2014-02-21,2020-01-22,10
801780,银行I,6.89,61.04,偏高,4.5,8.78,6.71,6.6,-34.69,4.86,6.28,6.59,6.71,6.86,7.21,7.49,0.8,9.17,极低,0.72,1.46,0.93,0.95,-10.0,0.8,0.84,0.9,0.93,0.95,1.04,1.16,3.34,27.01,偏低,2.31,5.91,3.6,3.69,-30.84,2.96,3.23,3.49,3.6,3.75,4.09,4.64,8.61,95.49,极高,5.11,8.99,7.33,7.02,-40.65,5.38,5.85,6.83,7.33,7.52,8.03,8.24,11.94,2.51,36,1440,2014-02-21,2020-01-22,10
801890,机械设备I,27.37,14.93,较低,23.47,136.07,47.29,50.82,-14.25,26.34,28.03,38.7,47.29,57.63,72.18,79.51,2.11,27.64,偏低,1.6,6.21,2.74,2.74,-24.17,1.91,2.0,2.4,2.74,2.89,3.18,3.74,0.91,68.26,偏高,0.26,1.32,0.65,0.72,-71.43,0.42,0.48,0.6,0.65,0.77,1.01,1.09,12.97,4.24,极低,12.78,24.86,17.27,17.81,-1.46,13.9,14.1,15.78,17.27,18.62,21.78,22.74,14.85,-3.53,352,1440,2014-02-21,2020-01-22,10
801130,纺织服装I,25.44,21.58,偏低,18.13,63.14,33.99,33.01,-28.73,22.36,25.18,31.56,33.99,35.18,38.88,41.52,1.83,13.74,较低,1.5,6.23,3.04,2.97,-18.03,1.77,2.04,2.64,3.04,3.35,3.6,4.11,1.65,78.86,偏高,0.42,2.66,1.15,1.33,-74.55,0.85,0.96,1.07,1.15,1.39,1.67,2.08,13.9,94.98,极高,9.63,14.23,11.33,11.39,-30.72,10.02,10.13,11.2,11.33,11.48,12.22,12.72,17.29,-3.83,83,2053,2015-01-23,2020-01-22,5
801720,建筑装饰I,9.62,3.17,极低,8.85,33.6,17.16,17.15,-8.0,10.44,12.35,16.49,17.16,18.22,19.91,22.1,1.01,3.56,极低,0.91,3.89,1.85,1.87,-9.9,1.13,1.35,1.77,1.85,1.93,2.17,2.53,1.82,94.35,极高,0.54,11.78,1.1,1.19,-70.33,0.9,1.0,1.06,1.1,1.15,1.38,1.7,9.52,65.56,偏高,7.86,10.11,9.21,9.23,-17.44,8.69,8.9,9.18,9.21,9.37,9.63,9.73,15.22,-4.82,128,2053,2015-01-23,2020-01-22,5
801150,医药生物I,38.78,43.59,合理,23.49,74.37,39.86,40.76,-39.43,32.53,36.09,38.48,39.86,40.98,44.75,49.89,3.64,17.19,较低,2.56,8.35,4.22,4.39,-29.67,3.31,3.88,4.11,4.22,4.33,4.76,5.67,0.64,43.45,合理,0.33,1.1,0.65,0.66,-48.44,0.52,0.56,0.62,0.65,0.68,0.75,0.83,10.65,97.86,极高,8.5,10.8,9.26,9.34,-20.19,8.71,8.88,9.09,9.26,9.39,9.71,9.92,17.34,6.47,321,2053,2015-01-23,2020-01-22,5
801110,家用电器I,17.35,50.0,合理,10.55,25.46,17.34,17.16,-39.19,13.26,15.24,16.43,17.34,17.97,19.62,20.41,3.41,66.83,偏高,2.19,4.85,3.2,3.25,-35.78,2.65,2.89,3.12,3.2,3.29,3.68,3.9,2.24,50.0,合理,0.62,3.39,2.23,2.18,-72.32,1.56,1.72,2.1,2.23,2.35,2.57,2.81,5.09,36.14,偏低,4.67,6.11,5.23,5.27,-8.25,4.77,4.83,5.12,5.23,5.27,5.62,5.87,19.01,14.57,59,1212,2015-01-23,2020-01-22,5
801080,电子I,49.66,54.54,合理,22.74,113.84,47.3,51.37,-54.21,29.94,33.12,40.88,47.3,58.28,70.08,74.65,4.01,75.0,偏高,2.09,6.94,3.6,3.6,-47.88,2.59,2.98,3.48,3.6,3.78,4.07,4.47,0.47,48.27,合理,0.18,1.02,0.47,0.52,-61.7,0.3,0.34,0.38,0.47,0.51,0.73,0.88,12.38,46.12,合理,9.92,19.16,12.51,13.95,-19.87,10.7,10.84,12.06,12.51,15.93,17.41,18.11,27.27,12.84,257,1212,2015-01-23,2020-01-22,5
801760,传媒I,44.04,55.12,合理,19.49,141.84,38.76,47.13,-55.74,24.54,31.09,37.14,38.76,46.8,58.8,74.8,2.52,31.19,偏低,1.7,11.48,3.37,4.04,-32.54,2.03,2.19,3.03,3.37,3.95,5.49,7.25,0.64,66.58,偏高,0.13,1.03,0.54,0.52,-79.69,0.25,0.29,0.34,0.54,0.6,0.78,0.87,17.48,99.75,极高,9.81,17.48,11.59,12.07,-43.88,10.58,10.83,11.43,11.59,11.67,12.35,15.1,25.43,-9.04,168,1212,2015-01-23,2020-01-22,5
801740,国防军工I,61.25,18.81,较低,53.17,245.82,98.51,109.02,-13.19,57.22,62.0,76.34,98.51,125.0,150.91,171.04,2.53,30.2,偏低,1.86,8.38,3.25,3.42,-26.48,2.16,2.36,2.77,3.25,3.62,4.11,4.99,0.31,83.75,较高,0.07,0.39,0.22,0.23,-77.42,0.17,0.19,0.21,0.22,0.24,0.3,0.32,24.21,9.41,极低,23.28,45.38,28.88,31.19,-3.84,24.32,26.93,28.27,28.88,30.36,37.01,38.88,18.34,-5.65,68,1212,2015-01-23,2020-01-22,5
801210,休闲服务I,32.49,17.82,较低,24.92,108.19,43.2,47.88,-23.3,29.9,33.09,40.71,43.2,49.39,61.1,72.11,3.48,16.17,较低,2.68,8.2,3.9,4.22,-22.99,3.25,3.54,3.79,3.9,4.35,4.82,5.56,0.7,69.8,偏高,0.14,1.01,0.63,0.56,-80.0,0.32,0.38,0.45,0.63,0.67,0.73,0.8,9.34,26.07,偏低,8.5,14.59,11.08,11.09,-8.99,9.12,9.25,10.95,11.08,11.49,12.95,13.23,22.92,6.23,33,1212,2015-01-23,2020-01-22,5
801040,钢铁I,9.44,26.4,偏低,5.69,143.8,23.91,49.23,-39.72,7.02,7.57,16.09,23.91,61.05,94.83,125.69,0.9,2.64,极低,0.83,2.79,1.45,1.46,-7.78,0.99,1.12,1.38,1.45,1.52,1.74,1.86,4.32,91.83,极高,0.21,5.41,0.89,1.57,-95.14,0.27,0.35,0.72,0.89,0.96,3.0,4.18,10.49,40.92,合理,5.77,99.57,14.81,32.07,-45.0,6.1,7.14,9.78,14.81,34.53,49.93,87.47,16.31,-5.28,32,1212,2015-01-23,2020-01-22,5
801170,交通运输I,16.92,12.79,较低,14.35,43.29,21.77,22.15,-15.19,16.61,17.61,20.64,21.77,23.09,24.76,27.81,1.41,10.81,较低,1.26,3.97,1.86,1.9,-10.64,1.39,1.47,1.81,1.86,1.9,2.05,2.6,1.61,75.5,偏高,0.74,2.13,1.32,1.37,-54.04,1.05,1.2,1.28,1.32,1.37,1.64,1.78,12.0,53.63,合理,9.98,13.35,11.91,11.76,-16.83,10.63,10.76,11.4,11.91,12.09,12.65,12.77,12.93,-3.26,116,1212,2015-01-23,2020-01-22,5
801230,综合I,33.61,28.55,偏低,23.11,120.55,51.88,55.47,-31.24,26.87,29.32,47.62,51.88,67.65,78.35,84.71,1.91,32.67,偏低,1.12,7.75,2.82,3.12,-41.36,1.45,1.64,2.36,2.82,3.84,4.39,5.03,0.31,48.6,合理,0.11,0.91,0.33,0.39,-64.52,0.2,0.22,0.26,0.33,0.44,0.59,0.71,17.6,39.93,偏低,13.79,21.81,18.13,18.23,-21.65,15.84,16.42,17.6,18.13,18.84,20.24,20.64,15.58,-2.39,35,1212,2015-01-23,2020-01-22,5
801020,采掘I,12.83,5.45,极低,11.87,88.01,26.43,34.41,-7.48,13.16,14.0,18.99,26.43,35.99,57.13,76.78,1.12,4.79,极低,1.03,3.04,1.59,1.56,-8.04,1.15,1.23,1.51,1.59,1.65,1.78,1.87,2.43,92.82,极高,0.32,4.1,1.75,1.53,-86.83,0.55,0.61,1.13,1.75,1.97,2.18,2.33,11.46,18.73,较低,11.18,49.27,14.86,21.01,-2.44,11.37,11.47,12.42,14.86,17.97,32.88,44.5,15.03,-7.69,66,1212,2015-01-23,2020-01-22,5
801790,非银金融I,15.72,31.77,偏低,10.8,38.08,17.24,18.44,-31.3,13.22,14.6,16.67,17.24,17.84,21.69,23.48,1.9,38.94,偏低,1.43,4.18,1.94,2.07,-24.74,1.61,1.78,1.9,1.94,1.98,2.13,2.63,1.44,33.91,偏低,0.41,2.65,1.53,1.55,-71.53,0.78,1.24,1.47,1.53,1.63,1.97,2.19,8.27,24.75,偏低,6.2,11.61,9.26,8.94,-25.03,6.44,7.52,8.93,9.26,9.55,10.29,10.39,21.21,-1.51,79,1212,2015-01-23,2020-01-22,5
801880,汽车I,20.5,46.7,合理,12.57,36.25,20.73,20.66,-38.68,14.97,16.66,19.83,20.73,21.88,23.62,25.76,1.68,26.32,偏低,1.35,4.45,2.36,2.26,-19.64,1.48,1.56,2.2,2.36,2.47,2.64,3.05,1.82,58.42,合理,0.81,3.32,1.72,1.84,-55.49,1.22,1.39,1.63,1.72,1.83,2.31,2.72,12.2,97.28,极高,7.32,12.26,9.14,9.33,-40.0,8.19,8.79,9.05,9.14,9.22,9.69,10.76,15.64,-0.84,175,1212,2015-01-23,2020-01-22,5
801120,食品饮料I,31.74,66.67,偏高,21.24,40.67,30.18,30.17,-33.08,25.34,26.98,29.23,30.18,31.27,32.84,34.78,6.45,90.51,极高,3.32,6.93,4.71,4.96,-48.53,3.8,4.11,4.46,4.71,5.15,5.92,6.43,1.3,14.03,较低,0.74,2.19,1.57,1.54,-43.08,1.24,1.33,1.51,1.57,1.63,1.73,1.84,4.92,5.86,极低,4.82,7.38,6.43,6.19,-2.03,4.96,5.32,6.04,6.43,6.7,6.9,7.05,19.22,22.45,95,1212,2015-01-23,2020-01-22,5
801730,电气设备I,35.15,37.38,偏低,20.32,99.99,42.05,41.22,-42.19,25.11,30.66,37.07,42.05,43.32,47.25,56.38,2.37,34.41,偏低,1.52,7.28,2.92,3.05,-35.86,1.83,2.05,2.56,2.92,3.35,3.72,4.58,0.7,59.98,合理,0.26,1.24,0.66,0.7,-62.86,0.5,0.57,0.64,0.66,0.69,0.83,1.02,14.83,87.21,较高,11.69,16.5,13.72,13.7,-21.17,12.54,12.78,13.53,13.72,13.79,14.67,14.96,18.67,-0.52,195,1212,2015-01-23,2020-01-22,5
801200,商业贸易I,14.88,3.71,极低,14.05,71.38,33.86,32.85,-5.58,15.98,17.42,29.24,33.86,36.41,45.14,50.04,1.44,10.56,较低,1.3,5.51,2.25,2.31,-9.72,1.43,1.53,2.06,2.25,2.49,2.75,3.35,1.46,88.37,较高,0.39,1.61,0.83,0.95,-73.29,0.64,0.67,0.79,0.83,0.87,1.34,1.46,10.33,2.72,极低,10.17,20.64,13.17,14.01,-1.55,10.95,11.49,12.91,13.17,14.0,16.16,19.28,16.6,-4.87,96,1212,2015-01-23,2020-01-22,5
801030,化工I,22.47,33.91,偏低,13.01,76.55,31.38,33.06,-42.1,16.79,18.99,27.11,31.38,39.72,45.3,50.04,1.97,25.5,偏低,1.53,5.3,2.62,2.57,-22.34,1.75,1.86,2.48,2.62,2.75,2.96,3.4,1.54,70.96,偏高,0.34,2.17,0.88,1.08,-77.92,0.59,0.62,0.74,0.88,0.96,1.73,1.88,11.41,43.32,合理,8.35,16.83,11.78,12.35,-26.82,8.96,9.69,11.02,11.78,13.4,15.19,15.62,13.5,2.52,343,1212,2015-01-23,2020-01-22,5
801180,房地产I,9.61,14.93,较低,8.09,33.64,16.43,16.83,-15.82,9.34,10.11,15.55,16.43,19.59,22.42,23.46,1.39,21.53,偏低,1.13,4.09,1.99,2.0,-18.71,1.3,1.37,1.89,1.99,2.19,2.39,2.79,2.79,80.94,较高,0.36,3.63,1.52,1.79,-87.1,1.02,1.15,1.34,1.52,1.72,2.74,2.96,6.91,0.25,极低,6.9,10.09,8.14,8.24,-0.14,7.11,7.25,7.98,8.14,8.22,9.47,9.72,19.17,-0.04,132,1212,2015-01-23,2020-01-22,5
801750,计算机I,65.39,74.67,偏高,37.34,159.7,57.36,63.28,-42.9,46.16,48.98,54.48,57.36,59.11,74.46,97.21,4.31,51.4,合理,2.47,15.76,4.25,5.25,-42.69,3.15,3.45,3.92,4.25,4.66,6.73,9.09,0.31,15.51,较低,0.18,0.6,0.38,0.38,-41.94,0.27,0.33,0.37,0.38,0.39,0.43,0.49,15.17,83.0,较高,9.15,16.57,13.32,12.82,-39.68,10.06,10.27,11.35,13.32,14.66,15.12,15.6,22.28,5.76,227,1212,2015-01-23,2020-01-22,5
801010,农林牧渔I,32.24,40.59,合理,23.6,119.64,35.16,45.38,-26.8,25.86,27.51,31.99,35.16,49.55,61.95,74.25,3.6,41.83,合理,2.33,7.37,3.77,3.79,-35.28,2.64,3.07,3.53,3.77,3.93,4.23,4.92,1.3,74.26,偏高,0.26,1.88,0.88,0.92,-80.0,0.36,0.42,0.74,0.88,1.08,1.39,1.55,8.96,16.5,较低,7.1,16.67,10.48,11.6,-20.76,7.64,9.02,10.24,10.48,12.52,14.95,15.95,25.09,6.79,85,1212,2015-01-23,2020-01-22,5
801140,轻工制造I,25.27,35.97,偏低,14.23,113.29,36.69,41.2,-43.69,18.23,20.59,27.43,36.69,49.6,57.59,72.47,1.83,24.09,偏低,1.45,6.39,2.98,2.87,-20.77,1.65,1.74,2.59,2.98,3.2,3.58,4.15,1.01,68.32,偏高,0.28,1.54,0.71,0.8,-72.28,0.45,0.51,0.58,0.71,0.76,1.17,1.35,13.81,53.22,合理,9.65,18.17,13.43,13.6,-30.12,10.12,10.3,12.06,13.43,14.51,17.38,17.7,15.6,0.73,130,1212,2015-01-23,2020-01-22,5
801710,建筑材料I,12.76,21.95,偏低,9.98,50.69,28.73,26.9,-21.79,11.3,12.19,24.61,28.73,32.54,39.09,41.25,1.88,21.53,偏低,1.5,4.09,2.32,2.28,-20.21,1.68,1.84,2.16,2.32,2.43,2.62,2.7,2.13,87.29,较高,0.5,3.37,1.04,1.25,-76.53,0.63,0.73,0.82,1.04,1.22,1.91,2.31,6.79,22.52,偏低,6.19,17.77,10.84,11.41,-8.84,6.63,6.76,9.82,10.84,12.83,15.97,16.99,20.66,6.88,68,1212,2015-01-23,2020-01-22,5
801050,有色金属I,39.56,35.89,偏低,20.95,140.31,56.8,62.82,-47.04,26.38,33.06,45.07,56.8,70.19,93.67,107.33,2.15,25.25,偏低,1.69,5.67,3.01,2.88,-21.4,1.9,2.06,2.8,3.01,3.16,3.4,3.6,0.63,69.47,偏高,0.18,1.25,0.41,0.55,-71.43,0.3,0.32,0.37,0.41,0.47,0.8,1.08,18.4,49.26,合理,11.99,35.55,18.41,20.89,-34.84,12.77,14.12,16.9,18.41,22.07,28.31,31.92,24.79,-2.34,119,1212,2015-01-23,2020-01-22,5
801160,公用事业I,18.88,5.28,极低,17.57,37.45,23.18,23.55,-6.94,19.45,20.06,21.71,23.18,23.98,26.97,28.54,1.41,3.63,极低,1.35,4.54,2.18,2.16,-4.26,1.44,1.54,2.05,2.18,2.26,2.37,2.99,1.86,88.94,较高,0.59,2.35,1.59,1.56,-68.28,1.28,1.41,1.54,1.59,1.63,1.76,1.86,13.39,74.17,偏高,8.03,14.03,12.3,11.42,-40.03,8.36,8.7,10.48,12.3,13.19,13.45,13.7,11.02,-6.94,166,1212,2015-01-23,2020-01-22,5
801770,通信I,39.98,20.63,偏低,31.31,95.06,48.36,50.0,-21.69,36.41,39.74,45.74,48.36,50.42,60.94,63.78,2.85,32.84,偏低,1.95,6.6,3.27,3.3,-31.58,2.36,2.6,3.08,3.27,3.46,3.85,4.29,0.43,45.46,合理,0.15,0.57,0.43,0.41,-65.12,0.31,0.33,0.41,0.43,0.45,0.48,0.5,14.03,33.83,偏低,12.61,20.57,14.5,15.31,-10.12,13.1,13.47,14.22,14.5,15.52,17.41,19.05,21.28,2.51,106,1212,2015-01-23,2020-01-22,5
801780,银行I,6.89,55.12,合理,5.56,8.78,6.81,6.89,-19.3,6.34,6.46,6.7,6.81,6.94,7.28,7.57,0.8,10.89,较低,0.72,1.46,0.93,0.95,-10.0,0.79,0.83,0.9,0.93,0.96,1.04,1.16,3.34,30.53,偏低,2.31,5.56,3.54,3.54,-30.84,2.95,3.16,3.45,3.54,3.65,3.9,4.08,8.61,94.64,极高,5.57,8.99,7.48,7.34,-35.31,6.02,6.47,7.33,7.48,7.71,8.07,8.39,11.94,2.51,36,1212,2015-01-23,2020-01-22,5
801890,机械设备I,27.37,17.08,较低,23.47,136.07,54.87,53.82,-14.25,25.77,27.73,46.63,54.87,61.06,74.71,82.47,2.11,27.97,偏低,1.6,6.21,2.85,2.81,-24.17,1.89,1.99,2.62,2.85,2.98,3.23,3.92,0.91,73.35,偏高,0.26,1.32,0.6,0.68,-71.43,0.41,0.46,0.56,0.6,0.66,0.98,1.03,12.97,5.03,极低,12.78,24.86,18.12,18.41,-1.46,13.9,14.1,17.24,18.12,20.65,22.02,22.82,14.85,-3.53,352,1212,2015-01-23,2020-01-22,5
801130,纺织服装I,25.44,40.75,合理,18.13,38.67,26.33,27.47,-28.73,20.86,22.61,25.33,26.33,28.19,32.35,35.09,1.83,25.94,偏低,1.5,3.4,2.22,2.28,-18.03,1.69,1.78,2.1,2.22,2.34,2.69,3.08,1.65,60.99,偏高,0.66,2.66,1.55,1.66,-60.0,1.19,1.37,1.48,1.55,1.63,2.05,2.29,13.9,90.71,极高,10.77,14.23,12.04,12.14,-22.52,11.27,11.34,11.71,12.04,12.14,12.54,13.87,17.29,-10.7,83,1087,2017-01-23,2020-01-22,3
801720,建筑装饰I,9.62,5.98,极低,8.85,21.9,15.53,14.83,-8.0,9.95,10.46,12.73,15.53,16.88,18.84,19.57,1.01,6.72,极低,0.91,2.25,1.6,1.56,-9.9,1.04,1.13,1.37,1.6,1.76,1.95,2.01,1.82,90.25,极高,0.58,11.78,1.16,1.34,-68.13,1.02,1.03,1.09,1.16,1.27,1.69,1.8,9.52,41.77,合理,8.97,10.11,9.55,9.51,-5.78,9.16,9.21,9.5,9.55,9.61,9.72,9.85,15.22,-8.0,128,1087,2017-01-23,2020-01-22,3
801150,医药生物I,38.78,71.48,偏高,23.49,42.74,37.37,36.18,-39.43,28.8,32.79,36.34,37.37,38.25,39.86,40.88,3.64,32.47,偏低,2.56,4.43,3.99,3.8,-29.67,3.1,3.33,3.92,3.99,4.04,4.19,4.26,0.64,24.84,偏低,0.52,1.1,0.69,0.72,-18.75,0.57,0.62,0.67,0.69,0.72,0.81,0.91,10.65,96.14,极高,8.5,10.8,9.5,9.53,-20.19,8.69,9.09,9.37,9.5,9.7,9.9,10.44,17.34,2.39,321,1087,2017-01-23,2020-01-22,3
801110,家用电器I,17.35,56.38,合理,10.55,22.99,16.67,16.78,-39.19,11.77,13.86,16.05,16.67,17.98,19.88,20.46,3.41,63.1,偏高,2.19,4.4,3.25,3.27,-35.78,2.46,2.94,3.18,3.25,3.36,3.72,3.92,2.24,66.67,偏高,1.03,3.39,2.09,2.05,-54.02,1.57,1.68,1.95,2.09,2.17,2.4,2.52,5.09,52.54,合理,4.67,5.95,5.07,5.12,-8.25,4.75,4.79,5.01,5.07,5.16,5.26,5.65,19.01,9.18,59,729,2017-01-23,2020-01-22,3
801080,电子I,49.66,90.67,极高,22.74,68.43,37.58,38.84,-54.21,25.44,30.51,34.84,37.58,39.38,46.61,49.12,4.01,88.61,较高,2.09,4.57,3.3,3.26,-47.88,2.35,2.66,3.08,3.3,3.49,3.84,4.03,0.47,14.68,较低,0.28,1.02,0.62,0.63,-40.43,0.35,0.48,0.53,0.62,0.66,0.86,0.91,12.38,76.68,偏高,9.92,18.33,10.98,11.87,-19.87,10.31,10.72,10.86,10.98,11.79,12.44,13.51,27.27,6.4,257,729,2017-01-23,2020-01-22,3
801760,传媒I,44.04,91.63,极高,19.49,47.48,34.1,33.17,-55.74,22.48,26.08,32.0,34.1,35.98,38.53,41.65,2.52,51.85,合理,1.7,4.0,2.4,2.65,-32.54,1.88,2.09,2.26,2.4,2.81,3.33,3.46,0.64,45.13,合理,0.25,1.03,0.67,0.68,-60.94,0.37,0.56,0.61,0.67,0.73,0.85,0.9,17.48,99.73,极高,11.12,17.48,11.67,12.73,-36.38,11.36,11.4,11.61,11.67,11.82,14.95,16.61,25.43,-9.25,168,729,2017-01-23,2020-01-22,3
801740,国防军工I,61.25,31.28,偏低,53.17,155.88,67.77,76.8,-13.19,55.91,58.02,63.86,67.77,73.57,95.17,103.78,2.53,50.21,合理,1.86,4.1,2.52,2.66,-26.48,2.05,2.22,2.42,2.52,2.65,3.19,3.32,0.31,80.11,较高,0.17,0.39,0.23,0.25,-45.16,0.18,0.19,0.21,0.23,0.26,0.3,0.33,24.21,15.64,较低,23.28,38.54,28.19,28.44,-3.84,23.5,26.29,27.9,28.19,28.63,30.38,32.18,18.34,-6.1,68,729,2017-01-23,2020-01-22,3
801210,休闲服务I,32.49,29.63,偏低,24.92,52.36,36.55,36.9,-23.3,27.44,30.5,33.79,36.55,39.28,42.81,45.41,3.48,26.89,偏低,2.68,4.55,3.68,3.63,-22.99,3.0,3.32,3.61,3.68,3.76,3.87,4.03,0.7,50.48,合理,0.25,1.01,0.69,0.69,-64.29,0.44,0.64,0.68,0.69,0.71,0.77,0.83,9.34,43.35,合理,8.5,12.61,9.8,10.11,-8.99,8.98,9.14,9.31,9.8,10.84,11.17,11.58,22.92,1.22,33,729,2017-01-23,2020-01-22,3
801040,钢铁I,9.44,43.9,合理,5.69,82.18,9.8,16.95,-39.72,6.38,7.16,9.1,9.8,12.21,22.55,26.63,0.9,4.39,极低,0.83,1.93,1.35,1.34,-7.78,0.92,1.01,1.22,1.35,1.44,1.7,1.76,4.32,87.11,较高,0.21,5.41,2.47,2.26,-95.14,0.34,0.9,1.16,2.47,2.81,3.98,4.4,10.49,68.04,偏高,5.77,48.98,7.96,11.52,-45.0,5.87,6.35,7.21,7.96,9.53,14.67,15.21,16.31,-5.15,32,729,2017-01-23,2020-01-22,3
801170,交通运输I,16.92,21.26,偏低,14.35,27.64,18.62,19.7,-15.19,16.11,16.76,18.13,18.62,20.48,23.48,24.15,1.41,17.97,较低,1.26,2.11,1.57,1.64,-10.64,1.35,1.41,1.5,1.57,1.75,1.9,1.95,1.61,59.95,合理,1.07,2.13,1.43,1.49,-33.54,1.23,1.25,1.31,1.43,1.6,1.74,1.82,12.0,36.49,偏低,10.47,13.35,12.12,11.99,-12.75,10.76,11.24,12.03,12.12,12.22,12.72,12.97,12.93,-3.55,116,729,2017-01-23,2020-01-22,3
801230,综合I,33.61,47.46,合理,23.11,81.29,34.85,39.93,-31.24,25.44,27.57,31.57,34.85,41.16,51.25,54.64,1.91,54.32,合理,1.12,3.93,1.82,2.1,-41.36,1.35,1.54,1.69,1.82,2.04,2.77,3.19,0.31,15.23,较低,0.21,0.91,0.52,0.51,-32.26,0.25,0.34,0.48,0.52,0.56,0.68,0.73,17.6,22.5,偏低,15.77,21.81,19.41,19.0,-10.4,16.77,17.55,18.46,19.41,19.65,20.53,20.76,15.58,-8.05,35,729,2017-01-23,2020-01-22,3
801020,采掘I,12.83,9.05,极低,11.87,81.55,15.73,21.92,-7.48,12.87,13.32,14.78,15.73,17.53,26.71,30.07,1.12,7.96,极低,1.03,1.9,1.32,1.4,-8.04,1.13,1.17,1.25,1.32,1.43,1.69,1.77,2.43,88.75,较高,0.32,4.1,2.08,1.91,-86.83,0.58,1.81,2.02,2.08,2.14,2.26,2.44,11.46,31.14,偏低,11.18,44.91,11.82,14.83,-2.44,11.32,11.38,11.53,11.82,12.04,15.62,17.94,15.03,-6.3,66,729,2017-01-23,2020-01-22,3
801790,非银金融I,15.72,19.75,较低,13.54,23.71,17.48,18.18,-13.87,14.93,15.72,17.04,17.48,18.25,21.05,22.18,1.9,52.26,合理,1.43,2.28,1.88,1.86,-24.74,1.57,1.64,1.83,1.88,1.92,2.05,2.12,1.44,9.88,极低,1.31,2.65,1.64,1.77,-9.03,1.44,1.47,1.55,1.64,1.79,2.16,2.27,8.27,3.16,极低,8.24,11.61,9.74,9.75,-0.36,8.75,9.23,9.57,9.74,10.08,10.37,10.45,21.21,4.59,79,729,2017-01-23,2020-01-22,3
801880,汽车I,20.5,74.35,偏高,12.57,23.7,18.11,18.22,-38.68,14.01,15.69,17.41,18.11,19.1,20.76,22.04,1.68,43.76,合理,1.35,2.61,1.76,1.9,-19.64,1.45,1.5,1.62,1.76,2.02,2.36,2.46,1.82,33.06,偏低,1.27,3.32,2.01,2.13,-30.22,1.56,1.72,1.86,2.01,2.2,2.68,2.87,12.2,95.61,极高,8.57,12.26,9.3,9.75,-29.75,8.87,8.99,9.18,9.3,9.65,10.69,11.59,15.64,-4.7,175,729,2017-01-23,2020-01-22,3
801120,食品饮料I,31.74,52.67,合理,21.24,40.32,31.6,31.1,-33.08,25.14,28.52,31.15,31.6,32.18,33.47,35.9,6.45,84.22,较高,3.9,6.93,5.54,5.49,-39.53,4.37,4.61,5.24,5.54,5.79,6.34,6.57,1.3,20.3,偏低,0.74,2.05,1.53,1.5,-43.08,1.21,1.29,1.38,1.53,1.59,1.75,1.89,4.92,9.74,极低,4.82,7.25,5.45,5.72,-2.03,4.92,5.03,5.42,5.45,6.03,6.4,6.63,19.22,14.88,95,729,2017-01-23,2020-01-22,3
801730,电气设备I,35.15,62.14,偏高,20.32,46.39,32.44,33.55,-42.19,23.75,26.52,31.53,32.44,34.47,41.93,43.28,2.37,57.2,合理,1.52,3.43,2.2,2.35,-35.86,1.74,1.93,2.11,2.2,2.43,2.88,3.01,0.7,39.37,偏低,0.51,1.24,0.74,0.79,-27.14,0.59,0.64,0.7,0.74,0.82,0.96,1.08,14.83,78.88,偏高,12.94,16.5,14.31,14.27,-12.74,13.38,13.68,13.83,14.31,14.53,14.84,15.22,18.67,-3.69,195,729,2017-01-23,2020-01-22,3
801200,商业贸易I,14.88,6.17,极低,14.05,51.8,22.01,25.26,-5.58,15.3,16.42,17.98,22.01,26.36,34.74,36.87,1.44,17.56,较低,1.3,2.6,1.68,1.82,-9.72,1.39,1.45,1.57,1.68,1.96,2.22,2.31,1.46,81.34,较高,0.56,1.61,1.21,1.1,-61.64,0.69,0.78,0.86,1.21,1.3,1.45,1.48,10.33,4.53,极低,10.17,20.51,13.36,13.43,-1.55,10.72,10.99,11.55,13.36,13.97,15.93,16.16,16.6,-8.15,96,729,2017-01-23,2020-01-22,3
801030,化工I,22.47,56.38,合理,13.01,45.78,20.59,23.83,-42.1,14.67,17.44,19.51,20.59,25.01,30.83,32.4,1.97,42.39,合理,1.53,2.98,2.12,2.19,-22.34,1.71,1.77,1.93,2.12,2.37,2.61,2.73,1.54,52.4,合理,0.52,2.17,1.48,1.37,-66.23,0.7,0.89,1.15,1.48,1.66,1.84,1.99,11.41,72.02,偏高,8.35,15.46,10.6,10.63,-26.82,8.56,9.21,9.95,10.6,10.89,11.69,12.16,13.5,-2.88,343,729,2017-01-23,2020-01-22,3
801180,房地产I,9.61,24.83,偏低,8.09,21.65,11.4,12.93,-15.82,9.11,9.4,10.33,11.4,14.0,16.33,17.62,1.39,35.8,偏低,1.13,2.25,1.55,1.64,-18.71,1.28,1.31,1.4,1.55,1.79,1.98,2.11,2.79,69.0,偏高,1.14,3.63,2.21,2.23,-59.14,1.35,1.64,1.82,2.21,2.61,2.91,3.02,6.91,0.41,极低,6.9,9.88,7.68,7.78,-0.14,7.07,7.13,7.35,7.68,7.82,8.22,8.48,19.17,-2.83,132,729,2017-01-23,2020-01-22,3
801750,计算机I,65.39,99.59,极高,37.34,65.5,52.85,52.41,-42.9,41.42,47.33,50.89,52.85,55.08,58.61,60.12,4.31,85.19,较高,2.47,4.7,3.72,3.68,-42.69,2.82,3.22,3.61,3.72,3.83,4.2,4.41,0.31,0.0,极低,0.31,0.6,0.41,0.42,0.0,0.36,0.37,0.4,0.41,0.42,0.48,0.52,15.17,71.88,偏高,10.26,16.57,14.89,14.4,-32.37,11.47,13.65,14.68,14.89,15.09,15.53,15.76,22.28,3.3,227,729,2017-01-23,2020-01-22,3
801010,农林牧渔I,32.24,60.08,偏高,23.6,54.33,30.64,32.87,-26.8,25.52,26.01,29.09,30.64,32.21,37.96,49.51,3.6,69.14,偏高,2.33,4.14,3.38,3.31,-35.28,2.56,2.73,3.29,3.38,3.45,3.78,3.93,1.3,57.89,合理,0.7,1.88,1.24,1.23,-46.15,0.8,0.91,1.16,1.24,1.31,1.52,1.67,8.96,20.03,偏低,7.17,14.02,10.19,9.94,-19.98,7.67,8.32,9.58,10.19,10.25,10.56,13.24,25.09,0.54,85,729,2017-01-23,2020-01-22,3
801140,轻工制造I,25.27,59.81,合理,14.23,51.3,22.98,26.31,-43.69,16.34,19.14,22.08,22.98,25.28,35.4,37.46,1.83,40.05,合理,1.45,3.49,1.99,2.25,-20.77,1.61,1.67,1.82,1.99,2.42,2.96,3.05,1.01,48.01,合理,0.45,1.54,1.05,1.0,-55.45,0.57,0.71,0.8,1.05,1.13,1.32,1.42,13.81,88.48,较高,9.65,14.88,11.4,11.57,-30.12,10.08,10.14,10.56,11.4,11.92,13.37,13.83,15.6,-6.5,130,729,2017-01-23,2020-01-22,3
801710,建筑材料I,12.76,36.49,偏低,9.98,43.53,16.85,20.6,-21.79,11.0,11.46,13.07,16.85,23.28,29.86,34.82,1.88,35.67,偏低,1.5,2.9,2.08,2.14,-20.21,1.64,1.7,1.93,2.08,2.34,2.6,2.65,2.13,79.56,偏高,0.5,3.37,1.56,1.44,-76.53,0.62,0.75,0.81,1.56,1.74,2.13,2.47,6.79,37.45,偏低,6.19,16.02,8.27,9.17,-8.84,6.54,6.65,6.86,8.27,9.61,12.28,13.24,20.66,1.95,68,729,2017-01-23,2020-01-22,3
801050,有色金属I,39.56,59.67,合理,20.95,94.35,36.13,42.95,-47.04,24.29,27.93,34.03,36.13,39.93,58.14,70.93,2.15,41.98,合理,1.69,3.83,2.24,2.5,-21.4,1.84,1.96,2.12,2.24,2.71,3.11,3.26,0.63,49.93,合理,0.22,1.25,0.63,0.66,-65.08,0.31,0.33,0.39,0.63,0.76,1.06,1.11,18.4,73.94,偏高,11.99,30.68,16.13,16.75,-34.84,12.56,13.29,14.89,16.13,16.92,19.47,20.21,24.79,-2.78,119,729,2017-01-23,2020-01-22,3
801160,公用事业I,18.88,6.58,极低,17.7,30.21,22.84,23.25,-6.25,19.25,19.82,20.92,22.84,24.18,27.01,27.92,1.41,6.04,极低,1.35,2.45,1.69,1.8,-4.26,1.42,1.48,1.57,1.69,1.85,2.21,2.29,1.86,82.85,较高,1.07,2.35,1.6,1.64,-42.47,1.43,1.48,1.57,1.6,1.67,1.83,1.89,13.39,57.2,合理,10.43,14.03,13.32,13.03,-22.11,11.75,12.56,13.23,13.32,13.4,13.66,13.77,11.02,-7.3,166,729,2017-01-23,2020-01-22,3
801770,通信I,39.98,34.29,偏低,31.31,66.73,42.89,46.94,-21.69,35.0,37.14,40.92,42.89,46.21,60.71,63.12,2.85,54.6,合理,1.95,3.75,2.79,2.84,-31.58,2.24,2.41,2.67,2.79,2.93,3.27,3.46,0.43,45.13,合理,0.28,0.57,0.44,0.42,-34.88,0.31,0.32,0.39,0.44,0.46,0.49,0.5,14.03,8.23,极低,13.13,20.57,16.0,16.44,-6.41,14.07,14.47,15.7,16.0,16.68,18.98,19.3,21.28,-2.32,106,729,2017-01-23,2020-01-22,3
801780,银行I,6.89,47.19,合理,5.85,8.78,6.91,6.93,-15.09,6.33,6.53,6.8,6.91,7.0,7.33,7.49,0.8,18.11,较低,0.72,1.13,0.87,0.88,-10.0,0.78,0.8,0.84,0.87,0.89,0.96,1.0,3.34,40.47,合理,2.68,5.56,3.43,3.44,-19.76,2.94,3.02,3.33,3.43,3.49,3.78,3.93,8.61,91.22,极高,6.99,8.99,7.87,7.9,-18.82,7.36,7.52,7.75,7.87,8.03,8.24,8.51,11.94,2.51,36,729,2017-01-23,2020-01-22,3
801890,机械设备I,27.37,28.4,偏低,23.47,77.04,31.77,39.85,-14.25,24.84,26.39,28.7,31.77,41.75,55.43,60.29,2.11,46.5,合理,1.6,3.27,2.17,2.32,-24.17,1.8,1.91,2.03,2.17,2.37,2.85,2.95,0.91,56.38,合理,0.34,1.32,0.81,0.81,-62.64,0.5,0.59,0.69,0.81,0.93,1.02,1.05,12.97,8.37,极低,12.78,24.86,15.82,16.59,-1.46,12.98,13.99,14.18,15.82,17.27,19.85,20.88,14.85,-5.4,352,729,2017-01-23,2020-01-22,3
801130,纺织服装I,25.44,28.64,偏低,13.14,98.33,32.79,34.74,-48.35,21.23,23.42,29.59,32.79,36.48,43.19,52.63,1.83,16.51,较低,1.14,6.32,2.73,2.91,-37.7,1.69,1.88,2.4,2.73,3.11,3.65,4.72,1.65,80.8,较高,0.08,4.86,1.07,1.12,-95.15,0.5,0.67,0.93,1.07,1.24,1.63,1.8,13.9,75.71,偏高,8.36,24.83,11.87,12.28,-39.86,9.8,10.34,11.43,11.87,12.28,14.38,15.35,17.29,-3.83,83,9325,1999-12-30,2020-01-22,0
801720,建筑装饰I,9.62,7.37,极低,8.85,33.6,16.55,16.06,-8.0,9.9,10.51,15.28,16.55,17.26,19.3,21.51,1.01,2.91,极低,0.91,3.89,1.79,1.79,-9.9,1.16,1.27,1.65,1.79,1.88,2.13,2.39,1.82,88.04,较高,0.54,11.78,1.15,1.3,-70.33,0.93,1.02,1.09,1.15,1.22,1.71,1.83,9.52,71.82,偏高,7.55,10.11,9.18,8.97,-20.69,7.79,7.98,9.09,9.18,9.22,9.59,9.71,15.22,-4.82,128,2509,2014-02-21,2020-01-22,0
801150,医药生物I,38.78,47.58,合理,20.65,99.42,39.39,42.2,-46.75,28.54,32.85,37.5,39.39,42.03,50.19,60.11,3.64,28.84,偏低,1.6,8.35,4.17,4.18,-56.04,2.3,3.16,3.99,4.17,4.35,5.38,5.88,0.64,44.5,合理,0.19,3.27,0.66,0.68,-70.31,0.31,0.48,0.61,0.66,0.71,0.87,1.03,10.65,59.06,合理,6.49,17.08,9.71,10.42,-39.06,8.08,8.62,9.18,9.71,10.7,12.56,13.32,17.34,6.47,321,9325,1999-12-30,2020-01-22,0
801110,家用电器I,17.35,31.56,偏低,10.55,89.5,20.99,25.76,-39.19,13.32,14.95,19.21,20.99,25.1,36.17,42.45,3.41,73.68,偏高,0.95,5.34,2.68,2.73,-72.14,1.44,1.91,2.38,2.68,3.07,3.6,3.9,2.24,82.38,较高,0.29,4.01,1.05,1.36,-87.05,0.48,0.67,0.92,1.05,1.52,2.16,2.51,5.09,9.03,极低,4.67,27.56,7.21,10.49,-8.25,5.1,5.41,6.56,7.21,9.26,16.92,19.8,19.01,14.57,59,4848,1999-12-30,2020-01-22,0
801080,电子I,49.66,48.74,合理,21.67,118.1,50.37,51.53,-56.36,30.88,35.4,44.47,50.37,54.85,65.24,73.87,4.01,72.65,偏高,1.31,7.28,3.37,3.55,-67.33,2.11,2.57,3.14,3.37,3.63,4.36,5.13,0.47,37.19,偏低,0.16,3.8,0.57,0.63,-65.96,0.3,0.34,0.49,0.57,0.66,0.85,0.99,12.38,23.7,偏低,8.07,34.35,14.87,15.05,-34.81,9.77,11.59,14.01,14.87,15.76,17.95,19.65,27.27,12.84,257,4848,1999-12-30,2020-01-22,0
801760,传媒I,44.04,46.46,合理,19.49,141.84,45.84,47.85,-55.74,25.97,31.89,38.44,45.84,50.59,57.05,72.83,2.52,26.25,偏低,1.7,11.48,3.94,4.22,-32.54,2.08,2.25,3.32,3.94,4.75,5.43,6.94,0.64,71.81,偏高,0.13,1.03,0.44,0.51,-79.69,0.26,0.3,0.39,0.44,0.57,0.75,0.86,17.48,99.79,极高,9.53,17.48,11.43,11.75,-45.48,10.0,10.51,11.29,11.43,11.61,12.2,14.95,25.43,-9.04,168,1440,2014-02-21,2020-01-22,0
801740,国防军工I,61.25,16.39,较低,53.17,245.82,95.22,105.33,-13.19,57.95,63.35,76.35,95.22,108.95,143.91,167.47,2.53,28.06,偏低,1.86,8.38,3.21,3.38,-26.48,2.22,2.41,2.78,3.21,3.61,4.02,4.86,0.31,79.58,偏高,0.07,0.52,0.23,0.25,-77.42,0.18,0.19,0.21,0.23,0.26,0.31,0.33,24.21,7.92,极低,23.28,45.38,28.32,30.48,-3.84,24.44,26.47,27.96,28.32,29.27,35.31,37.65,18.34,-5.65,68,1440,2014-02-21,2020-01-22,0
801210,休闲服务I,32.49,15.2,较低,24.92,125.34,52.37,55.39,-23.3,30.85,34.3,45.55,52.37,57.81,71.23,89.97,3.48,31.93,偏低,1.58,10.46,3.83,4.26,-54.6,2.65,3.05,3.63,3.83,4.16,4.99,7.04,0.7,65.88,偏高,0.05,1.69,0.6,0.6,-92.86,0.33,0.4,0.51,0.6,0.67,0.78,0.87,9.34,6.52,极低,8.5,28.62,12.75,13.08,-8.99,10.3,11.18,12.53,12.75,13.08,14.08,15.81,22.92,6.23,33,4848,1999-12-30,2020-01-22,0
801040,钢铁I,9.44,19.8,较低,4.67,153.73,22.25,31.75,-50.53,7.34,9.49,20.21,22.25,24.18,33.68,80.68,0.9,7.92,极低,0.72,4.74,1.55,1.72,-20.0,0.92,1.09,1.41,1.55,1.71,2.22,3.05,4.32,90.86,极高,0.21,6.46,1.72,1.99,-95.14,0.64,0.9,1.39,1.72,2.01,2.85,4.1,10.49,52.66,合理,4.64,99.57,10.04,20.47,-55.77,5.92,6.87,9.37,10.04,13.64,32.34,43.69,16.31,-5.28,32,4848,1999-12-30,2020-01-22,0
801170,交通运输I,16.92,22.07,偏低,9.95,58.62,23.28,26.21,-41.19,14.82,16.57,21.0,23.28,25.29,35.25,43.94,1.41,13.26,较低,1.09,6.64,2.26,2.49,-22.7,1.35,1.52,1.98,2.26,2.48,3.14,4.29,1.61,69.14,偏高,0.18,3.91,1.27,1.36,-88.82,0.65,0.91,1.16,1.27,1.37,1.85,2.2,12.0,76.82,偏高,5.94,14.42,11.02,10.69,-50.5,8.6,9.21,10.57,11.02,11.28,12.1,12.52,12.93,-3.26,116,4848,1999-12-30,2020-01-22,0
801230,综合I,33.61,18.89,较低,20.71,175.23,51.09,55.75,-38.38,28.77,35.25,47.11,51.09,57.05,73.43,85.61,1.91,15.47,较低,1.12,7.91,3.33,3.45,-41.36,1.65,2.12,2.88,3.33,3.75,4.49,5.46,0.31,58.56,合理,0.07,1.4,0.27,0.3,-77.42,0.13,0.18,0.24,0.27,0.31,0.4,0.52,17.6,52.04,合理,8.38,29.28,17.44,17.02,-52.39,10.46,11.47,15.82,17.44,18.72,20.76,24.54,15.58,-2.39,35,4848,1999-12-30,2020-01-22,0
801020,采掘I,12.83,9.69,极低,8.11,88.01,21.73,27.16,-36.79,12.88,14.87,18.58,21.73,27.16,37.47,50.25,1.12,1.2,极低,1.03,11.59,2.46,2.92,-8.04,1.33,1.59,2.06,2.46,2.73,4.0,5.41,2.43,87.29,较高,0.13,5.97,1.46,1.49,-94.65,0.35,0.79,1.25,1.46,1.65,2.14,2.57,11.46,74.69,偏高,4.34,49.27,8.79,11.06,-62.13,5.48,5.99,7.14,8.79,10.17,11.89,17.97,15.03,-7.69,66,4848,1999-12-30,2020-01-22,0
801790,非银金融I,15.72,26.74,偏低,10.8,38.08,17.39,18.72,-31.3,13.49,14.93,17.0,17.39,18.06,21.61,24.36,1.9,44.31,合理,1.43,4.18,1.92,2.06,-24.74,1.62,1.73,1.87,1.92,1.97,2.13,2.84,1.44,42.99,合理,0.41,2.65,1.48,1.49,-71.53,0.66,1.18,1.41,1.48,1.55,1.94,2.17,8.27,20.83,偏低,6.2,11.61,9.5,9.13,-25.03,6.54,8.26,9.13,9.5,9.75,10.32,10.43,21.21,-1.51,79,1440,2014-02-21,2020-01-22,0
801880,汽车I,20.5,55.14,合理,12.57,36.25,19.93,20.0,-38.68,14.7,16.34,18.15,19.93,20.96,23.38,24.73,1.68,22.15,偏低,1.35,4.45,2.34,2.25,-19.64,1.5,1.62,2.14,2.34,2.42,2.61,2.95,1.82,64.38,偏高,0.81,3.32,1.66,1.79,-55.49,1.23,1.41,1.58,1.66,1.76,2.21,2.68,12.2,97.71,极高,7.04,12.26,9.05,9.04,-42.3,7.37,8.17,8.92,9.05,9.15,9.66,10.7,15.64,-0.84,175,1440,2014-02-21,2020-01-22,0
801120,食品饮料I,31.74,44.76,合理,16.55,100.95,32.86,35.84,-47.86,21.63,25.73,30.61,32.86,36.69,43.85,50.22,6.45,78.98,偏高,2.04,11.64,4.51,4.9,-68.37,2.69,3.38,4.11,4.51,5.03,6.51,7.5,1.3,60.62,偏高,0.28,2.66,1.01,1.12,-78.46,0.55,0.65,0.81,1.01,1.29,1.58,1.84,4.92,12.77,较低,4.24,15.66,6.9,7.87,-13.82,4.81,5.11,6.4,6.9,7.94,10.56,12.46,19.22,22.45,95,4848,1999-12-30,2020-01-22,0
801730,电气设备I,35.15,32.36,偏低,20.32,99.99,42.14,41.21,-42.19,26.51,31.48,38.17,42.14,43.23,46.38,53.92,2.37,28.96,偏低,1.52,7.28,2.95,3.04,-35.86,1.93,2.1,2.77,2.95,3.27,3.62,4.39,0.7,58.19,合理,0.26,1.24,0.66,0.7,-62.86,0.52,0.58,0.64,0.66,0.7,0.82,0.96,14.83,88.19,较高,11.69,16.5,13.66,13.69,-21.17,12.63,12.9,13.53,13.66,13.76,14.62,14.92,18.67,-0.52,195,1440,2014-02-21,2020-01-22,0
801200,商业贸易I,14.88,1.01,极低,14.05,96.23,35.38,37.22,-5.58,18.95,20.87,29.89,35.38,39.71,51.04,63.08,1.44,2.64,极低,1.3,8.61,2.66,3.14,-9.72,1.7,1.98,2.48,2.66,3.07,4.26,5.11,1.46,92.37,极高,0.13,5.07,0.78,0.85,-91.1,0.41,0.54,0.68,0.78,0.89,1.22,1.39,10.33,31.75,偏低,7.22,20.64,11.57,12.16,-30.11,8.24,9.5,10.86,11.57,12.76,15.0,17.14,16.6,-4.87,96,4848,1999-12-30,2020-01-22,0
801030,化工I,22.47,24.98,偏低,12.49,76.55,31.07,34.01,-44.41,18.23,20.79,27.14,31.07,35.71,46.91,54.48,1.97,12.85,较低,1.42,6.77,2.66,2.89,-27.92,1.86,2.13,2.48,2.66,2.88,3.55,4.26,1.54,87.6,较高,0.27,2.43,0.82,0.92,-82.47,0.4,0.56,0.72,0.82,0.93,1.21,1.65,11.41,49.11,合理,6.49,19.96,11.58,11.75,-43.12,7.75,8.93,10.77,11.58,12.43,14.38,15.43,13.5,2.52,343,4848,1999-12-30,2020-01-22,0
801180,房地产I,9.61,3.73,极低,8.09,120.03,23.76,32.52,-15.82,11.28,14.44,21.11,23.76,30.51,54.94,65.27,1.39,5.9,极低,1.13,10.08,2.33,2.8,-18.71,1.51,1.76,2.13,2.33,2.6,3.71,4.87,2.79,95.09,极高,0.2,3.63,0.78,1.02,-92.83,0.39,0.46,0.67,0.78,0.98,1.45,1.92,6.91,0.06,极低,6.9,22.58,9.77,11.07,-0.14,7.25,7.69,9.26,9.77,11.02,14.28,16.5,19.17,-0.04,132,4848,1999-12-30,2020-01-22,0
801750,计算机I,65.39,77.64,偏高,37.34,159.7,56.72,61.88,-42.9,46.36,48.74,54.0,56.72,58.86,69.19,92.81,4.31,44.51,合理,2.47,15.76,4.48,5.23,-42.69,3.22,3.6,4.14,4.48,5.07,6.32,8.7,0.31,13.06,较低,0.18,0.69,0.39,0.4,-41.94,0.28,0.35,0.38,0.39,0.41,0.48,0.53,15.17,85.69,较高,9.15,16.57,11.37,12.47,-39.68,10.1,10.39,10.82,11.37,13.73,15.09,15.54,22.28,5.76,227,1440,2014-02-21,2020-01-22,0
801010,农林牧渔I,32.24,21.35,偏低,22.05,156.98,48.48,51.27,-31.61,27.02,31.66,43.78,48.48,53.29,64.72,75.29,3.6,52.7,合理,1.11,8.11,3.5,3.7,-69.17,1.8,2.59,3.21,3.5,3.84,4.97,5.81,1.3,93.19,极高,0.14,1.88,0.55,0.65,-89.23,0.27,0.35,0.49,0.55,0.66,0.91,1.13,8.96,5.47,极低,7.1,29.53,14.12,14.48,-20.76,9.41,10.39,13.32,14.12,15.39,18.18,19.7,25.09,6.79,85,4848,1999-12-30,2020-01-22,0
801140,轻工制造I,25.27,22.67,偏低,14.0,113.29,37.6,38.74,-44.6,19.65,24.04,34.21,37.6,42.08,50.96,55.84,1.83,22.19,偏低,1.12,6.39,2.6,2.74,-38.8,1.59,1.77,2.31,2.6,2.87,3.51,4.36,1.01,72.85,偏高,0.09,3.14,0.79,0.81,-91.09,0.41,0.51,0.72,0.79,0.86,1.11,1.28,13.81,49.4,合理,9.65,24.63,13.84,14.3,-30.12,10.63,11.82,13.39,13.84,14.57,16.77,17.77,15.6,0.73,130,4848,1999-12-30,2020-01-22,0
801710,建筑材料I,12.76,18.47,较低,9.98,50.69,25.56,25.42,-21.79,11.44,13.04,18.97,25.56,29.75,38.02,40.78,1.88,27.92,偏低,1.5,4.09,2.19,2.21,-20.21,1.64,1.75,2.05,2.19,2.36,2.59,2.68,2.13,89.24,较高,0.5,3.37,1.1,1.24,-76.53,0.64,0.75,1.0,1.1,1.24,1.76,2.14,6.79,18.96,较低,6.19,17.77,10.34,11.14,-8.84,6.65,6.83,9.34,10.34,12.13,15.58,16.73,20.66,6.88,68,1440,2014-02-21,2020-01-22,0
801050,有色金属I,39.56,45.05,合理,12.89,140.31,42.16,47.31,-67.42,19.92,28.27,37.44,42.16,46.74,60.2,89.05,2.15,15.33,较低,1.36,13.68,3.19,3.64,-36.74,1.99,2.32,2.93,3.19,3.45,4.99,5.63,0.63,46.06,合理,0.18,3.44,0.7,0.75,-71.43,0.33,0.39,0.56,0.7,0.78,1.05,1.16,18.4,82.47,较高,4.45,35.55,12.66,13.81,-75.82,6.91,8.93,10.59,12.66,14.11,17.99,22.23,24.79,-2.34,119,4848,1999-12-30,2020-01-22,0
801160,公用事业I,18.88,10.38,较低,13.78,74.38,26.83,29.25,-27.01,18.83,20.21,24.03,26.83,29.74,37.49,44.45,1.41,0.91,极低,1.35,5.86,2.35,2.64,-4.26,1.7,1.85,2.2,2.35,2.62,3.28,4.29,1.86,86.16,较高,0.55,5.41,1.48,1.47,-70.43,0.77,1.03,1.36,1.48,1.56,1.74,1.95,13.39,84.53,较高,7.46,24.11,10.97,11.39,-44.29,8.28,9.19,10.34,10.97,11.53,13.13,13.74,11.02,-6.94,166,4848,1999-12-30,2020-01-22,0
801770,通信I,39.98,27.36,偏低,29.15,95.06,45.95,48.13,-27.09,35.24,38.45,43.03,45.95,48.8,60.01,63.28,2.85,40.0,合理,1.95,6.6,3.11,3.19,-31.58,2.32,2.49,2.85,3.11,3.32,3.77,4.15,0.43,38.33,偏低,0.15,0.84,0.44,0.43,-65.12,0.31,0.35,0.43,0.44,0.46,0.49,0.51,14.03,34.72,偏低,12.61,20.57,14.5,15.22,-10.12,13.15,13.57,14.19,14.5,15.3,16.74,18.99,21.28,2.51,106,1440,2014-02-21,2020-01-22,0
801780,银行I,6.89,61.04,偏高,4.5,8.78,6.71,6.6,-34.69,4.86,6.28,6.59,6.71,6.86,7.21,7.49,0.8,9.17,极低,0.72,1.46,0.93,0.95,-10.0,0.8,0.84,0.9,0.93,0.95,1.04,1.16,3.34,27.01,偏低,2.31,5.91,3.6,3.69,-30.84,2.96,3.23,3.49,3.6,3.75,4.09,4.64,8.61,95.49,极高,5.11,8.99,7.33,7.02,-40.65,5.38,5.85,6.83,7.33,7.52,8.03,8.24,11.94,2.51,36,1440,2014-02-21,2020-01-22,0
801890,机械设备I,27.37,14.93,较低,23.47,136.07,47.29,50.82,-14.25,26.34,28.03,38.7,47.29,57.63,72.18,79.51,2.11,27.64,偏低,1.6,6.21,2.74,2.74,-24.17,1.91,2.0,2.4,2.74,2.89,3.18,3.74,0.91,68.26,偏高,0.26,1.32,0.65,0.72,-71.43,0.42,0.48,0.6,0.65,0.77,1.01,1.09,12.97,4.24,极低,12.78,24.86,17.27,17.81,-1.46,13.9,14.1,15.78,17.27,18.62,21.78,22.74,14.85,-3.53,352,1440,2014-02-21,2020-01-22,0
