,open,close,high,low
2010-01-04,2.98,2.98,2.98,2.98
2010-01-05,2.95,2.95,2.95,2.95
2010-01-06,2.95,2.95,2.95,2.95
2010-01-07,2.98,2.98,2.98,2.98
2010-01-08,2.95,2.95,2.95,2.95
2010-01-11,3.06,3.06,3.06,3.06
2010-01-12,2.95,2.95,2.95,2.95
2010-01-13,3.09,3.09,3.09,3.09
2010-01-14,3.06,3.06,3.06,3.06
2010-01-15,3.08,3.08,3.08,3.08
2010-01-18,3.08,3.08,3.08,3.08
2010-01-19,3.06,3.06,3.06,3.06
2010-01-20,2.95,2.95,2.95,2.95
2010-01-21,3.06,3.06,3.06,3.06
2010-01-22,2.95,2.95,2.95,2.95
2010-01-25,2.95,2.95,2.95,2.95
2010-01-26,3.08,3.08,3.08,3.08
2010-01-27,2.95,2.95,2.95,2.95
2010-01-28,2.98,2.98,2.98,2.98
2010-01-29,2.95,2.95,2.95,2.95
2010-02-01,3.01,3.01,3.01,3.01
2010-02-02,2.95,2.95,2.95,2.95
2010-02-03,3.05,3.05,3.05,3.05
2010-02-04,3.01,3.01,3.01,3.01
2010-02-05,3.0,3.0,3.0,3.0
2010-02-08,2.92,2.92,2.92,2.92
2010-02-09,2.96,2.96,2.96,2.96
2010-02-10,2.92,2.92,2.92,2.92
2010-02-11,2.96,2.96,2.96,2.96
2010-02-12,3.0,3.0,3.0,3.0
2010-02-20,2.93,2.93,2.93,2.93
2010-02-21,3.01,3.01,3.01,3.01
2010-02-22,2.95,2.95,2.95,2.95
2010-02-23,2.96,2.96,2.96,2.96
2010-02-24,2.94,2.94,2.94,2.94
2010-02-25,2.94,2.94,2.94,2.94
2010-02-26,2.96,2.96,2.96,2.96
2010-03-01,2.8,2.8,2.8,2.8
2010-03-02,2.96,2.96,2.96,2.96
2010-03-03,2.94,2.94,2.94,2.94
2010-03-04,2.72,2.72,2.72,2.72
2010-03-05,2.7,2.7,2.7,2.7
2010-03-08,2.75,2.75,2.75,2.75
2010-03-09,2.66,2.66,2.66,2.66
2010-03-10,2.65,2.65,2.65,2.65
2010-03-11,2.65,2.65,2.65,2.65
2010-03-12,2.76,2.76,2.76,2.76
2010-03-15,2.68,2.68,2.68,2.68
2010-03-16,2.65,2.65,2.65,2.65
2010-03-17,2.63,2.63,2.63,2.63
2010-03-18,2.63,2.63,2.63,2.63
2010-03-19,2.73,2.73,2.73,2.73
2010-03-22,2.63,2.63,2.63,2.63
2010-03-23,2.65,2.65,2.65,2.65
2010-03-24,2.66,2.66,2.66,2.66
2010-03-25,2.63,2.63,2.63,2.63
2010-03-26,2.77,2.77,2.77,2.77
2010-03-29,2.66,2.66,2.66,2.66
2010-03-30,2.66,2.66,2.66,2.66
2010-03-31,2.72,2.72,2.72,2.72
2010-04-01,2.82,2.82,2.82,2.82
2010-04-02,2.72,2.72,2.72,2.72
2010-04-06,2.72,2.72,2.72,2.72
2010-04-07,2.76,2.76,2.76,2.76
2010-04-08,2.7,2.7,2.7,2.7
2010-04-09,2.72,2.72,2.72,2.72
2010-04-12,2.8,2.8,2.8,2.8
2010-04-13,2.66,2.66,2.66,2.66
2010-04-14,2.8,2.8,2.8,2.8
2010-04-15,2.8,2.8,2.8,2.8
2010-04-16,2.7,2.7,2.7,2.7
2010-04-19,2.86,2.86,2.86,2.86
2010-04-20,2.85,2.85,2.85,2.85
2010-04-21,2.85,2.85,2.85,2.85
2010-04-22,2.85,2.85,2.85,2.85
2010-04-23,2.85,2.85,2.85,2.85
2010-04-26,2.8,2.8,2.8,2.8
2010-04-27,2.67,2.67,2.67,2.67
2010-04-28,2.73,2.73,2.73,2.73
2010-04-29,2.66,2.66,2.66,2.66
2010-04-30,2.64,2.64,2.64,2.64
2010-05-04,2.7,2.7,2.7,2.7
2010-05-05,2.68,2.68,2.68,2.68
2010-05-06,2.81,2.81,2.81,2.81
2010-05-07,2.67,2.67,2.67,2.67
2010-05-10,2.64,2.64,2.64,2.64
2010-05-11,2.65,2.65,2.65,2.65
2010-05-12,2.71,2.71,2.71,2.71
2010-05-13,2.58,2.58,2.58,2.58
2010-05-14,2.58,2.58,2.58,2.58
2010-05-17,2.58,2.58,2.58,2.58
2010-05-18,2.67,2.67,2.67,2.67
2010-05-19,2.5,2.46,2.73,2.4
2010-05-20,2.58,2.58,2.58,2.58
2010-05-21,2.48,2.48,2.48,2.48
2010-05-24,2.56,2.56,2.56,2.56
2010-05-25,2.55,2.55,2.55,2.55
2010-05-26,2.52,2.52,2.52,2.52
2010-05-27,2.56,2.56,2.56,2.56
2010-05-28,2.52,2.52,2.52,2.52
2010-05-31,2.56,2.56,2.56,2.56
2010-06-01,2.58,2.58,2.58,2.58
2010-06-02,2.58,2.58,2.58,2.58
2010-06-03,2.53,2.53,2.53,2.53
2010-06-04,2.57,2.57,2.57,2.57
2010-06-07,2.44,2.44,2.44,2.44
2010-06-08,2.57,2.57,2.57,2.57
2010-06-09,2.55,2.55,2.55,2.55
2010-06-10,2.65,2.65,2.65,2.65
2010-06-11,2.6,2.6,2.6,2.6
2010-06-12,2.62,2.62,2.62,2.62
2010-06-13,2.64,2.64,2.64,2.64
2010-06-17,2.6,2.6,2.6,2.6
2010-06-18,2.66,2.66,2.66,2.66
2010-06-21,2.8,2.8,2.8,2.8
2010-06-22,2.8,2.8,2.8,2.8
2010-06-23,2.8,2.8,2.8,2.8
2010-06-24,2.79,2.79,2.79,2.79
2010-06-25,2.79,2.79,2.79,2.79
2010-06-28,2.79,2.79,2.79,2.79
2010-06-29,2.61,2.61,2.61,2.61
2010-06-30,2.69,2.69,2.69,2.69
2010-07-01,2.61,2.61,2.61,2.61
2010-07-02,2.54,2.54,2.54,2.54
2010-07-05,2.62,2.62,2.62,2.62
2010-07-06,2.62,2.62,2.62,2.62
2010-07-07,2.59,2.59,2.59,2.59
2010-07-08,2.59,2.59,2.59,2.59
2010-07-09,2.58,2.58,2.58,2.58
2010-07-12,2.59,2.59,2.59,2.59
2010-07-13,2.58,2.58,2.58,2.58
2010-07-14,2.58,2.58,2.58,2.58
2010-07-15,2.55,2.55,2.55,2.55
2010-07-16,2.57,2.57,2.57,2.57
2010-07-19,2.58,2.58,2.58,2.58
2010-07-20,2.58,2.58,2.58,2.58
2010-07-21,2.57,2.57,2.57,2.57
2010-07-22,2.61,2.61,2.61,2.61
2010-07-23,2.59,2.59,2.59,2.59
2010-07-26,2.68,2.68,2.68,2.68
2010-07-27,2.59,2.59,2.59,2.59
2010-07-28,2.78,2.78,2.78,2.78
2010-07-29,2.65,2.65,2.65,2.65
2010-07-30,2.65,2.65,2.65,2.65
2010-08-02,2.65,2.65,2.65,2.65
2010-08-03,2.65,2.65,2.65,2.65
2010-08-04,2.63,2.63,2.63,2.63
2010-08-05,2.69,2.69,2.69,2.69
2010-08-06,2.66,2.66,2.66,2.66
2010-08-09,2.66,2.66,2.66,2.66
2010-08-10,2.62,2.62,2.62,2.62
2010-08-11,2.65,2.65,2.65,2.65
2010-08-12,2.6,2.6,2.6,2.6
2010-08-13,2.62,2.62,2.62,2.62
2010-08-16,2.63,2.63,2.63,2.63
2010-08-17,2.63,2.63,2.63,2.63
2010-08-18,2.62,2.62,2.62,2.62
2010-08-19,2.62,2.62,2.62,2.62
2010-08-20,2.62,2.62,2.62,2.62
2010-08-23,2.62,2.62,2.62,2.62
2010-08-24,2.62,2.62,2.62,2.62
2010-08-25,2.65,2.65,2.65,2.65
2010-08-26,2.63,2.63,2.63,2.63
2010-08-27,2.62,2.62,2.62,2.62
2010-08-30,2.65,2.65,2.65,2.65
2010-08-31,2.63,2.63,2.63,2.63
2010-09-01,2.64,2.64,2.64,2.64
2010-09-02,2.69,2.69,2.69,2.69
2010-09-03,2.62,2.62,2.62,2.62
2010-09-06,2.65,2.65,2.65,2.65
2010-09-07,2.64,2.64,2.64,2.64
2010-09-08,2.64,2.64,2.64,2.64
2010-09-09,2.64,2.64,2.64,2.64
2010-09-10,2.65,2.65,2.65,2.65
2010-09-13,2.75,2.75,2.75,2.75
2010-09-14,2.68,2.68,2.68,2.68
2010-09-15,2.62,2.62,2.62,2.62
2010-09-16,2.75,2.75,2.75,2.75
2010-09-17,2.62,2.62,2.62,2.62
2010-09-19,2.72,2.72,2.72,2.72
2010-09-20,2.69,2.69,2.69,2.69
2010-09-21,2.77,2.77,2.77,2.77
2010-09-25,2.71,2.71,2.71,2.71
2010-09-26,2.64,2.64,2.64,2.64
2010-09-27,2.72,2.72,2.72,2.72
2010-09-28,2.64,2.64,2.64,2.64
2010-09-29,2.62,2.62,2.62,2.62
2010-09-30,2.71,2.71,2.71,2.71
2010-10-08,2.73,2.73,2.73,2.73
2010-10-09,2.73,2.73,2.73,2.73
2010-10-11,2.83,2.83,2.83,2.83
2010-10-12,2.79,2.79,2.79,2.79
2010-10-13,2.73,2.73,2.73,2.73
2010-10-14,2.74,2.74,2.74,2.74
2010-10-15,2.8,2.8,2.8,2.8
2010-10-18,2.79,2.79,2.79,2.79
2010-10-19,2.76,2.76,2.76,2.76
2010-10-20,2.79,2.79,2.79,2.79
2010-10-21,2.83,2.83,2.83,2.83
2010-10-22,2.76,2.76,2.76,2.76
2010-10-25,2.79,2.79,2.79,2.79
2010-10-26,3.1,3.1,3.1,3.1
2010-10-27,3.15,2.79,3.15,2.79
2010-10-28,3.15,3.15,3.15,3.15
2010-10-29,3.14,3.14,3.14,3.14
2010-11-01,3.1,3.1,3.1,3.1
2010-11-02,3.14,2.8,3.29,2.78
2010-11-03,3.15,3.15,3.15,3.15
2010-11-04,3.2,3.2,3.2,3.2
2010-11-05,3.43,2.79,3.5,2.79
2010-11-08,3.45,3.45,3.45,3.45
2010-11-09,3.42,3.42,3.42,3.42
2010-11-10,3.45,3.45,3.45,3.45
2010-11-11,3.45,3.45,3.45,3.45
2010-11-12,3.45,3.45,3.45,3.45
2010-11-15,3.65,3.65,3.65,3.65
2010-11-16,3.45,3.45,3.45,3.45
2010-11-17,3.56,3.56,3.56,3.56
2010-11-18,3.45,3.45,3.45,3.45
2010-11-19,3.57,3.57,3.57,3.57
2010-11-22,3.65,3.65,3.65,3.65
2010-11-23,3.65,3.65,3.65,3.65
2010-11-24,3.68,3.68,3.68,3.68
2010-11-25,3.68,3.68,3.68,3.68
2010-11-26,3.65,3.65,3.65,3.65
2010-11-29,3.65,3.65,3.65,3.65
2010-11-30,3.57,3.57,3.57,3.57
2010-12-01,3.65,3.65,3.65,3.65
2010-12-02,3.65,3.65,3.65,3.65
2010-12-03,3.65,3.65,3.65,3.65
2010-12-06,3.63,3.63,3.63,3.63
2010-12-07,3.58,3.58,3.58,3.58
2010-12-08,3.64,3.64,3.64,3.64
2010-12-09,3.5,3.5,3.5,3.5
2010-12-10,3.55,3.55,3.55,3.55
2010-12-13,3.66,3.66,3.66,3.66
2010-12-14,3.6,3.6,3.6,3.6
2010-12-15,3.57,3.57,3.57,3.57
2010-12-16,3.65,3.65,3.65,3.65
2010-12-17,3.59,3.59,3.59,3.59
2010-12-20,3.5,3.5,3.5,3.5
2010-12-21,3.53,3.53,3.53,3.53
2010-12-22,3.46,3.46,3.46,3.46
2010-12-23,3.5,3.5,3.5,3.5
2010-12-24,3.55,3.55,3.55,3.55
2010-12-27,3.55,3.55,3.55,3.55
2010-12-28,3.65,3.65,3.65,3.65
2010-12-29,3.7,3.7,3.7,3.7
2010-12-30,3.7,3.7,3.7,3.7
2010-12-31,3.56,3.56,3.56,3.56
2011-01-04,3.55,3.55,3.55,3.55
2011-01-05,3.63,3.63,3.63,3.63
2011-01-06,3.56,3.56,3.56,3.56
2011-01-07,3.53,3.53,3.53,3.53
2011-01-10,3.6,3.6,3.6,3.6
2011-01-11,3.45,3.45,3.45,3.45
2011-01-12,3.4,3.4,3.4,3.4
2011-01-13,3.56,3.56,3.56,3.56
2011-01-14,3.42,3.42,3.42,3.42
2011-01-17,3.53,3.53,3.53,3.53
2011-01-18,3.56,3.56,3.56,3.56
2011-01-19,3.63,3.63,3.63,3.63
2011-01-20,3.42,3.42,3.42,3.42
2011-01-21,3.42,3.42,3.42,3.42
2011-01-24,3.63,3.63,3.63,3.63
2011-01-25,3.6,3.6,3.6,3.6
2011-01-26,3.42,3.42,3.42,3.42
2011-01-27,3.42,3.42,3.42,3.42
2011-01-28,3.42,3.42,3.42,3.42
2011-01-30,3.63,3.63,3.63,3.63
2011-01-31,3.63,3.63,3.63,3.63
2011-02-01,3.61,3.52,3.7,3.4
2011-02-09,3.75,3.75,3.75,3.75
2011-02-10,3.73,3.73,3.73,3.73
2011-02-11,3.73,3.73,3.73,3.73
2011-02-12,3.69,3.69,3.69,3.69
2011-02-14,3.65,3.65,3.65,3.65
2011-02-15,3.72,3.72,3.72,3.72
2011-02-16,3.72,3.72,3.72,3.72
2011-02-17,3.66,3.66,3.66,3.66
2011-02-18,3.72,3.72,3.72,3.72
2011-02-21,3.62,3.62,3.62,3.62
2011-02-22,3.72,3.72,3.72,3.72
2011-02-23,3.62,3.62,3.62,3.62
2011-02-24,3.73,3.73,3.73,3.73
2011-02-25,3.62,3.62,3.62,3.62
2011-02-28,3.56,3.56,3.56,3.56
2011-03-01,3.6,3.6,3.6,3.6
2011-03-02,3.56,3.56,3.56,3.56
2011-03-03,3.6,3.6,3.6,3.6
2011-03-04,3.6,3.6,3.6,3.6
2011-03-07,3.56,3.56,3.56,3.56
2011-03-08,3.6,3.6,3.6,3.6
2011-03-09,3.57,3.57,3.57,3.57
2011-03-10,3.48,3.48,3.48,3.48
2011-03-11,3.54,3.54,3.54,3.54
2011-03-14,3.52,3.52,3.52,3.52
2011-03-15,3.53,3.53,3.53,3.53
2011-03-16,3.52,3.52,3.52,3.52
2011-03-17,3.62,3.62,3.62,3.62
2011-03-18,3.52,3.52,3.52,3.52
2011-03-21,3.52,3.52,3.52,3.52
2011-03-22,3.47,3.47,3.47,3.47
2011-03-23,3.6,3.6,3.6,3.6
2011-03-24,3.52,3.52,3.52,3.52
2011-03-25,3.57,3.57,3.57,3.57
2011-03-28,3.52,3.52,3.52,3.52
2011-03-29,3.54,3.54,3.54,3.54
2011-03-30,3.52,3.52,3.52,3.52
2011-03-31,3.52,3.52,3.52,3.52
2011-04-01,3.54,3.54,3.54,3.54
2011-04-02,3.5,3.5,3.5,3.5
2011-04-06,3.58,3.58,3.58,3.58
2011-04-07,3.62,3.62,3.62,3.62
2011-04-08,3.55,3.55,3.55,3.55
2011-04-11,3.52,3.52,3.52,3.52
2011-04-12,3.51,3.51,3.51,3.51
2011-04-13,3.43,3.43,3.43,3.43
2011-04-14,3.55,3.55,3.55,3.55
2011-04-15,3.4,3.4,3.4,3.4
2011-04-18,3.55,3.55,3.55,3.55
2011-04-19,3.55,3.55,3.55,3.55
2011-04-20,3.55,3.55,3.55,3.55
2011-04-21,3.5,3.5,3.5,3.5
2011-04-22,3.46,3.46,3.46,3.46
2011-04-25,3.43,3.43,3.43,3.43
2011-04-26,3.58,3.58,3.58,3.58
2011-04-27,3.43,3.43,3.43,3.43
2011-04-28,3.46,3.46,3.46,3.46
2011-04-29,3.43,3.43,3.43,3.43
2011-05-03,3.48,3.48,3.48,3.48
2011-05-04,3.43,3.43,3.43,3.43
2011-05-05,3.5,3.5,3.5,3.5
2011-05-06,3.45,3.45,3.45,3.45
2011-05-09,3.43,3.43,3.43,3.43
2011-05-10,3.42,3.42,3.42,3.42
2011-05-11,3.42,3.42,3.42,3.42
2011-05-12,3.41,3.41,3.41,3.41
2011-05-13,3.45,3.45,3.45,3.45
2011-05-16,3.43,3.43,3.43,3.43
2011-05-17,3.5,3.5,3.5,3.5
2011-05-18,3.44,3.44,3.44,3.44
2011-05-19,3.45,3.45,3.45,3.45
2011-05-20,3.5,3.5,3.5,3.5
2011-05-23,3.46,3.46,3.46,3.46
2011-05-24,3.4,3.4,3.4,3.4
2011-05-25,3.47,3.47,3.47,3.47
2011-05-26,3.47,3.47,3.47,3.47
2011-05-27,3.4,3.4,3.4,3.4
2011-05-30,3.47,3.47,3.47,3.47
2011-05-31,3.42,3.42,3.42,3.42
2011-06-01,3.47,3.47,3.47,3.47
2011-06-02,3.47,3.47,3.47,3.47
2011-06-03,3.47,3.47,3.47,3.47
2011-06-07,3.47,3.47,3.47,3.47
2011-06-08,3.42,3.42,3.42,3.42
2011-06-09,3.47,3.47,3.47,3.47
2011-06-10,3.5,3.5,3.5,3.5
2011-06-13,3.47,3.47,3.47,3.47
2011-06-14,3.4,3.4,3.4,3.4
2011-06-15,3.4,3.4,3.4,3.4
2011-06-16,3.5,3.5,3.5,3.5
2011-06-17,3.5,3.5,3.5,3.5
2011-06-20,3.5,3.5,3.5,3.5
2011-06-21,3.5,3.5,3.5,3.5
2011-06-22,3.54,3.54,3.54,3.54
2011-06-23,3.6,3.6,3.6,3.6
2011-06-24,3.63,3.63,3.63,3.63
2011-06-27,3.6,3.6,3.6,3.6
2011-06-28,3.56,3.56,3.56,3.56
2011-06-29,3.5,3.5,3.5,3.5
2011-06-30,3.54,3.54,3.54,3.54
2011-07-01,3.55,3.55,3.55,3.55
2011-07-04,3.5,3.5,3.5,3.5
2011-07-05,3.58,3.58,3.58,3.58
2011-07-06,3.53,3.53,3.53,3.53
2011-07-07,3.6,3.6,3.6,3.6
2011-07-08,3.52,3.52,3.52,3.52
2011-07-11,3.53,3.53,3.53,3.53
2011-07-12,3.58,3.58,3.58,3.58
2011-07-13,3.52,3.52,3.52,3.52
2011-07-14,3.6,3.6,3.6,3.6
2011-07-15,3.61,3.61,3.61,3.61
2011-07-18,3.55,3.55,3.55,3.55
2011-07-19,3.55,3.55,3.55,3.55
2011-07-20,3.65,3.65,3.65,3.65
2011-07-21,3.62,3.62,3.62,3.62
2011-07-22,3.88,3.88,3.88,3.88
2011-07-25,3.86,3.56,3.9,3.5
2011-07-26,3.84,3.84,3.84,3.84
2011-07-27,3.83,3.61,3.89,3.54
2011-07-28,3.82,3.82,3.82,3.82
2011-07-29,3.86,3.86,3.86,3.86
2011-08-01,3.85,3.85,3.85,3.85
2011-08-02,3.85,3.85,3.85,3.85
2011-08-03,3.83,3.54,4.06,3.54
2011-08-04,3.84,3.84,3.84,3.84
2011-08-05,3.82,3.82,3.82,3.82
2011-08-08,3.62,3.62,3.62,3.62
2011-08-09,3.8,3.8,3.8,3.8
2011-08-10,3.85,3.85,3.85,3.85
2011-08-11,3.8,3.8,3.8,3.8
2011-08-12,3.97,3.97,3.97,3.97
2011-08-15,3.81,3.81,3.81,3.81
2011-08-16,3.8,3.6,3.9,3.6
2011-08-17,3.88,3.88,3.88,3.88
2011-08-18,3.97,3.97,3.97,3.97
2011-08-19,3.83,3.6,3.9,3.6
2011-08-22,3.82,3.82,3.82,3.82
2011-08-23,3.82,3.82,3.82,3.82
2011-08-24,3.85,3.85,3.85,3.85
2011-08-25,3.97,3.97,3.97,3.97
2011-08-26,3.82,3.82,3.82,3.82
2011-08-29,3.8,3.8,3.8,3.8
2011-08-30,3.8,3.8,3.8,3.8
2011-08-31,4.06,4.06,4.06,4.06
2011-09-01,4.05,4.05,4.05,4.05
2011-09-02,4.01,4.01,4.01,4.01
2011-09-05,3.95,3.95,3.95,3.95
2011-09-06,4.01,4.01,4.01,4.01
2011-09-07,3.97,3.97,3.97,3.97
2011-09-08,3.99,3.99,3.99,3.99
2011-09-09,3.95,3.95,3.95,3.95
2011-09-13,3.83,3.83,3.83,3.83
2011-09-14,3.92,3.92,3.92,3.92
2011-09-15,3.93,3.93,3.93,3.93
2011-09-16,3.92,3.92,3.92,3.92
2011-09-19,3.98,3.98,3.98,3.98
2011-09-20,3.97,3.97,3.97,3.97
2011-09-21,3.98,3.98,3.98,3.98
2011-09-22,3.9,3.9,3.9,3.9
2011-09-23,3.97,3.97,3.97,3.97
2011-09-26,3.98,3.98,3.98,3.98
2011-09-27,3.78,3.78,3.78,3.78
2011-09-28,3.8,3.8,3.8,3.8
2011-09-29,3.8,3.8,3.8,3.8
2011-09-30,3.78,3.78,3.78,3.78
2011-10-08,3.78,3.78,3.78,3.78
2011-10-10,3.63,3.63,3.63,3.63
2011-10-11,3.57,3.57,3.57,3.57
2011-10-12,3.63,3.63,3.63,3.63
2011-10-13,3.68,3.68,3.68,3.68
2011-10-14,3.52,3.52,3.52,3.52
2011-10-17,3.68,3.68,3.68,3.68
2011-10-18,3.61,3.61,3.61,3.61
2011-10-19,3.58,3.58,3.58,3.58
2011-10-20,3.65,3.65,3.65,3.65
2011-10-21,3.59,3.59,3.59,3.59
2011-10-24,3.65,3.65,3.65,3.65
2011-10-25,3.66,3.66,3.66,3.66
2011-10-26,3.65,3.65,3.65,3.65
2011-10-27,3.65,3.65,3.65,3.65
2011-10-28,3.65,3.65,3.65,3.65
2011-10-31,3.63,3.63,3.63,3.63
2011-11-01,3.52,3.52,3.52,3.52
2011-11-02,3.52,3.52,3.52,3.52
2011-11-03,3.54,3.54,3.54,3.54
2011-11-04,3.53,3.53,3.53,3.53
2011-11-07,3.5,3.5,3.5,3.5
2011-11-08,3.5,3.5,3.5,3.5
2011-11-09,3.5,3.5,3.5,3.5
2011-11-10,3.5,3.5,3.5,3.5
2011-11-11,3.5,3.5,3.5,3.5
2011-11-14,3.3,3.3,3.3,3.3
2011-11-15,3.3,3.3,3.3,3.3
2011-11-16,3.4,3.4,3.4,3.4
2011-11-17,3.3,3.3,3.3,3.3
2011-11-18,3.32,3.32,3.32,3.32
2011-11-21,3.33,3.33,3.33,3.33
2011-11-22,3.4,3.4,3.4,3.4
2011-11-23,3.44,3.44,3.44,3.44
2011-11-24,3.5,3.5,3.5,3.5
2011-11-25,3.44,3.44,3.44,3.44
2011-11-28,3.31,3.22,3.45,3.22
2011-11-29,3.5,3.5,3.5,3.5
2011-11-30,3.5,3.5,3.5,3.5
2011-12-01,3.4,3.4,3.4,3.4
2011-12-02,3.3,3.3,3.3,3.3
2011-12-05,3.3,3.3,3.3,3.3
2011-12-06,3.3,3.3,3.3,3.3
2011-12-07,3.15,3.15,3.15,3.15
2011-12-08,3.1,3.1,3.1,3.1
2011-12-09,3.07,3.07,3.07,3.07
2011-12-12,3.15,3.15,3.15,3.15
2011-12-13,3.1,3.1,3.1,3.1
2011-12-14,3.12,3.3,3.3,3.07
2011-12-15,3.12,3.12,3.12,3.12
2011-12-16,3.11,3.11,3.11,3.11
2011-12-19,3.05,3.05,3.05,3.05
2011-12-20,3.06,3.06,3.06,3.06
2011-12-21,3.15,3.15,3.15,3.15
2011-12-22,3.05,3.05,3.05,3.05
2011-12-23,3.12,3.12,3.12,3.12
2011-12-26,3.1,3.1,3.1,3.1
2011-12-27,3.11,3.11,3.11,3.11
2011-12-28,3.05,3.05,3.05,3.05
2011-12-29,3.15,3.15,3.15,3.15
2011-12-30,3.12,3.12,3.12,3.12
2011-12-31,3.15,3.15,3.15,3.15
2012-01-04,3.05,3.05,3.05,3.05
2012-01-05,3.15,3.15,3.15,3.15
2012-01-06,3.15,3.15,3.15,3.15
2012-01-09,3.06,3.06,3.06,3.06
2012-01-10,3.02,3.02,3.02,3.02
2012-01-11,3.01,3.01,3.01,3.01
2012-01-12,3.02,3.02,3.02,3.02
2012-01-13,3.01,3.01,3.01,3.01
2012-01-16,3.11,3.11,3.11,3.11
2012-01-17,3.03,3.03,3.03,3.03
2012-01-18,3.01,3.01,3.01,3.01
2012-01-19,3.03,3.03,3.03,3.03
2012-01-20,3.1,3.1,3.1,3.1
2012-01-21,3.01,3.01,3.01,3.01
2012-01-29,3.11,3.11,3.11,3.11
2012-01-30,3.01,3.01,3.01,3.01
2012-01-31,3.01,3.01,3.01,3.01
2012-02-01,3.01,3.01,3.01,3.01
2012-02-02,3.01,3.01,3.01,3.01
2012-02-03,3.1,3.1,3.1,3.1
2012-02-06,3.01,3.01,3.01,3.01
2012-02-07,3.01,3.01,3.01,3.01
2012-02-08,3.01,3.01,3.01,3.01
2012-02-09,3.01,3.01,3.01,3.01
2012-02-10,3.1,3.1,3.1,3.1
2012-02-13,3.12,3.12,3.12,3.12
2012-02-14,3.18,3.18,3.18,3.18
2012-02-15,3.15,3.15,3.15,3.15
2012-02-16,3.12,3.12,3.12,3.12
2012-02-17,3.14,3.14,3.14,3.14
2012-02-20,3.17,3.17,3.17,3.17
2012-02-21,3.15,3.15,3.15,3.15
2012-02-22,3.18,3.18,3.18,3.18
2012-02-23,3.17,3.17,3.17,3.17
2012-02-24,3.05,3.05,3.05,3.05
2012-02-27,3.17,3.17,3.17,3.17
2012-02-28,3.18,3.18,3.18,3.18
2012-02-29,3.25,3.25,3.25,3.25
2012-03-01,3.15,3.15,3.15,3.15
2012-03-02,3.25,3.25,3.25,3.25
2012-03-05,3.25,3.25,3.25,3.25
2012-03-06,3.2,3.2,3.2,3.2
2012-03-07,3.21,3.21,3.21,3.21
2012-03-08,3.11,3.11,3.11,3.11
2012-03-09,3.15,3.15,3.15,3.15
2012-03-12,3.12,3.12,3.12,3.12
2012-03-13,3.18,3.18,3.18,3.18
2012-03-14,3.18,3.18,3.18,3.18
2012-03-15,3.18,3.18,3.18,3.18
2012-03-16,3.15,3.15,3.15,3.15
2012-03-19,3.18,3.18,3.18,3.18
2012-03-20,3.18,3.18,3.18,3.18
2012-03-21,3.18,3.18,3.18,3.18
2012-03-22,3.15,3.15,3.15,3.15
2012-03-23,3.18,3.18,3.18,3.18
2012-03-26,3.18,3.18,3.18,3.18
2012-03-27,3.17,3.17,3.17,3.17
2012-03-28,3.18,3.18,3.18,3.18
2012-03-29,3.16,3.16,3.16,3.16
2012-03-30,3.18,3.18,3.18,3.18
2012-03-31,3.18,3.18,3.18,3.18
2012-04-01,3.15,3.15,3.15,3.15
2012-04-05,3.25,3.25,3.25,3.25
2012-04-06,3.18,3.18,3.18,3.18
2012-04-09,3.14,3.14,3.14,3.14
2012-04-10,3.14,3.14,3.14,3.14
2012-04-11,3.18,3.18,3.18,3.18
2012-04-12,3.1,3.1,3.1,3.1
2012-04-13,3.18,3.18,3.18,3.18
2012-04-16,3.12,3.12,3.12,3.12
2012-04-17,3.15,3.15,3.15,3.15
2012-04-18,3.1,3.1,3.1,3.1
2012-04-19,3.17,3.17,3.17,3.17
2012-04-20,3.15,3.15,3.15,3.15
2012-04-23,3.13,3.13,3.13,3.13
2012-04-24,3.15,3.15,3.15,3.15
2012-04-25,3.16,3.16,3.16,3.16
2012-04-26,3.19,3.19,3.19,3.19
2012-04-27,3.15,3.15,3.15,3.15
2012-04-28,3.16,3.16,3.16,3.16
2012-05-02,3.19,3.19,3.19,3.19
2012-05-03,3.19,3.19,3.19,3.19
2012-05-04,3.16,3.16,3.16,3.16
2012-05-07,3.16,3.16,3.16,3.16
2012-05-08,3.14,3.14,3.14,3.14
2012-05-09,3.15,3.15,3.15,3.15
2012-05-10,3.19,3.19,3.19,3.19
2012-05-11,3.15,3.15,3.15,3.15
2012-05-14,3.09,3.09,3.09,3.09
2012-05-15,3.09,3.09,3.09,3.09
2012-05-16,2.8,2.8,2.8,2.8
2012-05-17,2.76,2.76,2.76,2.76
2012-05-18,2.8,2.8,2.8,2.8
2012-05-21,2.8,2.8,2.8,2.8
2012-05-22,2.8,2.8,2.8,2.8
2012-05-23,2.85,2.85,2.85,2.85
2012-05-24,2.83,2.83,2.83,2.83
2012-05-25,2.65,2.65,2.65,2.65
2012-05-28,2.61,3.15,3.15,2.61
2012-05-29,2.78,2.78,2.78,2.78
2012-05-30,2.85,2.85,2.85,2.85
2012-05-31,2.85,2.85,2.85,2.85
2012-06-01,2.65,2.65,2.65,2.65
2012-06-04,2.78,2.78,2.78,2.78
2012-06-05,2.83,2.83,2.83,2.83
2012-06-06,2.81,2.81,2.81,2.81
2012-06-07,2.9,2.9,2.9,2.9
2012-06-08,2.78,2.78,2.78,2.78
2012-06-11,2.87,2.87,2.87,2.87
2012-06-12,2.85,2.85,2.85,2.85
2012-06-13,2.91,2.91,2.91,2.91
2012-06-14,2.91,2.91,2.91,2.91
2012-06-15,2.91,2.91,2.91,2.91
2012-06-18,2.78,2.78,2.78,2.78
2012-06-19,2.95,2.95,2.95,2.95
2012-06-20,2.98,2.98,2.98,2.98
2012-06-21,3.05,3.05,3.05,3.05
2012-06-25,2.9,2.9,2.9,2.9
2012-06-26,2.95,2.95,2.95,2.95
2012-06-27,2.83,2.83,2.83,2.83
2012-06-28,2.83,2.83,2.83,2.83
2012-06-29,2.87,2.87,2.87,2.87
2012-07-02,2.85,2.85,2.85,2.85
2012-07-03,2.83,2.83,2.83,2.83
2012-07-04,2.82,2.82,2.82,2.82
2012-07-05,2.8,2.8,2.8,2.8
2012-07-06,2.76,2.76,2.76,2.76
2012-07-09,2.73,2.73,2.73,2.73
2012-07-10,2.85,2.85,2.85,2.85
2012-07-11,2.85,2.85,2.85,2.85
2012-07-12,2.74,2.74,2.74,2.74
2012-07-13,2.74,2.74,2.74,2.74
2012-07-16,2.9,2.9,2.9,2.9
2012-07-17,2.73,2.73,2.73,2.73
2012-07-18,2.85,2.85,2.85,2.85
2012-07-19,2.74,2.74,2.74,2.74
2012-07-20,2.74,2.74,2.74,2.74
2012-07-23,2.74,2.74,2.74,2.74
2012-07-24,2.75,2.75,2.75,2.75
2012-07-25,2.75,2.75,2.75,2.75
2012-07-26,2.78,2.78,2.78,2.78
2012-07-27,2.75,2.75,2.75,2.75
2012-07-30,2.74,2.74,2.74,2.74
2012-07-31,2.89,2.89,2.89,2.89
2012-08-01,2.82,2.82,2.82,2.82
2012-08-02,2.77,2.77,2.77,2.77
2012-08-03,2.84,2.84,2.84,2.84
2012-08-06,2.81,2.81,2.81,2.81
2012-08-07,2.85,2.85,2.85,2.85
2012-08-08,2.89,2.89,2.89,2.89
2012-08-09,2.91,2.91,2.91,2.91
2012-08-10,2.91,2.91,2.91,2.91
2012-08-13,2.87,2.87,2.87,2.87
2012-08-14,3.02,3.02,3.02,3.02
2012-08-15,3.0,3.0,3.0,3.0
2012-08-16,3.0,3.0,3.0,3.0
2012-08-17,2.97,2.97,2.97,2.97
2012-08-20,2.87,2.87,2.87,2.87
2012-08-21,3.03,3.03,3.03,3.03
2012-08-22,2.97,2.97,2.97,2.97
2012-08-23,3.06,3.06,3.06,3.06
2012-08-24,3.14,3.14,3.14,3.14
2012-08-25,3.14,3.14,3.14,3.14
2012-08-27,3.06,3.06,3.06,3.06
2012-08-28,3.04,3.04,3.04,3.04
2012-08-29,3.06,3.06,3.06,3.06
2012-08-30,3.08,3.08,3.08,3.08
2012-08-31,3.14,3.14,3.14,3.14
2012-09-01,3.14,3.14,3.14,3.14
2012-09-03,3.1,3.1,3.1,3.1
2012-09-04,3.08,3.08,3.08,3.08
2012-09-05,3.11,3.11,3.11,3.11
2012-09-06,3.07,3.07,3.07,3.07
2012-09-07,3.15,3.15,3.15,3.15
2012-09-08,3.15,3.15,3.15,3.15
2012-09-10,3.22,3.22,3.22,3.22
2012-09-11,3.18,3.18,3.18,3.18
2012-09-12,3.25,3.25,3.25,3.25
2012-09-13,3.3,3.3,3.3,3.3
2012-09-14,3.32,3.32,3.32,3.32
2012-09-15,3.32,3.32,3.32,3.32
2012-09-17,3.18,3.18,3.18,3.18
2012-09-18,3.28,3.28,3.28,3.28
2012-09-19,3.28,3.28,3.28,3.28
2012-09-20,3.28,3.28,3.28,3.28
2012-09-21,3.3,3.3,3.3,3.3
2012-09-22,3.3,3.3,3.3,3.3
2012-09-23,3.3,3.3,3.3,3.3
2012-09-24,3.3,3.3,3.3,3.3
2012-09-25,3.25,3.25,3.25,3.25
2012-09-26,3.16,3.16,3.16,3.16
2012-09-27,3.33,3.33,3.33,3.33
2012-09-28,3.2,3.2,3.2,3.2
2012-09-29,3.18,3.18,3.18,3.18
2012-09-30,3.18,3.18,3.18,3.18
2012-10-08,3.22,3.22,3.22,3.22
2012-10-09,3.24,3.24,3.24,3.24
2012-10-10,3.2,3.2,3.2,3.2
2012-10-11,3.2,3.2,3.2,3.2
2012-10-12,3.25,3.25,3.25,3.25
2012-10-13,3.25,3.25,3.25,3.25
2012-10-15,3.18,3.18,3.18,3.18
2012-10-16,3.2,3.2,3.2,3.2
2012-10-17,3.21,3.21,3.21,3.21
2012-10-18,3.21,3.21,3.21,3.21
2012-10-19,3.22,3.22,3.22,3.22
2012-10-20,3.22,3.22,3.22,3.22
2012-10-22,3.22,3.22,3.22,3.22
2012-10-23,3.22,3.22,3.22,3.22
2012-10-24,3.23,3.23,3.23,3.23
2012-10-25,3.27,3.27,3.27,3.27
2012-10-26,3.25,3.25,3.25,3.25
2012-10-27,3.25,3.25,3.25,3.25
2012-10-29,3.2,3.2,3.2,3.2
2012-10-30,3.22,3.22,3.22,3.22
2012-10-31,3.22,3.22,3.22,3.22
2012-11-01,3.24,3.24,3.24,3.24
2012-11-02,3.24,3.24,3.24,3.24
2012-11-03,3.24,3.24,3.24,3.24
2012-11-05,3.36,3.36,3.36,3.36
2012-11-06,3.2,3.2,3.2,3.2
2012-11-07,3.19,3.19,3.19,3.19
2012-11-08,3.25,3.25,3.25,3.25
2012-11-09,3.16,3.16,3.16,3.16
2012-11-10,3.16,3.16,3.16,3.16
2012-11-12,3.21,3.21,3.21,3.21
2012-11-13,3.1,3.1,3.1,3.1
2012-11-14,3.25,3.25,3.25,3.25
2012-11-15,3.19,3.19,3.19,3.19
2012-11-16,3.2,3.2,3.2,3.2
2012-11-17,3.2,3.2,3.2,3.2
2012-11-19,3.18,3.18,3.18,3.18
2012-11-20,3.13,3.13,3.13,3.13
2012-11-21,3.19,3.19,3.19,3.19
2012-11-22,3.2,3.2,3.2,3.2
2012-11-23,3.15,3.15,3.15,3.15
2012-11-24,3.15,3.15,3.15,3.15
2012-11-26,3.21,3.21,3.21,3.21
2012-11-27,3.25,3.25,3.25,3.25
2012-11-28,3.25,3.25,3.25,3.25
2012-11-29,3.2,3.2,3.2,3.2
2012-11-30,3.28,3.28,3.28,3.28
2012-12-03,3.3,3.3,3.3,3.3
2012-12-04,3.18,3.18,3.18,3.18
2012-12-05,3.34,3.34,3.34,3.34
2012-12-06,3.27,3.27,3.27,3.27
2012-12-07,3.2,3.2,3.2,3.2
2012-12-10,3.28,3.28,3.28,3.28
2012-12-11,3.19,3.19,3.19,3.19
2012-12-12,3.27,3.27,3.27,3.27
2012-12-13,3.2,3.2,3.2,3.2
2012-12-14,3.27,3.27,3.27,3.27
2012-12-15,3.21,3.21,3.21,3.21
2012-12-17,3.28,3.28,3.28,3.28
2012-12-18,3.26,3.26,3.26,3.26
2012-12-19,3.27,3.27,3.27,3.27
2012-12-20,3.28,3.28,3.28,3.28
2012-12-21,3.31,3.31,3.31,3.31
2012-12-22,3.31,3.31,3.31,3.31
2012-12-23,3.31,3.31,3.31,3.31
2012-12-24,3.31,3.31,3.31,3.31
2012-12-25,3.26,3.26,3.26,3.26
2012-12-26,3.28,3.28,3.28,3.28
2012-12-27,3.2,3.2,3.2,3.2
2012-12-28,3.28,3.28,3.28,3.28
2012-12-30,3.28,3.28,3.28,3.28
2012-12-31,3.19,3.19,3.19,3.19
2013-01-01,3.19,3.19,3.19,3.19
2013-01-04,3.24,3.24,3.24,3.24
2013-01-05,3.24,3.24,3.31,3.17
2013-01-06,3.23,3.17,3.31,3.17
2013-01-07,3.19,3.19,3.19,3.19
2013-01-08,3.2,3.2,3.2,3.2
2013-01-09,3.19,3.19,3.19,3.19
2013-01-10,3.19,3.19,3.19,3.19
2013-01-11,3.24,3.24,3.24,3.24
2013-01-13,3.24,3.24,3.24,3.24
2013-01-14,3.28,3.28,3.28,3.28
2013-01-15,3.28,3.23,3.3,3.19
2013-01-16,3.2,3.2,3.2,3.2
2013-01-17,3.3,3.3,3.3,3.3
2013-01-18,3.21,3.21,3.21,3.21
2013-01-21,3.19,3.19,3.19,3.19
2013-01-22,3.21,3.21,3.21,3.21
2013-01-23,3.3,3.3,3.3,3.3
2013-01-24,3.24,3.24,3.24,3.24
2013-01-25,3.25,3.25,3.25,3.25
2013-01-28,3.3,3.3,3.3,3.3
2013-01-29,3.3,3.3,3.3,3.3
2013-01-30,3.31,3.31,3.31,3.31
2013-01-31,3.23,3.23,3.23,3.23
2013-02-01,3.26,3.26,3.26,3.26
2013-02-04,3.27,3.27,3.27,3.27
2013-02-05,3.27,3.27,3.27,3.27
2013-02-06,3.32,3.32,3.32,3.32
2013-02-07,3.23,3.23,3.23,3.23
2013-02-08,3.25,3.25,3.25,3.25
2013-02-09,3.25,3.25,3.25,3.25
2013-02-13,3.25,3.25,3.25,3.25
2013-02-14,3.25,3.25,3.25,3.25
2013-02-16,3.27,3.26,3.32,3.19
2013-02-17,3.26,3.25,3.32,3.19
2013-02-18,3.23,3.23,3.23,3.23
2013-02-19,3.26,3.26,3.26,3.26
2013-02-20,3.28,3.28,3.28,3.28
2013-02-21,3.3,3.3,3.3,3.3
2013-02-22,3.29,3.29,3.29,3.29
2013-02-25,3.33,3.33,3.33,3.33
2013-02-26,3.35,3.35,3.35,3.35
2013-02-27,3.3,3.3,3.3,3.3
2013-02-28,3.22,3.22,3.22,3.22
2013-03-01,3.4,3.4,3.4,3.4
2013-03-04,3.4,3.4,3.4,3.4
2013-03-05,3.27,3.27,3.27,3.27
2013-03-06,3.29,3.29,3.29,3.29
2013-03-07,3.3,3.3,3.3,3.3
2013-03-08,3.32,3.32,3.32,3.32
2013-03-11,3.3,3.3,3.3,3.3
2013-03-12,3.34,3.34,3.34,3.34
2013-03-13,3.29,3.29,3.29,3.29
2013-03-14,3.33,3.33,3.33,3.33
2013-03-15,3.3,3.3,3.3,3.3
2013-03-17,3.3,3.3,3.3,3.3
2013-03-18,3.33,3.33,3.33,3.33
2013-03-19,3.32,3.32,3.32,3.32
2013-03-20,3.3,3.3,3.3,3.3
2013-03-21,3.34,3.34,3.34,3.34
2013-03-22,3.3,3.3,3.3,3.3
2013-03-25,3.29,3.29,3.29,3.29
2013-03-26,3.3,3.3,3.3,3.3
2013-03-27,3.34,3.34,3.34,3.34
2013-03-28,3.3,3.3,3.3,3.3
2013-03-29,3.29,3.29,3.29,3.29
2013-04-01,3.33,3.33,3.33,3.33
2013-04-02,3.27,3.27,3.27,3.27
2013-04-03,3.26,3.26,3.26,3.26
2013-04-07,3.23,3.33,3.34,3.19
2013-04-08,3.24,3.24,3.24,3.24
2013-04-09,3.21,3.21,3.21,3.21
2013-04-10,3.17,3.17,3.17,3.17
2013-04-11,3.21,3.21,3.21,3.21
2013-04-12,3.27,3.27,3.27,3.27
2013-04-15,3.27,3.27,3.27,3.27
2013-04-16,3.12,3.12,3.12,3.12
2013-04-17,3.19,3.19,3.19,3.19
2013-04-18,3.19,3.19,3.19,3.19
2013-04-19,3.2,3.2,3.2,3.2
2013-04-22,3.25,3.25,3.25,3.25
2013-04-23,3.37,3.37,3.37,3.37
2013-04-24,3.2,3.2,3.2,3.2
2013-04-25,3.23,3.23,3.23,3.23
2013-04-26,3.23,3.23,3.23,3.23
2013-04-27,3.14,3.14,3.34,3.09
2013-05-02,3.13,3.13,3.13,3.13
2013-05-03,3.12,3.12,3.12,3.12
2013-05-06,3.16,3.16,3.16,3.16
2013-05-07,3.12,3.12,3.12,3.12
2013-05-08,3.16,3.16,3.16,3.16
2013-05-09,3.12,3.12,3.12,3.12
2013-05-10,3.12,3.12,3.12,3.12
2013-05-13,3.18,3.18,3.18,3.18
2013-05-14,3.2,3.2,3.2,3.2
2013-05-15,3.2,3.2,3.2,3.2
2013-05-16,3.2,3.2,3.2,3.2
2013-05-17,3.12,3.12,3.12,3.12
2013-05-18,3.12,3.12,3.12,3.12
2013-05-19,3.12,3.12,3.12,3.12
2013-05-20,3.12,3.12,3.12,3.12
2013-05-21,3.22,3.22,3.22,3.22
2013-05-22,3.15,3.15,3.15,3.15
2013-05-23,3.15,3.15,3.15,3.15
2013-05-24,3.2,3.2,3.2,3.2
2013-05-25,3.2,3.2,3.2,3.2
2013-05-27,3.2,3.2,3.2,3.2
2013-05-28,3.2,3.2,3.2,3.2
2013-05-29,3.18,3.18,3.18,3.18
2013-05-30,3.22,3.22,3.22,3.22
2013-05-31,3.15,3.15,3.15,3.15
2013-06-03,3.12,3.12,3.12,3.12
2013-06-04,3.16,3.16,3.16,3.16
2013-06-05,3.18,3.18,3.18,3.18
2013-06-06,3.16,3.16,3.16,3.16
2013-06-07,3.27,3.27,3.27,3.27
2013-06-08,3.25,3.19,3.3,3.15
2013-06-09,3.25,3.2,3.3,3.16
2013-06-13,3.23,3.23,3.23,3.23
2013-06-14,3.27,3.27,3.27,3.27
2013-06-16,3.27,3.27,3.27,3.27
2013-06-17,3.2,3.2,3.2,3.2
2013-06-18,3.25,3.25,3.25,3.25
2013-06-19,3.25,3.25,3.25,3.25
2013-06-20,3.3,3.3,3.3,3.3
2013-06-21,3.68,3.68,3.68,3.68
2013-06-23,3.68,3.68,3.68,3.68
2013-06-24,3.6,3.6,3.6,3.6
2013-06-25,3.5,3.5,3.5,3.5
2013-06-26,3.59,3.59,3.59,3.59
2013-06-27,3.49,3.49,3.49,3.49
2013-06-28,3.41,3.41,3.41,3.41
2013-07-01,3.41,3.41,3.41,3.41
2013-07-02,3.41,3.41,3.41,3.41
2013-07-03,3.27,3.27,3.27,3.27
2013-07-04,3.41,3.41,3.41,3.41
2013-07-05,3.25,3.25,3.25,3.25
2013-07-08,3.41,3.41,3.41,3.41
2013-07-09,3.36,3.36,3.36,3.36
2013-07-10,3.3,3.3,3.3,3.3
2013-07-11,3.42,3.42,3.42,3.42
2013-07-12,3.59,3.59,3.59,3.59
2013-07-15,3.36,3.36,3.36,3.36
2013-07-16,3.47,3.47,3.47,3.47
2013-07-17,3.5,3.5,3.5,3.5
2013-07-18,3.45,3.45,3.45,3.45
2013-07-19,3.5,3.5,3.5,3.5
2013-07-22,3.59,3.59,3.59,3.59
2013-07-23,3.62,3.62,3.62,3.62
2013-07-24,3.74,3.74,3.74,3.74
2013-07-25,3.76,3.39,3.76,3.39
2013-07-26,3.64,3.64,3.64,3.64
2013-07-29,3.65,3.65,3.65,3.65
2013-07-30,3.68,3.68,3.68,3.68
2013-07-31,3.7,3.39,3.7,3.39
2013-08-01,3.64,3.64,3.64,3.64
2013-08-02,3.65,3.39,3.65,3.39
2013-08-05,3.68,3.68,3.68,3.68
2013-08-06,3.65,3.65,3.65,3.65
2013-08-07,3.68,3.68,3.68,3.68
2013-08-08,3.75,3.75,3.75,3.75
2013-08-09,3.73,3.73,3.73,3.73
2013-08-10,3.73,3.73,3.73,3.73
2013-08-11,3.73,3.73,3.73,3.73
2013-08-12,3.73,3.73,3.73,3.73
2013-08-13,3.87,3.87,3.87,3.87
2013-08-14,3.88,3.88,3.88,3.88
2013-08-15,3.9,3.9,3.9,3.9
2013-08-16,3.88,3.88,3.88,3.88
2013-08-19,3.89,3.89,3.89,3.89
2013-08-20,3.89,3.89,3.89,3.89
2013-08-21,3.99,3.99,3.99,3.99
2013-08-22,3.98,3.98,3.98,3.98
2013-08-23,3.95,3.88,3.97,3.88
2013-08-26,3.86,3.86,3.86,3.86
2013-08-27,3.85,3.85,3.85,3.85
2013-08-28,3.91,3.91,3.91,3.91
2013-08-29,3.9,3.9,3.9,3.9
2013-08-30,3.9,3.9,3.9,3.9
2013-09-01,3.9,3.9,3.9,3.9
2013-09-02,3.85,3.85,3.85,3.85
2013-09-03,3.9,3.9,3.9,3.9
2013-09-04,3.94,3.94,3.94,3.94
2013-09-05,3.94,3.94,3.94,3.94
2013-09-06,3.97,3.97,3.97,3.97
2013-09-07,3.97,3.97,3.97,3.97
2013-09-08,3.97,3.97,3.97,3.97
2013-09-09,3.97,3.97,3.97,3.97
2013-09-10,3.98,3.98,3.98,3.98
2013-09-11,3.92,3.92,3.92,3.92
2013-09-12,3.94,3.94,3.94,3.94
2013-09-13,4.0,4.0,4.0,4.0
2013-09-15,4.0,4.0,4.0,4.0
2013-09-16,4.0,4.0,4.0,4.0
2013-09-17,4.0,4.0,4.0,4.0
2013-09-18,3.98,3.98,3.98,3.98
2013-09-22,4.0,4.04,4.06,3.88
2013-09-23,3.93,3.93,3.93,3.93
2013-09-24,3.95,3.95,3.95,3.95
2013-09-25,3.94,3.94,3.94,3.94
2013-09-26,3.85,3.85,3.85,3.85
2013-09-27,3.88,3.88,3.88,3.88
2013-09-29,3.89,3.86,3.98,3.83
2013-09-30,3.88,3.88,3.88,3.88
2013-10-08,3.86,3.86,3.86,3.86
2013-10-09,3.85,3.85,3.85,3.85
2013-10-10,3.88,3.88,3.88,3.88
2013-10-11,3.98,3.98,3.98,3.98
2013-10-12,3.89,3.87,3.99,3.83
2013-10-14,3.93,3.93,3.93,3.93
2013-10-15,3.93,3.93,3.93,3.93
2013-10-16,3.92,3.92,3.92,3.92
2013-10-17,3.91,3.91,3.91,3.91
2013-10-18,3.93,3.93,3.93,3.93
2013-10-21,3.92,3.92,3.92,3.92
2013-10-22,3.93,3.93,3.93,3.93
2013-10-23,3.96,3.96,3.96,3.96
2013-10-24,3.96,3.96,3.96,3.96
2013-10-25,3.96,3.96,3.96,3.96
2013-10-27,3.96,3.96,3.96,3.96
2013-10-28,4.09,4.09,4.09,4.09
2013-10-29,4.04,4.04,4.04,4.04
2013-10-30,3.96,3.96,3.96,3.96
2013-10-31,4.02,4.02,4.02,4.02
2013-11-01,4.02,4.02,4.02,4.02
2013-11-03,4.02,4.02,4.02,4.02
2013-11-04,4.11,4.11,4.11,4.11
2013-11-05,4.04,4.04,4.04,4.04
2013-11-06,4.15,4.15,4.15,4.15
2013-11-07,4.22,4.22,4.22,4.22
2013-11-08,4.11,4.11,4.11,4.11
2013-11-11,4.13,4.13,4.13,4.13
2013-11-12,4.32,4.32,4.32,4.32
2013-11-13,4.43,4.43,4.43,4.43
2013-11-14,4.43,4.43,4.43,4.43
2013-11-15,4.38,4.38,4.38,4.38
2013-11-17,4.38,4.38,4.38,4.38
2013-11-18,4.4,4.4,4.4,4.4
2013-11-19,4.51,4.51,4.51,4.51
2013-11-20,4.6,4.6,4.6,4.6
2013-11-21,4.53,4.53,4.53,4.53
2013-11-22,4.54,4.54,4.54,4.54
2013-11-25,4.54,4.54,4.54,4.54
2013-11-26,4.54,4.54,4.54,4.54
2013-11-27,4.45,4.45,4.45,4.45
2013-11-28,4.51,4.51,4.51,4.51
2013-11-29,4.4,4.4,4.4,4.4
2013-12-02,4.41,4.41,4.41,4.41
2013-12-03,4.39,4.39,4.39,4.39
2013-12-04,4.43,4.43,4.43,4.43
2013-12-05,4.39,4.39,4.39,4.39
2013-12-06,4.39,4.39,4.39,4.39
2013-12-09,4.44,4.44,4.44,4.44
2013-12-10,4.5,4.5,4.5,4.5
2013-12-11,4.44,4.44,4.44,4.44
2013-12-12,4.5,4.5,4.5,4.5
2013-12-13,4.49,4.49,4.49,4.49
2013-12-16,4.43,4.43,4.43,4.43
2013-12-17,4.47,4.47,4.47,4.47
2013-12-18,4.46,4.46,4.46,4.46
2013-12-19,4.44,4.44,4.44,4.44
2013-12-20,4.53,4.53,4.53,4.53
2013-12-23,4.46,4.46,4.46,4.46
2013-12-24,4.52,4.52,4.52,4.52
2013-12-25,4.37,4.37,4.37,4.37
2013-12-26,4.52,4.52,4.52,4.52
2013-12-27,4.46,4.46,4.46,4.46
2013-12-30,4.53,4.53,4.53,4.53
2013-12-31,4.49,4.49,4.49,4.49
2014-01-02,4.59,4.59,4.59,4.59
2014-01-03,4.5,4.5,4.5,4.5
2014-01-06,4.49,4.49,4.49,4.49
2014-01-07,4.55,4.55,4.55,4.55
2014-01-08,4.54,4.54,4.54,4.54
2014-01-09,4.51,4.51,4.51,4.51
2014-01-10,4.56,4.56,4.56,4.56
2014-01-13,4.49,4.49,4.49,4.49
2014-01-14,4.52,4.52,4.52,4.52
2014-01-15,4.49,4.49,4.49,4.49
2014-01-16,4.49,4.49,4.49,4.49
2014-01-17,4.47,4.42,4.5,4.39
2014-01-20,4.56,4.56,4.56,4.56
2014-01-21,4.52,4.52,4.52,4.52
2014-01-22,4.38,4.38,4.38,4.38
2014-01-23,4.5,4.5,4.5,4.5
2014-01-24,4.5,4.5,4.5,4.5
2014-01-26,4.5,4.41,4.54,4.31
2014-01-27,4.5,4.5,4.5,4.5
2014-01-28,4.44,4.44,4.44,4.44
2014-01-29,4.38,4.38,4.38,4.38
2014-01-30,4.45,4.45,4.45,4.45
2014-02-04,4.45,4.45,4.45,4.45
2014-02-07,4.54,4.54,4.54,4.54
2014-02-08,4.54,4.38,4.54,4.2
2014-02-10,4.38,4.38,4.38,4.38
2014-02-11,4.39,4.39,4.39,4.39
2014-02-12,4.38,4.38,4.38,4.38
2014-02-13,4.32,4.32,4.32,4.32
2014-02-14,4.26,4.26,4.26,4.26
2014-02-17,4.39,4.39,4.39,4.39
2014-02-18,4.27,4.27,4.27,4.27
2014-02-19,4.25,4.25,4.25,4.25
2014-02-20,4.25,4.25,4.25,4.25
2014-02-21,4.35,4.35,4.35,4.35
2014-02-24,4.36,4.36,4.36,4.36
2014-02-25,4.37,4.37,4.37,4.37
2014-02-26,4.18,4.18,4.18,4.18
2014-02-27,4.28,4.28,4.28,4.28
2014-02-28,4.13,4.26,4.26,4.08
2014-03-03,4.15,4.15,4.15,4.15
2014-03-04,4.11,4.11,4.11,4.11
2014-03-05,4.24,4.24,4.24,4.24
2014-03-06,4.25,4.25,4.25,4.25
2014-03-07,4.2,4.2,4.2,4.2
2014-03-09,4.2,4.2,4.2,4.2
2014-03-10,4.26,4.26,4.26,4.26
2014-03-11,4.28,4.28,4.28,4.28
2014-03-12,4.26,4.26,4.26,4.26
2014-03-13,4.26,4.26,4.26,4.26
2014-03-14,4.25,4.25,4.25,4.25
2014-03-17,4.24,4.24,4.24,4.24
2014-03-18,4.26,4.26,4.26,4.26
2014-03-19,4.19,4.19,4.19,4.19
2014-03-20,4.22,4.22,4.22,4.22
2014-03-21,4.22,4.25,4.28,4.15
2014-03-24,4.14,4.14,4.14,4.14
2014-03-25,4.15,4.15,4.15,4.15
2014-03-26,4.15,4.15,4.15,4.15
2014-03-27,4.25,4.25,4.25,4.25
2014-03-28,4.14,4.14,4.14,4.14
2014-03-31,4.25,4.25,4.25,4.25
2014-04-01,4.16,4.16,4.16,4.16
2014-04-02,4.18,4.18,4.18,4.18
2014-04-03,4.2,4.2,4.2,4.2
2014-04-04,4.18,4.18,4.18,4.18
2014-04-08,4.18,4.18,4.18,4.18
2014-04-09,4.2,4.2,4.2,4.2
2014-04-10,4.21,4.21,4.21,4.21
2014-04-11,4.17,4.17,4.17,4.17
2014-04-14,4.14,4.14,4.14,4.14
2014-04-15,4.16,4.16,4.16,4.16
2014-04-16,4.14,4.14,4.14,4.14
2014-04-17,4.14,4.14,4.14,4.14
2014-04-18,4.16,4.16,4.16,4.16
2014-04-21,4.08,4.08,4.08,4.08
2014-04-22,4.1,4.1,4.1,4.1
2014-04-23,4.1,4.1,4.1,4.1
2014-04-24,4.16,4.16,4.16,4.16
2014-04-25,4.16,4.16,4.16,4.16
2014-04-28,4.09,4.09,4.09,4.09
2014-04-29,4.1,4.06,4.16,4.02
2014-04-30,4.16,4.16,4.16,4.16
2014-05-04,4.1,4.08,4.13,4.04
2014-05-05,4.09,4.09,4.09,4.09
2014-05-06,4.08,4.09,4.12,4.05
2014-05-07,4.09,4.09,4.09,4.09
2014-05-08,4.09,4.09,4.09,4.09
2014-05-09,4.09,4.09,4.09,4.09
2014-05-12,3.98,3.98,3.98,3.98
2014-05-13,4.0,4.0,4.0,4.0
2014-05-14,4.03,4.03,4.03,4.03
2014-05-15,4.05,4.05,4.05,4.05
2014-05-16,4.05,4.05,4.05,4.05
2014-05-19,4.08,4.08,4.08,4.08
2014-05-20,4.04,4.04,4.04,4.04
2014-05-21,4.09,4.09,4.09,4.09
2014-05-22,4.0,4.0,4.0,4.0
2014-05-23,4.0,4.0,4.0,4.0
2014-05-25,4.0,4.0,4.0,4.0
2014-05-26,4.05,4.05,4.05,4.05
2014-05-27,3.98,3.98,3.98,3.98
2014-05-28,4.03,4.03,4.03,4.03
2014-05-29,3.96,3.96,3.96,3.96
2014-05-30,4.01,4.01,4.01,4.01
2014-06-03,3.86,3.86,3.86,3.86
2014-06-04,3.89,3.89,3.89,3.89
2014-06-05,3.84,3.84,3.84,3.84
2014-06-06,3.87,3.87,3.87,3.87
2014-06-09,3.91,3.91,3.91,3.91
2014-06-10,3.83,3.83,3.83,3.83
2014-06-11,3.83,3.83,3.83,3.83
2014-06-12,3.83,3.83,3.83,3.83
2014-06-13,3.85,3.85,3.85,3.85
2014-06-16,3.85,3.85,3.85,3.85
2014-06-17,3.82,3.82,3.82,3.82
2014-06-18,3.84,3.84,3.84,3.84
2014-06-19,3.84,3.84,3.84,3.84
2014-06-20,3.86,3.86,3.86,3.86
2014-06-23,3.82,3.82,3.82,3.82
2014-06-24,3.89,3.89,3.89,3.89
2014-06-25,3.85,3.85,3.85,3.85
2014-06-26,3.81,3.81,3.81,3.81
2014-06-27,3.81,3.81,3.89,3.8
2014-06-30,3.86,3.86,3.86,3.86
2014-07-01,3.85,3.85,3.85,3.85
2014-07-02,3.86,3.86,3.86,3.86
2014-07-03,3.93,3.93,3.93,3.93
2014-07-04,3.92,3.92,3.92,3.92
2014-07-07,3.96,3.96,3.96,3.96
2014-07-08,3.96,3.96,3.96,3.96
2014-07-09,3.96,3.96,3.96,3.96
2014-07-10,3.96,3.96,3.96,3.96
2014-07-11,3.98,3.98,3.98,3.98
2014-07-12,3.98,3.98,3.98,3.98
2014-07-14,3.96,3.96,3.96,3.96
2014-07-15,3.99,3.99,3.99,3.99
2014-07-16,4.0,4.0,4.0,4.0
2014-07-17,4.02,4.02,4.02,4.02
2014-07-18,4.08,4.08,4.08,4.08
2014-07-20,4.08,4.08,4.08,4.08
2014-07-21,4.08,4.08,4.08,4.08
2014-07-22,4.07,4.07,4.07,4.07
2014-07-23,4.05,4.05,4.05,4.05
2014-07-24,4.05,4.05,4.05,4.05
2014-07-25,4.05,4.05,4.05,4.05
2014-07-27,4.05,4.05,4.05,4.05
2014-07-28,4.04,4.04,4.04,4.04
2014-07-29,4.03,4.03,4.03,4.03
2014-07-30,4.03,4.03,4.03,4.03
2014-07-31,4.03,4.03,4.03,4.03
2014-08-01,4.02,4.02,4.02,4.02
2014-08-02,4.02,4.02,4.02,4.02
2014-08-04,4.02,4.02,4.02,4.02
2014-08-05,4.01,4.01,4.01,4.01
2014-08-06,4.01,4.01,4.01,4.01
2014-08-07,4.0,4.0,4.0,4.0
2014-08-08,4.0,4.0,4.0,4.0
2014-08-10,4.0,4.0,4.0,4.0
2014-08-11,4.0,4.0,4.0,4.0
2014-08-12,4.0,4.0,4.0,4.0
2014-08-13,4.0,4.0,4.0,4.0
2014-08-14,3.99,3.99,3.99,3.99
2014-08-15,3.98,3.98,3.98,3.98
2014-08-18,3.99,3.99,3.99,3.99
2014-08-19,3.98,3.98,3.98,3.98
2014-08-20,4.0,4.0,4.0,4.0
2014-08-21,4.01,4.01,4.01,4.01
2014-08-22,4.01,4.01,4.01,4.01
2014-08-25,4.02,4.02,4.02,4.02
2014-08-26,4.01,4.01,4.01,4.01
2014-08-27,4.02,4.02,4.02,4.02
2014-08-28,4.01,4.01,4.01,4.01
2014-08-29,4.0,4.0,4.0,4.0
2014-08-31,4.0,4.0,4.0,4.0
2014-09-01,4.0,4.0,4.0,4.0
2014-09-02,3.99,3.99,3.99,3.99
2014-09-03,4.0,4.0,4.0,4.0
2014-09-04,4.0,4.0,4.0,4.0
2014-09-05,4.0,4.0,4.0,4.0
2014-09-09,4.0,4.0,4.0,4.0
2014-09-11,4.02,4.02,4.02,4.02
2014-09-12,4.04,4.04,4.04,4.04
2014-09-13,4.04,4.04,4.04,4.04
2014-09-15,4.04,4.04,4.04,4.04
2014-09-16,4.03,4.03,4.03,4.03
2014-09-17,4.03,4.03,4.03,4.03
2014-09-18,4.01,4.01,4.02,4.01
2014-09-19,3.97,3.97,3.97,3.97
2014-09-22,3.93,3.93,3.93,3.93
2014-09-23,3.93,3.93,3.93,3.93
2014-09-24,3.93,3.93,3.93,3.93
2014-09-25,3.93,3.93,3.93,3.93
2014-09-26,3.94,3.94,3.94,3.94
2014-09-27,3.94,3.94,3.94,3.94
2014-09-28,3.94,3.94,3.94,3.94
2014-09-29,3.93,3.93,3.93,3.93
2014-09-30,3.93,3.93,3.93,3.93
2014-10-04,3.92,3.92,3.92,3.92
2014-10-08,3.93,3.93,3.93,3.93
2014-10-09,3.93,3.93,3.93,3.93
2014-10-10,3.92,3.92,3.92,3.92
2014-10-11,3.93,3.93,3.93,3.93
2014-10-13,3.91,3.91,3.91,3.91
2014-10-14,3.87,3.87,3.87,3.87
2014-10-15,3.79,3.79,3.79,3.79
2014-10-16,3.74,3.74,3.74,3.74
2014-10-17,3.71,3.71,3.71,3.71
2014-10-20,3.64,3.64,3.64,3.64
2014-10-21,3.62,3.62,3.62,3.62
2014-10-22,3.57,3.57,3.57,3.57
2014-10-23,3.58,3.58,3.58,3.58
2014-10-24,3.58,3.58,3.58,3.58
2014-10-27,3.6,3.6,3.6,3.6
2014-10-28,3.6,3.6,3.6,3.6
2014-10-29,3.57,3.57,3.57,3.57
2014-10-30,3.57,3.57,3.57,3.57
2014-10-31,3.57,3.57,3.57,3.57
2014-11-03,3.56,3.56,3.56,3.56
2014-11-04,3.53,3.53,3.53,3.53
2014-11-05,3.47,3.47,3.47,3.47
2014-11-06,3.47,3.47,3.47,3.47
2014-11-07,3.47,3.47,3.47,3.47
2014-11-10,3.41,3.41,3.41,3.41
2014-11-11,3.36,3.36,3.36,3.36
2014-11-12,3.34,3.34,3.34,3.34
2014-11-13,3.37,3.37,3.37,3.37
2014-11-14,3.41,3.41,3.41,3.41
2014-11-16,3.41,3.41,3.41,3.41
2014-11-17,3.44,3.44,3.44,3.44
2014-11-18,3.47,3.47,3.47,3.47
2014-11-19,3.45,3.45,3.45,3.45
2014-11-20,3.46,3.46,3.46,3.46
2014-11-21,3.48,3.48,3.48,3.48
2014-11-24,3.49,3.49,3.49,3.49
2014-11-25,3.4,3.4,3.4,3.4
2014-11-26,3.4,3.4,3.4,3.4
2014-11-27,3.41,3.41,3.41,3.41
2014-11-28,3.41,3.41,3.41,3.41
2014-11-30,3.41,3.41,3.41,3.41
2014-12-01,3.42,3.42,3.42,3.42
2014-12-02,3.41,3.41,3.41,3.41
2014-12-03,3.45,3.45,3.45,3.45
2014-12-04,3.49,3.49,3.49,3.49
2014-12-05,3.54,3.54,3.54,3.54
2014-12-08,3.61,3.61,3.61,3.61
2014-12-09,3.66,3.66,3.66,3.66
2014-12-10,3.67,3.67,3.67,3.67
2014-12-11,3.58,3.58,3.58,3.58
2014-12-12,3.55,3.55,3.55,3.55
2014-12-14,3.55,3.55,3.55,3.55
2014-12-15,3.57,3.57,3.57,3.57
2014-12-16,3.64,3.64,3.64,3.64
2014-12-17,3.6,3.6,3.6,3.6
2014-12-18,3.57,3.57,3.57,3.57
2014-12-19,3.58,3.58,3.58,3.58
2014-12-22,3.62,3.62,3.62,3.62
2014-12-23,3.62,3.62,3.62,3.62
2014-12-24,3.57,3.57,3.57,3.57
2014-12-25,3.53,3.53,3.53,3.53
2014-12-26,3.55,3.55,3.55,3.55
2014-12-28,3.55,3.55,3.55,3.55
2014-12-29,3.55,3.55,3.55,3.55
2014-12-30,3.55,3.55,3.55,3.55
2014-12-31,3.54,3.54,3.54,3.54
2015-01-01,3.54,3.54,3.54,3.54
2015-01-04,3.53,3.53,3.53,3.53
2015-01-05,3.54,3.54,3.54,3.54
2015-01-06,3.55,3.55,3.55,3.55
2015-01-07,3.54,3.54,3.54,3.54
2015-01-08,3.53,3.53,3.53,3.53
2015-01-09,3.54,3.54,3.54,3.54
2015-01-12,3.54,3.54,3.54,3.54
2015-01-13,3.53,3.53,3.53,3.53
2015-01-14,3.47,3.47,3.47,3.47
2015-01-15,3.46,3.46,3.46,3.46
2015-01-16,3.45,3.45,3.45,3.45
2015-01-19,3.43,3.43,3.43,3.43
2015-01-20,3.42,3.42,3.42,3.42
2015-01-21,3.41,3.41,3.41,3.41
2015-01-22,3.4,3.4,3.4,3.4
2015-01-23,3.38,3.38,3.38,3.38
2015-01-26,3.36,3.36,3.36,3.36
2015-01-27,3.35,3.35,3.35,3.35
2015-01-28,3.35,3.35,3.35,3.35
2015-01-29,3.38,3.38,3.38,3.38
2015-01-30,3.41,3.41,3.41,3.41
2015-02-01,3.41,3.41,3.41,3.41
2015-02-02,3.4,3.4,3.4,3.4
2015-02-03,3.38,3.38,3.38,3.38
2015-02-04,3.39,3.39,3.39,3.39
2015-02-05,3.38,3.38,3.38,3.38
2015-02-06,3.37,3.37,3.37,3.37
2015-02-09,3.36,3.36,3.36,3.36
2015-02-10,3.35,3.35,3.35,3.35
2015-02-11,3.34,3.34,3.34,3.34
2015-02-12,3.31,3.31,3.31,3.31
2015-02-13,3.28,3.28,3.28,3.28
2015-02-15,3.26,3.26,3.26,3.26
2015-02-16,3.26,3.26,3.26,3.26
2015-02-17,3.24,3.24,3.24,3.24
2015-02-19,3.24,3.24,3.24,3.24
2015-02-25,3.25,3.25,3.25,3.25
2015-02-26,3.22,3.22,3.22,3.22
2015-02-27,3.24,3.24,3.24,3.24
2015-02-28,3.25,3.26,3.26,3.24
2015-03-02,3.26,3.26,3.26,3.26
2015-03-03,3.28,3.28,3.28,3.28
2015-03-04,3.3,3.3,3.3,3.3
2015-03-05,3.31,3.31,3.31,3.31
2015-03-06,3.33,3.33,3.33,3.33
2015-03-09,3.32,3.32,3.32,3.32
2015-03-10,3.36,3.36,3.36,3.36
2015-03-11,3.36,3.36,3.36,3.36
2015-03-12,3.33,3.33,3.33,3.33
2015-03-13,3.32,3.32,3.32,3.32
2015-03-16,3.34,3.34,3.34,3.34
2015-03-17,3.36,3.36,3.36,3.36
2015-03-18,3.36,3.36,3.36,3.36
2015-03-19,3.37,3.37,3.37,3.37
2015-03-20,3.36,3.36,3.36,3.36
2015-03-23,3.33,3.33,3.33,3.33
2015-03-24,3.34,3.34,3.34,3.34
2015-03-25,3.34,3.34,3.34,3.34
2015-03-26,3.36,3.36,3.36,3.36
2015-03-27,3.39,3.39,3.39,3.39
2015-03-30,3.44,3.44,3.44,3.44
2015-03-31,3.48,3.48,3.48,3.48
2015-04-01,3.49,3.49,3.49,3.49
2015-04-02,3.47,3.47,3.47,3.47
2015-04-03,3.44,3.44,3.44,3.44
2015-04-07,3.43,3.43,3.43,3.43
2015-04-08,3.47,3.47,3.47,3.47
2015-04-09,3.49,3.49,3.49,3.49
2015-04-10,3.48,3.48,3.48,3.48
2015-04-13,3.48,3.48,3.48,3.48
2015-04-14,3.48,3.48,3.48,3.48
2015-04-15,3.48,3.48,3.48,3.48
2015-04-16,3.44,3.44,3.44,3.44
2015-04-17,3.43,3.43,3.43,3.43
2015-04-20,3.41,3.41,3.41,3.41
2015-04-21,3.34,3.34,3.34,3.34
2015-04-22,3.3,3.3,3.3,3.3
2015-04-23,3.31,3.31,3.31,3.31
2015-04-24,3.32,3.32,3.32,3.32
2015-04-27,3.32,3.32,3.32,3.32
2015-04-28,3.3,3.3,3.3,3.3
2015-04-29,3.29,3.29,3.29,3.29
2015-04-30,3.29,3.29,3.29,3.29
2015-05-04,3.28,3.28,3.28,3.28
2015-05-05,3.29,3.29,3.29,3.29
2015-05-06,3.29,3.29,3.29,3.29
2015-05-07,3.29,3.29,3.29,3.29
2015-05-08,3.29,3.29,3.29,3.29
2015-05-11,3.27,3.27,3.27,3.27
2015-05-12,3.22,3.22,3.22,3.22
2015-05-13,3.17,3.17,3.17,3.17
2015-05-14,3.07,3.07,3.07,3.07
2015-05-15,3.0,3.0,3.0,3.0
2015-05-18,3.05,3.05,3.05,3.05
2015-05-19,3.09,3.09,3.09,3.09
2015-05-20,3.11,3.11,3.11,3.11
2015-05-21,3.11,3.11,3.11,3.11
2015-05-22,3.11,3.11,3.11,3.11
2015-05-25,3.15,3.15,3.15,3.15
2015-05-26,3.16,3.16,3.16,3.16
2015-05-27,3.17,3.17,3.17,3.17
2015-05-28,3.19,3.19,3.19,3.19
2015-05-29,3.25,3.25,3.25,3.25
2015-05-30,3.25,3.25,3.25,3.25
2015-06-01,3.26,3.26,3.26,3.26
2015-06-02,3.28,3.28,3.28,3.28
2015-06-03,3.24,3.24,3.24,3.24
2015-06-04,3.23,3.23,3.23,3.23
2015-06-05,3.21,3.21,3.21,3.21
2015-06-07,3.21,3.21,3.21,3.21
2015-06-08,3.21,3.21,3.21,3.21
2015-06-09,3.22,3.22,3.22,3.22
2015-06-10,3.22,3.22,3.22,3.22
2015-06-11,3.23,3.23,3.23,3.23
2015-06-12,3.26,3.26,3.26,3.26
2015-06-15,3.23,3.23,3.23,3.23
2015-06-16,3.24,3.24,3.24,3.24
2015-06-17,3.24,3.24,3.24,3.24
2015-06-18,3.26,3.26,3.26,3.26
2015-06-19,3.22,3.22,3.22,3.22
2015-06-23,3.2,3.2,3.2,3.2
2015-06-24,3.21,3.21,3.21,3.21
2015-06-25,3.22,3.22,3.22,3.22
2015-06-26,3.23,3.23,3.23,3.23
2015-06-29,3.26,3.24,3.26,3.21
2015-06-30,3.25,3.25,3.25,3.25
2015-07-01,3.24,3.24,3.24,3.24
2015-07-02,3.2,3.2,3.2,3.2
2015-07-03,3.21,3.21,3.21,3.21
2015-07-06,3.19,3.19,3.19,3.19
2015-07-07,3.14,3.14,3.14,3.14
2015-07-08,3.16,3.16,3.16,3.16
2015-07-09,3.15,3.15,3.15,3.15
2015-07-10,3.13,3.13,3.13,3.13
2015-07-13,3.13,3.13,3.13,3.13
2015-07-14,3.16,3.16,3.16,3.16
2015-07-15,3.19,3.19,3.19,3.19
2015-07-16,3.18,3.18,3.18,3.18
2015-07-17,3.17,3.17,3.17,3.17
2015-07-18,3.17,3.17,3.17,3.17
2015-07-20,3.17,3.17,3.17,3.17
2015-07-21,3.17,3.17,3.17,3.17
2015-07-22,3.19,3.19,3.19,3.19
2015-07-23,3.17,3.17,3.17,3.17
2015-07-24,3.18,3.18,3.18,3.18
2015-07-27,3.17,3.17,3.17,3.17
2015-07-28,3.17,3.17,3.17,3.17
2015-07-29,3.16,3.16,3.16,3.16
2015-07-30,3.16,3.16,3.16,3.16
2015-07-31,3.18,3.18,3.18,3.18
2015-08-03,3.2,3.2,3.2,3.2
2015-08-04,3.21,3.21,3.21,3.21
2015-08-05,3.21,3.21,3.21,3.21
2015-08-06,3.21,3.21,3.21,3.21
2015-08-07,3.17,3.17,3.17,3.17
2015-08-10,3.18,3.18,3.18,3.18
2015-08-11,3.19,3.19,3.19,3.19
2015-08-12,3.26,3.26,3.26,3.26
2015-08-13,3.27,3.27,3.27,3.27
2015-08-14,3.27,3.27,3.27,3.27
2015-08-17,3.26,3.26,3.26,3.26
2015-08-18,3.26,3.26,3.26,3.26
2015-08-19,3.26,3.26,3.26,3.26
2015-08-20,3.27,3.27,3.27,3.27
2015-08-21,3.27,3.27,3.27,3.27
2015-08-24,3.25,3.25,3.25,3.25
2015-08-25,3.24,3.24,3.24,3.24
2015-08-26,3.21,3.21,3.21,3.21
2015-08-27,3.2,3.2,3.2,3.2
2015-08-28,3.17,3.17,3.17,3.17
2015-08-31,3.16,3.16,3.16,3.16
2015-09-01,3.14,3.14,3.14,3.14
2015-09-02,3.14,3.14,3.14,3.14
2015-09-05,3.14,3.14,3.14,3.14
2015-09-06,3.16,3.16,3.16,3.16
2015-09-07,3.16,3.16,3.16,3.16
2015-09-08,3.2,3.2,3.2,3.2
2015-09-09,3.19,3.19,3.19,3.19
2015-09-10,3.2,3.2,3.2,3.2
2015-09-11,3.2,3.2,3.2,3.2
2015-09-14,3.19,3.19,3.19,3.19
2015-09-15,3.19,3.19,3.19,3.19
2015-09-16,3.18,3.18,3.18,3.18
2015-09-17,3.19,3.19,3.19,3.19
2015-09-18,3.21,3.21,3.21,3.21
2015-09-21,3.19,3.19,3.19,3.19
2015-09-22,3.19,3.19,3.19,3.19
2015-09-23,3.19,3.19,3.19,3.19
2015-09-24,3.19,3.19,3.19,3.19
2015-09-25,3.18,3.18,3.18,3.18
2015-09-27,3.18,3.18,3.18,3.18
2015-09-28,3.17,3.17,3.17,3.17
2015-09-29,3.14,3.14,3.14,3.14
2015-09-30,3.09,3.09,3.09,3.09
2015-10-03,3.09,3.09,3.09,3.09
2015-10-08,3.08,3.08,3.08,3.08
2015-10-09,3.06,3.06,3.06,3.06
2015-10-10,3.0,3.0,3.0,3.0
2015-10-12,2.98,2.98,2.98,2.98
2015-10-13,2.98,2.98,2.98,2.98
2015-10-14,2.95,2.95,2.95,2.95
2015-10-15,2.91,2.91,2.91,2.91
2015-10-16,2.94,2.94,2.94,2.94
2015-10-18,2.94,2.94,2.94,2.94
2015-10-19,2.99,2.99,2.99,2.99
2015-10-20,2.98,2.98,2.98,2.98
2015-10-21,2.93,2.93,2.93,2.93
2015-10-22,2.93,2.93,2.93,2.93
2015-10-23,2.92,2.92,2.92,2.92
2015-10-26,2.9,2.9,2.9,2.9
2015-10-27,2.87,2.87,2.87,2.87
2015-10-28,2.84,2.84,2.84,2.84
2015-10-29,2.85,2.85,2.85,2.85
2015-10-30,2.9,2.9,2.9,2.9
2015-11-02,2.92,2.92,2.92,2.92
2015-11-03,2.91,2.91,2.91,2.91
2015-11-04,2.94,2.94,2.94,2.94
2015-11-05,2.97,2.97,2.97,2.97
2015-11-06,2.97,2.97,2.97,2.97
2015-11-09,2.98,2.98,2.98,2.98
2015-11-10,3.04,3.04,3.04,3.04
2015-11-11,3.04,3.04,3.04,3.04
2015-11-12,3.02,3.02,3.02,3.02
2015-11-13,3.01,3.01,3.01,3.01
2015-11-16,3.01,3.01,3.01,3.01
2015-11-17,3.0,3.0,3.0,3.0
2015-11-18,3.01,3.01,3.01,3.01
2015-11-19,3.03,3.03,3.03,3.03
2015-11-20,3.01,3.01,3.01,3.01
2015-11-22,3.01,3.01,3.01,3.01
2015-11-23,3.0,3.0,3.0,3.0
2015-11-24,3.01,3.01,3.01,3.01
2015-11-25,2.99,2.99,2.99,2.99
2015-11-26,2.96,2.96,2.96,2.96
2015-11-27,2.94,2.94,2.94,2.94
2015-11-30,2.93,2.93,2.93,2.93
2015-12-01,2.91,2.91,2.91,2.91
2015-12-02,2.91,2.91,2.91,2.91
2015-12-03,2.92,2.92,2.92,2.92
2015-12-04,2.88,2.88,2.88,2.88
2015-12-07,2.88,2.88,2.88,2.88
2015-12-08,2.88,2.88,2.88,2.88
2015-12-09,2.85,2.85,2.85,2.85
2015-12-10,2.84,2.84,2.84,2.84
2015-12-11,2.84,2.84,2.84,2.84
2015-12-14,2.84,2.84,2.84,2.84
2015-12-15,2.86,2.86,2.86,2.86
2015-12-16,2.84,2.84,2.84,2.84
2015-12-17,2.82,2.82,2.82,2.82
2015-12-18,2.78,2.78,2.78,2.78
2015-12-21,2.74,2.74,2.74,2.74
2015-12-22,2.72,2.72,2.72,2.72
2015-12-23,2.68,2.68,2.68,2.68
2015-12-24,2.69,2.69,2.69,2.69
2015-12-25,2.68,2.68,2.68,2.68
2015-12-28,2.68,2.68,2.68,2.68
2015-12-29,2.67,2.67,2.67,2.67
2015-12-30,2.68,2.68,2.68,2.68
2015-12-31,2.71,2.71,2.71,2.71
2016-01-04,2.72,2.72,2.72,2.72
2016-01-05,2.76,2.76,2.76,2.76
2016-01-06,2.79,2.79,2.79,2.79
2016-01-07,2.77,2.77,2.77,2.77
2016-01-08,2.76,2.76,2.76,2.76
2016-01-10,2.76,2.76,2.76,2.76
2016-01-11,2.74,2.74,2.74,2.74
2016-01-12,2.7,2.7,2.7,2.7
2016-01-13,2.67,2.67,2.67,2.67
2016-01-14,2.62,2.62,2.62,2.62
2016-01-15,2.62,2.62,2.62,2.62
2016-01-18,2.64,2.64,2.64,2.64
2016-01-19,2.66,2.66,2.66,2.66
2016-01-20,2.68,2.68,2.68,2.68
2016-01-21,2.7,2.7,2.7,2.7
2016-01-22,2.69,2.69,2.69,2.69
2016-01-25,2.69,2.69,2.69,2.69
2016-01-26,2.74,2.74,2.74,2.74
2016-01-27,2.78,2.78,2.78,2.78
2016-01-28,2.8,2.8,2.8,2.8
2016-01-29,2.79,2.79,2.79,2.79
2016-02-01,2.76,2.76,2.76,2.76
2016-02-02,2.73,2.73,2.73,2.73
2016-02-03,2.75,2.75,2.75,2.75
2016-02-04,2.75,2.75,2.75,2.75
2016-02-05,2.73,2.73,2.73,2.73
2016-02-06,2.73,2.73,2.73,2.73
2016-02-14,2.75,2.73,2.76,2.73
2016-02-15,2.69,2.69,2.69,2.69
2016-02-16,2.68,2.68,2.68,2.68
2016-02-17,2.7,2.7,2.7,2.7
2016-02-18,2.71,2.71,2.71,2.71
2016-02-19,2.7,2.7,2.7,2.7
2016-02-22,2.69,2.69,2.69,2.69
2016-02-23,2.68,2.68,2.68,2.68
2016-02-24,2.67,2.67,2.67,2.67
2016-02-25,2.66,2.66,2.66,2.66
2016-02-26,2.67,2.67,2.67,2.67
2016-02-29,2.65,2.65,2.65,2.65
2016-03-01,2.65,2.65,2.65,2.65
2016-03-02,2.63,2.63,2.63,2.63
2016-03-03,2.63,2.63,2.63,2.63
2016-03-04,2.64,2.64,2.64,2.64
2016-03-07,2.64,2.64,2.64,2.64
2016-03-08,2.65,2.65,2.65,2.65
2016-03-09,2.66,2.66,2.66,2.66
2016-03-10,2.62,2.62,2.62,2.62
2016-03-11,2.61,2.61,2.61,2.61
2016-03-14,2.59,2.59,2.59,2.59
2016-03-15,2.59,2.59,2.59,2.59
2016-03-16,2.6,2.6,2.6,2.6
2016-03-17,2.58,2.58,2.58,2.58
2016-03-18,2.59,2.59,2.59,2.59
2016-03-21,2.56,2.56,2.56,2.56
2016-03-22,2.58,2.58,2.58,2.58
2016-03-23,2.58,2.58,2.58,2.58
2016-03-24,2.58,2.58,2.58,2.58
2016-03-25,2.56,2.56,2.56,2.56
2016-03-28,2.54,2.54,2.54,2.54
2016-03-29,2.54,2.54,2.54,2.54
2016-03-30,2.55,2.55,2.55,2.55
2016-03-31,2.53,2.53,2.53,2.53
2016-04-01,2.52,2.52,2.52,2.52
2016-04-04,2.52,2.52,2.52,2.52
2016-04-05,2.52,2.52,2.52,2.52
2016-04-06,2.53,2.53,2.53,2.53
2016-04-07,2.56,2.56,2.56,2.56
2016-04-08,2.56,2.56,2.56,2.56
2016-04-11,2.58,2.58,2.58,2.58
2016-04-12,2.58,2.58,2.58,2.58
2016-04-13,2.6,2.6,2.6,2.6
2016-04-14,2.65,2.65,2.65,2.65
2016-04-15,2.67,2.67,2.67,2.67
2016-04-18,2.69,2.69,2.69,2.69
2016-04-19,2.68,2.68,2.68,2.68
2016-04-20,2.68,2.68,2.68,2.68
2016-04-21,2.73,2.73,2.73,2.73
2016-04-22,2.71,2.71,2.71,2.71
2016-04-25,2.73,2.73,2.73,2.73
2016-04-26,2.81,2.81,2.81,2.81
2016-04-27,2.79,2.79,2.79,2.79
2016-04-28,2.77,2.77,2.77,2.77
2016-04-29,2.77,2.77,2.77,2.77
2016-05-03,2.76,2.76,2.76,2.76
2016-05-04,2.75,2.75,2.75,2.75
2016-05-05,2.72,2.72,2.72,2.72
2016-05-06,2.71,2.71,2.71,2.71
2016-05-09,2.72,2.72,2.72,2.72
2016-05-10,2.69,2.69,2.69,2.69
2016-05-11,2.69,2.69,2.69,2.69
2016-05-12,2.7,2.7,2.7,2.7
2016-05-13,2.68,2.68,2.68,2.68
2016-05-16,2.68,2.68,2.68,2.68
2016-05-17,2.68,2.68,2.68,2.68
2016-05-18,2.69,2.69,2.69,2.69
2016-05-19,2.73,2.73,2.73,2.73
2016-05-20,2.72,2.72,2.72,2.72
2016-05-21,2.76,2.72,2.76,2.72
2016-05-23,2.76,2.76,2.76,2.76
2016-05-24,2.76,2.76,2.76,2.76
2016-05-25,2.76,2.76,2.76,2.76
2016-05-26,2.77,2.77,2.77,2.77
2016-05-27,2.77,2.77,2.77,2.77
2016-05-30,2.78,2.78,2.78,2.78
2016-05-31,2.77,2.77,2.77,2.77
2016-06-01,2.77,2.77,2.77,2.77
2016-06-02,2.77,2.77,2.77,2.77
2016-06-03,2.78,2.78,2.78,2.78
2016-06-06,2.79,2.79,2.79,2.79
2016-06-07,2.78,2.78,2.78,2.78
2016-06-08,2.78,2.78,2.78,2.78
2016-06-11,2.78,2.78,2.78,2.78
2016-06-12,2.82,2.82,2.82,2.82
2016-06-13,2.81,2.81,2.81,2.81
2016-06-14,2.81,2.81,2.81,2.81
2016-06-15,2.79,2.79,2.79,2.79
2016-06-16,2.78,2.78,2.78,2.78
2016-06-17,2.77,2.77,2.77,2.77
2016-06-20,2.77,2.77,2.77,2.77
2016-06-21,2.78,2.78,2.78,2.78
2016-06-22,2.78,2.78,2.78,2.78
2016-06-23,2.76,2.76,2.76,2.76
2016-06-24,2.76,2.76,2.76,2.76
2016-06-27,2.71,2.71,2.71,2.71
2016-06-28,2.69,2.69,2.69,2.69
2016-06-29,2.7,2.7,2.7,2.7
2016-06-30,2.7,2.7,2.7,2.7
2016-07-01,2.69,2.69,2.69,2.69
2016-07-03,2.66,2.66,2.66,2.66
2016-07-04,2.67,2.67,2.67,2.67
2016-07-05,2.69,2.69,2.69,2.69
2016-07-06,2.69,2.69,2.69,2.69
2016-07-07,2.67,2.67,2.67,2.67
2016-07-08,2.65,2.65,2.65,2.65
2016-07-10,2.65,2.65,2.65,2.65
2016-07-11,2.66,2.66,2.66,2.66
2016-07-12,2.67,2.67,2.67,2.67
2016-07-13,2.69,2.69,2.69,2.69
2016-07-14,2.7,2.7,2.7,2.7
2016-07-15,2.69,2.69,2.69,2.69
2016-07-18,2.69,2.69,2.69,2.69
2016-07-19,2.68,2.68,2.68,2.68
2016-07-20,2.67,2.67,2.67,2.67
2016-07-21,2.63,2.63,2.63,2.63
2016-07-22,2.62,2.62,2.62,2.62
2016-07-25,2.62,2.62,2.62,2.62
2016-07-26,2.61,2.61,2.61,2.61
2016-07-27,2.63,2.63,2.63,2.63
2016-07-28,2.61,2.61,2.61,2.61
2016-07-29,2.61,2.61,2.61,2.61
2016-08-01,2.61,2.61,2.61,2.61
2016-08-02,2.6,2.6,2.6,2.6
2016-08-03,2.61,2.61,2.61,2.61
2016-08-04,2.6,2.6,2.6,2.6
2016-08-05,2.6,2.6,2.6,2.6
2016-08-06,2.6,2.6,2.6,2.6
2016-08-08,2.58,2.58,2.58,2.58
2016-08-09,2.58,2.58,2.58,2.58
2016-08-10,2.56,2.56,2.56,2.56
2016-08-11,2.53,2.53,2.53,2.53
2016-08-12,2.52,2.52,2.52,2.52
2016-08-13,2.52,2.52,2.52,2.52
2016-08-14,2.52,2.52,2.52,2.52
2016-08-15,2.52,2.52,2.52,2.52
2016-08-16,2.51,2.51,2.51,2.51
2016-08-17,2.52,2.52,2.52,2.52
2016-08-18,2.52,2.52,2.52,2.52
2016-08-19,2.53,2.53,2.53,2.53
2016-08-22,2.54,2.54,2.54,2.54
2016-08-23,2.56,2.56,2.56,2.56
2016-08-24,2.58,2.58,2.58,2.58
2016-08-25,2.59,2.59,2.59,2.59
2016-08-26,2.58,2.58,2.58,2.58
2016-08-29,2.58,2.58,2.58,2.58
2016-08-30,2.59,2.59,2.59,2.59
2016-08-31,2.59,2.59,2.59,2.59
2016-09-01,2.59,2.59,2.59,2.59
2016-09-02,2.59,2.59,2.59,2.59
2016-09-05,2.59,2.59,2.59,2.59
2016-09-06,2.59,2.59,2.59,2.59
2016-09-07,2.59,2.59,2.59,2.59
2016-09-08,2.59,2.59,2.59,2.59
2016-09-09,2.59,2.59,2.59,2.59
2016-09-12,2.58,2.58,2.58,2.58
2016-09-13,2.59,2.59,2.59,2.59
2016-09-14,2.58,2.58,2.58,2.58
2016-09-15,2.58,2.58,2.58,2.58
2016-09-16,2.56,2.56,2.56,2.43
2016-09-17,2.56,2.56,2.56,2.56
2016-09-18,2.6,2.6,2.6,2.6
2016-09-19,2.59,2.59,2.59,2.59
2016-09-20,2.59,2.59,2.59,2.59
2016-09-21,2.58,2.58,2.58,2.58
2016-09-22,2.57,2.57,2.57,2.57
2016-09-23,2.57,2.57,2.57,2.57
2016-09-24,2.57,2.57,2.57,2.57
2016-09-25,2.57,2.57,2.57,2.57
2016-09-26,2.56,2.56,2.56,2.56
2016-09-27,2.56,2.56,2.56,2.56
2016-09-28,2.56,2.56,2.56,2.56
2016-09-29,2.57,2.57,2.57,2.57
2016-09-30,2.57,2.57,2.57,2.57
2016-10-08,2.55,2.55,2.55,2.55
2016-10-09,2.54,2.54,2.54,2.54
2016-10-10,2.54,2.54,2.54,2.54
2016-10-11,2.53,2.53,2.53,2.53
2016-10-12,2.53,2.53,2.53,2.53
2016-10-13,2.53,2.53,2.53,2.53
2016-10-14,2.52,2.52,2.52,2.52
2016-10-15,2.52,2.52,2.52,2.52
2016-10-17,2.48,2.48,2.48,2.48
2016-10-18,2.48,2.48,2.48,2.48
2016-10-19,2.47,2.47,2.47,2.47
2016-10-20,2.44,2.44,2.44,2.44
2016-10-21,2.42,2.42,2.42,2.42
2016-10-24,2.43,2.43,2.43,2.43
2016-10-25,2.43,2.43,2.43,2.43
2016-10-26,2.44,2.44,2.44,2.44
2016-10-27,2.48,2.48,2.48,2.48
2016-10-28,2.47,2.47,2.47,2.47
2016-10-30,2.47,2.41,2.47,2.41
2016-10-31,2.48,2.48,2.48,2.48
2016-11-01,2.48,2.48,2.48,2.48
2016-11-02,2.49,2.49,2.49,2.49
2016-11-03,2.48,2.48,2.48,2.48
2016-11-04,2.48,2.48,2.48,2.48
2016-11-07,2.49,2.49,2.49,2.49
2016-11-08,2.51,2.51,2.51,2.51
2016-11-09,2.51,2.51,2.51,2.51
2016-11-10,2.53,2.53,2.53,2.53
2016-11-11,2.54,2.54,2.54,2.54
2016-11-14,2.57,2.57,2.57,2.57
2016-11-15,2.61,2.61,2.61,2.61
2016-11-16,2.62,2.62,2.62,2.62
2016-11-17,2.64,2.64,2.64,2.64
2016-11-18,2.68,2.68,2.68,2.68
2016-11-21,2.68,2.68,2.68,2.68
2016-11-22,2.69,2.69,2.69,2.69
2016-11-23,2.67,2.67,2.67,2.67
2016-11-24,2.66,2.66,2.66,2.66
2016-11-25,2.67,2.67,2.67,2.67
2016-11-28,2.66,2.66,2.66,2.66
2016-11-29,2.71,2.71,2.71,2.71
2016-11-30,2.77,2.77,2.77,2.77
2016-12-01,2.77,2.77,2.77,2.77
2016-12-02,2.81,2.81,2.81,2.81
2016-12-05,2.83,2.83,2.83,2.83
2016-12-06,2.86,2.86,2.86,2.86
2016-12-07,2.91,2.91,2.91,2.91
2016-12-08,2.88,2.88,2.88,2.88
2016-12-09,2.88,2.88,2.88,2.88
2016-12-12,2.89,2.89,2.89,2.89
2016-12-13,2.93,2.93,2.93,2.93
2016-12-14,2.95,2.95,2.95,2.95
2016-12-15,2.97,2.97,2.97,2.97
2016-12-16,3.11,3.11,3.11,3.11
2016-12-19,3.1,3.1,3.1,3.1
2016-12-20,3.19,3.19,3.19,3.19
2016-12-21,3.21,3.21,3.21,3.21
2016-12-22,3.14,3.14,3.14,3.14
2016-12-23,3.09,3.09,3.09,3.09
2016-12-26,3.02,3.02,3.02,3.02
2016-12-27,2.98,2.98,2.98,2.98
2016-12-28,2.96,2.96,2.96,2.96
2016-12-29,2.94,2.94,2.94,2.94
2016-12-30,2.88,2.88,2.88,2.88
2017-01-03,2.9,2.9,2.9,2.9
2017-01-04,2.93,2.93,2.93,2.93
2017-01-05,2.97,2.97,2.97,2.97
2017-01-06,2.97,2.97,2.97,2.97
2017-01-09,2.97,2.97,2.97,2.97
2017-01-10,2.96,2.96,2.96,2.96
2017-01-11,2.96,2.96,2.96,2.96
2017-01-12,2.97,2.97,2.97,2.97
2017-01-13,2.97,2.97,2.97,2.97
2017-01-16,2.98,2.98,2.98,2.98
2017-01-17,2.99,2.99,2.99,2.99
2017-01-18,2.99,2.99,2.99,2.99
2017-01-19,2.99,2.99,2.99,2.99
2017-01-20,2.99,2.99,2.99,2.99
2017-01-22,2.98,2.98,2.98,2.98
2017-01-23,2.98,2.98,2.98,2.98
2017-01-24,2.97,2.97,2.97,2.97
2017-01-25,2.99,2.99,2.99,2.99
2017-01-26,3.04,3.04,3.04,3.04
2017-01-27,3.04,3.04,3.04,3.04
2017-02-03,3.0,3.04,3.06,3.0
2017-02-04,3.08,3.08,3.08,3.08
2017-02-06,3.12,3.12,3.12,3.09
2017-02-07,3.12,3.11,3.12,3.11
2017-02-08,3.12,3.11,3.12,3.11
2017-02-09,3.11,3.11,3.12,3.11
2017-02-10,3.12,3.09,3.12,3.09
2017-02-13,3.1,3.07,3.1,3.07
2017-02-14,3.09,3.05,3.09,3.05
2017-02-15,3.06,3.07,3.07,3.06
2017-02-16,3.08,3.07,3.08,3.07
2017-02-17,3.08,3.07,3.08,3.07
2017-02-20,3.04,3.03,3.05,3.03
2017-02-21,3.01,3.0,3.01,3.0
2017-02-22,3.02,3.01,3.02,3.0
2017-02-23,3.01,3.01,3.04,3.0
2017-02-24,3.0,3.01,3.01,2.99
2017-02-27,3.04,3.0,3.04,2.99
2017-02-28,3.0,3.0,3.0,2.98
2017-03-01,2.98,2.96,2.98,2.96
2017-03-02,2.98,2.96,3.0,2.95
2017-03-03,3.01,3.0,3.02,3.0
2017-03-06,3.01,3.0,3.01,3.0
2017-03-07,3.01,3.01,3.01,3.0
2017-03-08,3.01,3.01,3.02,3.0
2017-03-09,3.01,2.99,3.01,2.99
2017-03-10,3.0,3.02,3.02,3.0
2017-03-13,3.08,3.07,3.08,3.05
2017-03-14,3.05,3.04,3.05,3.04
2017-03-15,3.05,3.06,3.06,3.05
2017-03-16,3.06,3.04,3.06,3.03
2017-03-17,3.03,3.05,3.05,3.03
2017-03-18,3.05,3.05,3.05,3.05
2017-03-20,3.06,3.04,3.06,3.04
2017-03-21,3.05,3.06,3.06,3.05
2017-03-22,3.07,3.08,3.08,3.07
2017-03-23,3.08,3.08,3.08,3.08
2017-03-24,3.1,3.1,3.1,3.1
2017-03-26,3.1,3.1,3.1,3.1
2017-03-27,3.05,3.06,3.07,3.05
2017-03-28,3.06,3.04,3.06,3.04
2017-03-29,3.08,3.07,3.08,3.05
2017-03-30,3.07,3.09,3.09,3.07
2017-03-31,3.09,3.09,3.09,3.09
2017-04-01,3.09,3.1,3.1,3.09
2017-04-03,3.1,3.1,3.1,3.1
2017-04-05,3.15,3.12,3.15,3.12
2017-04-06,3.12,3.13,3.13,3.11
2017-04-07,3.13,3.12,3.13,3.12
2017-04-10,3.18,3.13,3.18,3.11
2017-04-11,3.14,3.14,3.14,3.13
2017-04-12,3.15,3.16,3.16,3.13
2017-04-13,3.15,3.18,3.18,3.15
2017-04-14,3.17,3.19,3.19,3.17
2017-04-17,3.22,3.21,3.23,3.19
2017-04-18,3.22,3.26,3.28,3.22
2017-04-19,3.27,3.29,3.29,3.26
2017-04-20,3.28,3.29,3.3,3.28
2017-04-21,3.29,3.3,3.3,3.27
2017-04-22,3.3,3.3,3.3,3.3
2017-04-24,3.35,3.34,3.35,3.34
2017-04-25,3.34,3.38,3.38,3.33
2017-04-26,3.36,3.35,3.36,3.35
2017-04-27,3.35,3.33,3.35,3.33
2017-04-28,3.32,3.35,3.35,3.32
2017-05-02,3.35,3.36,3.36,3.34
2017-05-03,3.35,3.38,3.4,3.35
2017-05-04,3.39,3.43,3.45,3.38
2017-05-05,3.45,3.48,3.49,3.45
2017-05-07,3.48,3.48,3.48,3.48
2017-05-08,3.52,3.52,3.52,3.49
2017-05-09,3.53,3.58,3.58,3.53
2017-05-10,3.58,3.62,3.62,3.57
2017-05-11,3.6,3.7,3.71,3.6
2017-05-12,3.7,3.66,3.7,3.66
2017-05-15,3.7,3.68,3.7,3.68
2017-05-16,3.68,3.66,3.68,3.66
2017-05-17,3.66,3.68,3.68,3.66
2017-05-18,3.68,3.71,3.71,3.68
2017-05-19,3.7,3.69,3.7,3.69
2017-05-22,3.71,3.72,3.73,3.7
2017-05-23,3.73,3.73,3.75,3.72
2017-05-24,3.74,3.72,3.74,3.72
2017-05-25,3.73,3.69,3.73,3.68
2017-05-26,3.71,3.68,3.71,3.68
2017-05-27,3.68,3.67,3.69,3.67
2017-05-31,3.68,3.65,3.68,3.64
2017-06-01,3.68,3.6,3.68,3.6
2017-06-02,3.6,3.6,3.6,3.59
2017-06-05,3.65,3.59,3.65,3.58
2017-06-06,3.58,3.59,3.6,3.58
2017-06-07,3.62,3.62,3.63,3.6
2017-06-08,3.61,3.63,3.63,3.61
2017-06-09,3.63,3.66,3.66,3.62
2017-06-12,3.6,3.63,3.63,3.59
2017-06-13,3.62,3.59,3.62,3.57
2017-06-14,3.58,3.58,3.6,3.57
2017-06-15,3.59,3.57,3.59,3.55
2017-06-16,3.56,3.57,3.58,3.56
2017-06-19,3.6,3.56,3.6,3.55
2017-06-20,3.55,3.49,3.55,3.49
2017-06-21,3.52,3.5,3.52,3.47
2017-06-22,3.52,3.56,3.56,3.52
2017-06-23,3.56,3.56,3.56,3.53
2017-06-25,3.56,3.56,3.56,3.56
2017-06-26,3.6,3.52,3.6,3.51
2017-06-27,3.52,3.49,3.52,3.49
2017-06-28,3.51,3.49,3.51,3.48
2017-06-29,3.48,3.49,3.49,3.48
2017-06-30,3.49,3.5,3.51,3.49
2017-07-01,3.5,3.5,3.5,3.5
2017-07-02,3.5,3.5,3.5,3.5
2017-07-03,3.51,3.52,3.52,3.49
2017-07-04,3.54,3.55,3.56,3.54
2017-07-05,3.56,3.54,3.56,3.54
2017-07-06,3.54,3.52,3.55,3.51
2017-07-07,3.52,3.51,3.54,3.51
2017-07-10,3.51,3.51,3.52,3.5
2017-07-11,3.51,3.52,3.52,3.51
2017-07-12,3.52,3.53,3.53,3.51
2017-07-13,3.53,3.53,3.53,3.51
2017-07-14,3.53,3.53,3.53,3.52
2017-07-17,3.53,3.53,3.55,3.5
2017-07-18,3.53,3.54,3.54,3.53
2017-07-19,3.54,3.57,3.57,3.54
2017-07-20,3.57,3.56,3.58,3.55
2017-07-21,3.56,3.56,3.57,3.55
2017-07-24,3.56,3.56,3.56,3.54
2017-07-25,3.56,3.56,3.56,3.55
2017-07-26,3.56,3.58,3.58,3.56
2017-07-27,3.58,3.6,3.6,3.58
2017-07-28,3.59,3.6,3.6,3.59
2017-07-31,3.59,3.57,3.59,3.55
2017-08-01,3.57,3.59,3.6,3.57
2017-08-02,3.59,3.6,3.6,3.59
2017-08-03,3.59,3.59,3.62,3.57
2017-08-04,3.59,3.58,3.61,3.58
2017-08-07,3.58,3.6,3.6,3.57
2017-08-08,3.6,3.62,3.62,3.6
2017-08-09,3.62,3.64,3.64,3.62
2017-08-10,3.64,3.64,3.66,3.63
2017-08-11,3.64,3.61,3.65,3.61
2017-08-14,3.6,3.6,3.65,3.59
2017-08-15,3.6,3.59,3.61,3.56
2017-08-16,3.59,3.59,3.61,3.58
2017-08-17,3.59,3.6,3.63,3.59
2017-08-18,3.58,3.58,3.6,3.58
2017-08-21,3.6,3.61,3.65,3.6
2017-08-22,3.6,3.6,3.63,3.6
2017-08-23,3.62,3.62,3.64,3.58
2017-08-24,3.62,3.61,3.64,3.61
2017-08-25,3.61,3.61,3.63,3.61
2017-08-28,3.62,3.65,3.65,3.62
2017-08-29,3.65,3.65,3.66,3.63
2017-08-30,3.65,3.64,3.69,3.64
2017-08-31,3.64,3.63,3.66,3.63
2017-09-01,3.64,3.63,3.65,3.63
2017-09-04,3.63,3.63,3.64,3.62
2017-09-05,3.63,3.65,3.66,3.63
2017-09-06,3.65,3.65,3.66,3.64
2017-09-07,3.64,3.63,3.66,3.63
2017-09-08,3.62,3.6,3.63,3.6
2017-09-11,3.6,3.6,3.62,3.59
2017-09-12,3.6,3.6,3.62,3.6
2017-09-13,3.6,3.62,3.62,3.6
2017-09-14,3.62,3.62,3.62,3.6
2017-09-15,3.62,3.6,3.63,3.6
2017-09-18,3.6,3.63,3.63,3.6
2017-09-19,3.63,3.64,3.64,3.62
2017-09-20,3.64,3.63,3.65,3.62
2017-09-21,3.63,3.64,3.65,3.62
2017-09-22,3.64,3.63,3.65,3.63
2017-09-25,3.62,3.63,3.63,3.6
2017-09-26,3.63,3.62,3.63,3.61
2017-09-27,3.62,3.62,3.62,3.62
2017-09-28,3.62,3.61,3.64,3.61
2017-09-29,3.62,3.62,3.64,3.61
2017-10-02,3.63,3.63,3.63,3.63
2017-10-03,3.63,3.63,3.63,3.63
2017-10-04,3.63,3.63,3.63,3.63
2017-10-05,3.63,3.63,3.63,3.63
2017-10-06,3.63,3.63,3.63,3.63
2017-10-09,3.63,3.64,3.64,3.63
2017-10-10,3.64,3.65,3.66,3.64
2017-10-11,3.66,3.66,3.66,3.65
2017-10-12,3.66,3.67,3.67,3.65
2017-10-13,3.67,3.68,3.68,3.66
2017-10-16,3.68,3.71,3.75,3.68
2017-10-17,3.71,3.76,3.77,3.71
2017-10-18,3.76,3.77,3.79,3.76
2017-10-19,3.77,3.76,3.78,3.75
2017-10-20,3.76,3.74,3.78,3.74
2017-10-23,3.74,3.74,3.78,3.74
2017-10-24,3.74,3.75,3.76,3.74
2017-10-25,3.75,3.78,3.79,3.75
2017-10-26,3.78,3.84,3.85,3.78
2017-10-27,3.84,3.85,3.86,3.83
2017-10-30,3.85,3.93,3.96,3.85
2017-10-31,3.94,3.95,3.95,3.91
2017-11-01,3.96,3.93,3.97,3.93
2017-11-02,3.92,3.93,3.97,3.92
2017-11-03,3.93,3.95,3.96,3.92
2017-11-06,3.95,3.94,4.0,3.94
2017-11-07,3.94,3.97,3.98,3.94
2017-11-08,3.97,3.94,4.0,3.94
2017-11-09,3.96,3.94,3.96,3.93
2017-11-10,3.94,3.96,3.99,3.94
2017-11-13,3.9,3.95,3.96,3.9
2017-11-14,3.94,3.94,3.98,3.92
2017-11-15,3.94,3.95,3.98,3.92
2017-11-16,3.95,3.92,3.98,3.89
2017-11-17,3.92,3.9,3.93,3.9
2017-11-20,3.87,3.91,3.92,3.86
2017-11-21,3.9,3.89,3.93,3.88
2017-11-22,3.89,3.92,3.93,3.89
2017-11-23,3.92,3.92,3.95,3.9
2017-11-24,3.92,3.9,3.93,3.9
2017-11-27,3.9,3.91,3.95,3.89
2017-11-28,3.91,3.9,3.91,3.89
2017-11-29,3.9,3.9,3.92,3.88
2017-11-30,3.9,3.88,3.92,3.87
2017-12-01,3.88,3.88,3.94,3.85
2017-12-04,3.85,3.83,3.9,3.82
2017-12-05,3.83,3.85,3.88,3.83
2017-12-06,3.83,3.82,3.84,3.81
2017-12-07,3.82,3.83,3.89,3.82
2017-12-08,3.83,3.85,3.85,3.83
2017-12-11,3.85,3.88,3.95,3.85
2017-12-12,3.88,3.96,3.96,3.88
2017-12-13,3.96,3.96,3.97,3.96
2017-12-14,3.95,3.89,3.95,3.89
2017-12-15,3.89,3.89,3.95,3.87
2017-12-18,3.89,3.85,3.95,3.84
2017-12-19,3.85,3.84,3.88,3.84
2017-12-20,3.84,3.85,3.9,3.84
2017-12-21,3.85,3.87,3.88,3.85
2017-12-22,3.87,3.86,3.9,3.85
2017-12-25,3.86,3.85,3.9,3.82
2017-12-26,3.85,3.85,3.87,3.84
2017-12-27,3.85,3.86,3.86,3.85
2017-12-28,3.86,3.87,3.87,3.86
2017-12-29,3.87,3.86,3.88,3.86
2018-01-01,3.86,3.86,3.86,3.86
2018-01-02,3.86,3.87,3.9,3.84
2018-01-03,3.86,3.87,3.87,3.86
2018-01-04,3.88,3.89,3.89,3.88
2018-01-05,3.89,3.86,3.89,3.86
2018-01-08,3.86,3.84,3.92,3.82
2018-01-09,3.84,3.83,3.86,3.82
2018-01-10,3.83,3.84,3.86,3.82
2018-01-11,3.85,3.87,3.89,3.85
2018-01-12,3.87,3.88,3.89,3.86
2018-01-15,3.88,3.89,3.89,3.86
2018-01-16,3.89,3.88,3.9,3.88
2018-01-17,3.88,3.89,3.9,3.88
2018-01-18,3.9,3.93,3.93,3.9
2018-01-19,3.93,3.93,3.94,3.92
2018-01-22,3.93,3.92,3.95,3.91
2018-01-23,3.92,3.88,3.92,3.88
2018-01-24,3.88,3.87,3.9,3.86
2018-01-25,3.87,3.87,3.88,3.86
2018-01-26,3.87,3.85,3.91,3.83
2018-01-29,3.85,3.85,3.89,3.84
2018-01-30,3.85,3.85,3.88,3.84
2018-01-31,3.85,3.85,3.87,3.85
2018-02-01,3.84,3.83,3.89,3.82
2018-02-02,3.84,3.84,3.86,3.84
2018-02-05,3.84,3.87,3.9,3.84
2018-02-06,3.86,3.84,3.9,3.84
2018-02-07,3.85,3.86,3.9,3.84
2018-02-08,3.86,3.84,3.87,3.84
2018-02-09,3.84,3.84,3.87,3.82
2018-02-12,3.84,3.83,3.84,3.83
2018-02-13,3.83,3.83,3.84,3.82
2018-02-14,3.83,3.83,3.85,3.83
2018-02-15,3.83,3.83,3.83,3.83
2018-02-16,3.83,3.83,3.83,3.83
2018-02-19,3.83,3.83,3.83,3.83
2018-02-20,3.83,3.83,3.83,3.83
2018-02-21,3.83,3.83,3.83,3.83
2018-02-22,3.83,3.82,3.88,3.82
2018-02-23,3.82,3.83,3.84,3.82
2018-02-26,3.83,3.82,3.85,3.82
2018-02-27,3.82,3.79,3.82,3.78
2018-02-28,3.79,3.77,3.79,3.76
2018-03-01,3.76,3.72,3.77,3.71
2018-03-02,3.72,3.73,3.75,3.7
2018-03-05,3.73,3.75,3.78,3.73
2018-03-06,3.74,3.74,3.78,3.74
2018-03-07,3.74,3.75,3.77,3.74
2018-03-08,3.75,3.74,3.77,3.74
2018-03-09,3.73,3.73,3.74,3.73
2018-03-12,3.71,3.69,3.72,3.68
2018-03-13,3.69,3.7,3.71,3.69
2018-03-14,3.7,3.7,3.72,3.7
2018-03-15,3.71,3.72,3.73,3.69
2018-03-16,3.71,3.71,3.72,3.71
2018-03-19,3.78,3.7,3.78,3.68
2018-03-20,3.79,3.69,3.79,3.68
2018-03-21,3.69,3.69,3.72,3.68
2018-03-22,3.69,3.7,3.71,3.69
2018-03-23,3.69,3.65,3.69,3.65
2018-03-26,3.65,3.63,3.65,3.61
2018-03-27,3.63,3.66,3.66,3.63
2018-03-28,3.66,3.66,3.67,3.66
2018-03-29,3.66,3.67,3.68,3.66
2018-03-30,3.67,3.69,3.7,3.67
2018-04-02,3.69,3.67,3.7,3.67
2018-04-03,3.67,3.66,3.67,3.64
2018-04-04,3.66,3.65,3.66,3.65
2018-04-05,3.65,3.65,3.65,3.65
2018-04-06,3.65,3.65,3.65,3.65
2018-04-09,3.65,3.63,3.67,3.62
2018-04-10,3.63,3.61,3.64,3.61
2018-04-11,3.6,3.61,3.64,3.6
2018-04-12,3.61,3.57,3.62,3.57
2018-04-13,3.57,3.54,3.6,3.54
2018-04-16,3.54,3.48,3.55,3.46
2018-04-17,3.47,3.41,3.48,3.41
2018-04-18,3.4,3.34,3.4,3.3
2018-04-19,3.33,3.18,3.33,3.18
2018-04-20,3.18,3.22,3.23,3.18
2018-04-23,3.24,3.22,3.27,3.21
2018-04-24,3.22,3.2,3.25,3.2
2018-04-25,3.2,3.2,3.21,3.17
2018-04-26,3.2,3.17,3.22,3.17
2018-04-27,3.2,3.19,3.2,3.17
2018-04-30,3.18,3.18,3.18,3.18
2018-05-01,3.18,3.18,3.18,3.18
2018-05-02,3.18,3.13,3.2,3.13
2018-05-03,3.13,3.13,3.17,3.12
2018-05-04,3.13,3.12,3.18,3.12
2018-05-07,3.1,3.07,3.1,3.06
2018-05-08,3.07,3.05,3.08,3.05
2018-05-09,3.05,3.06,3.07,3.05
2018-05-10,3.06,3.06,3.12,3.06
2018-05-11,3.06,3.06,3.09,3.06
2018-05-14,3.06,3.05,3.1,3.05
2018-05-15,3.05,3.1,3.13,3.05
2018-05-16,3.1,3.15,3.15,3.1
2018-05-17,3.14,3.19,3.2,3.14
2018-05-18,3.19,3.26,3.26,3.19
2018-05-21,3.26,3.29,3.3,3.26
2018-05-22,3.29,3.28,3.3,3.28
2018-05-23,3.27,3.27,3.29,3.27
2018-05-24,3.26,3.23,3.26,3.22
2018-05-25,3.23,3.23,3.23,3.21
2018-05-28,3.23,3.43,3.43,3.23
2018-05-29,3.43,3.44,3.45,3.42
2018-05-30,3.44,3.45,3.45,3.43
2018-05-31,3.45,3.45,3.47,3.44
2018-06-01,3.45,3.46,3.47,3.44
2018-06-04,3.46,3.48,3.48,3.46
2018-06-05,3.48,3.48,3.5,3.48
2018-06-06,3.48,3.51,3.52,3.48
2018-06-07,3.5,3.52,3.54,3.5
2018-06-08,3.52,3.46,3.55,3.45
2018-06-11,3.51,3.48,3.51,3.48
2018-06-12,3.49,3.51,3.51,3.49
2018-06-13,3.51,3.54,3.54,3.51
2018-06-14,3.54,3.51,3.58,3.51
2018-06-15,3.51,3.49,3.54,3.48
2018-06-18,3.49,3.49,3.49,3.49
2018-06-19,3.49,3.45,3.5,3.45
2018-06-20,3.45,3.47,3.47,3.43
2018-06-21,3.47,3.45,3.48,3.45
2018-06-22,3.45,3.46,3.5,3.44
2018-06-25,3.46,3.45,3.5,3.44
2018-06-26,3.45,3.46,3.46,3.45
2018-06-27,3.46,3.45,3.49,3.45
2018-06-28,3.44,3.44,3.47,3.43
2018-06-29,3.44,3.42,3.48,3.42
2018-07-02,3.41,3.35,3.45,3.35
2018-07-03,3.35,3.35,3.42,3.34
2018-07-04,3.35,3.34,3.37,3.34
2018-07-05,3.34,3.34,3.37,3.32
2018-07-06,3.34,3.34,3.36,3.32
2018-07-09,3.34,3.35,3.36,3.34
2018-07-10,3.35,3.38,3.38,3.35
2018-07-11,3.38,3.37,3.38,3.36
2018-07-12,3.37,3.34,3.38,3.34
2018-07-13,3.34,3.31,3.37,3.3
2018-07-16,3.32,3.29,3.36,3.26
2018-07-17,3.29,3.28,3.33,3.28
2018-07-18,3.28,3.29,3.34,3.28
2018-07-19,3.29,3.29,3.32,3.28
2018-07-20,3.29,3.3,3.3,3.26
2018-07-23,3.3,3.3,3.35,3.29
2018-07-24,3.29,3.3,3.34,3.28
2018-07-25,3.31,3.3,3.36,3.28
2018-07-26,3.3,3.3,3.33,3.27
2018-07-27,3.3,3.28,3.35,3.26
2018-07-30,3.28,3.29,3.3,3.26
2018-07-31,3.26,3.22,3.27,3.22
2018-08-01,3.23,3.21,3.27,3.2
2018-08-02,3.2,3.17,3.23,3.17
2018-08-03,3.17,3.18,3.24,3.17
2018-08-06,3.18,3.17,3.19,3.16
2018-08-07,3.16,3.18,3.2,3.16
2018-08-08,3.18,3.18,3.19,3.18
2018-08-09,3.19,3.25,3.26,3.19
2018-08-10,3.25,3.3,3.3,3.25
2018-08-13,3.3,3.32,3.33,3.3
2018-08-14,3.32,3.33,3.35,3.32
2018-08-15,3.35,3.34,3.36,3.34
2018-08-16,3.34,3.34,3.35,3.34
2018-08-17,3.34,3.37,3.4,3.34
2018-08-20,3.38,3.42,3.44,3.38
2018-08-21,3.42,3.47,3.47,3.42
2018-08-22,3.47,3.48,3.49,3.46
2018-08-23,3.48,3.44,3.48,3.44
2018-08-24,3.44,3.43,3.46,3.43
2018-08-27,3.43,3.44,3.45,3.42
2018-08-28,3.44,3.43,3.45,3.43
2018-08-29,3.43,3.44,3.47,3.43
2018-08-30,3.43,3.42,3.44,3.42
2018-08-31,3.42,3.38,3.45,3.38
2018-09-03,3.39,3.38,3.39,3.37
2018-09-04,3.38,3.41,3.41,3.38
2018-09-05,3.41,3.42,3.42,3.41
2018-09-06,3.42,3.43,3.43,3.4
2018-09-07,3.43,3.46,3.47,3.43
2018-09-10,3.46,3.48,3.52,3.45
2018-09-11,3.48,3.51,3.51,3.48
2018-09-12,3.51,3.52,3.53,3.51
2018-09-13,3.53,3.54,3.56,3.53
2018-09-14,3.54,3.51,3.55,3.51
2018-09-17,3.51,3.5,3.51,3.48
2018-09-18,3.5,3.51,3.53,3.49
2018-09-19,3.51,3.51,3.52,3.5
2018-09-20,3.51,3.51,3.52,3.51
2018-09-21,3.51,3.52,3.54,3.51
2018-09-24,3.52,3.52,3.52,3.52
2018-09-25,3.52,3.51,3.55,3.5
2018-09-26,3.51,3.5,3.53,3.5
2018-09-27,3.49,3.49,3.51,3.48
2018-09-28,3.49,3.48,3.51,3.48
2018-10-01,3.47,3.47,3.47,3.47
2018-10-02,3.47,3.47,3.47,3.47
2018-10-03,3.47,3.47,3.47,3.47
2018-10-04,3.47,3.47,3.47,3.47
2018-10-05,3.47,3.47,3.47,3.47
2018-10-08,3.47,3.44,3.47,3.44
2018-10-09,3.44,3.45,3.48,3.44
2018-10-10,3.45,3.42,3.46,3.42
2018-10-11,3.42,3.43,3.46,3.41
2018-10-12,3.42,3.4,3.45,3.38
2018-10-15,3.4,3.4,3.43,3.4
2018-10-16,3.4,3.42,3.42,3.4
2018-10-17,3.42,3.41,3.43,3.41
2018-10-18,3.4,3.41,3.43,3.4
2018-10-19,3.4,3.4,3.43,3.38
2018-10-22,3.4,3.4,3.41,3.4
2018-10-23,3.4,3.42,3.44,3.4
2018-10-24,3.42,3.4,3.43,3.39
2018-10-25,3.39,3.4,3.4,3.38
2018-10-26,3.4,3.39,3.42,3.39
2018-10-29,3.38,3.37,3.4,3.37
2018-10-30,3.36,3.36,3.4,3.34
2018-10-31,3.36,3.36,3.38,3.36
2018-11-01,3.36,3.36,3.38,3.35
2018-11-02,3.36,3.37,3.38,3.36
2018-11-05,3.36,3.38,3.42,3.36
2018-11-06,3.38,3.37,3.4,3.37
2018-11-07,3.36,3.36,3.39,3.36
2018-11-08,3.35,3.34,3.37,3.33
2018-11-09,3.33,3.32,3.34,3.31
2018-11-12,3.33,3.3,3.33,3.29
2018-11-13,3.3,3.31,3.38,3.3
2018-11-14,3.3,3.26,3.32,3.25
2018-11-15,3.24,3.19,3.3,3.18
2018-11-16,3.18,3.17,3.23,3.17
2018-11-19,3.13,3.15,3.15,3.13
2018-11-20,3.16,3.18,3.18,3.16
2018-11-21,3.18,3.21,3.21,3.18
2018-11-22,3.21,3.21,3.22,3.2
2018-11-23,3.21,3.22,3.22,3.19
2018-11-26,3.21,3.21,3.22,3.18
2018-11-27,3.21,3.2,3.22,3.2
2018-11-28,3.2,3.21,3.21,3.2
2018-11-29,3.2,3.19,3.21,3.19
2018-11-30,3.19,3.16,3.2,3.16
2018-12-03,3.13,3.14,3.2,3.13
2018-12-04,3.14,3.13,3.16,3.12
2018-12-05,3.12,3.1,3.13,3.09
2018-12-06,3.1,3.1,3.12,3.09
2018-12-07,3.1,3.09,3.1,3.09
2018-12-10,3.09,3.04,3.09,3.02
2018-12-11,3.04,3.01,3.06,3.01
2018-12-12,3.01,3.01,3.02,3.01
2018-12-13,3.02,3.05,3.07,3.02
2018-12-14,3.05,3.07,3.1,3.05
2018-12-17,3.07,3.07,3.1,3.07
2018-12-18,3.07,3.1,3.12,3.06
2018-12-19,3.1,3.07,3.1,3.07
2018-12-20,3.06,3.07,3.07,3.05
2018-12-21,3.06,3.08,3.1,3.04
2018-12-24,3.08,3.08,3.1,3.06
2018-12-25,3.08,3.09,3.09,3.08
2018-12-26,3.09,3.09,3.09,3.09
2018-12-27,3.09,3.08,3.1,3.08
2018-12-28,3.1,3.01,3.1,3.01
2018-12-31,3.01,3.01,3.01,3.01
2019-01-01,3.01,3.01,3.01,3.01
2019-01-02,3.01,2.97,3.01,2.96
2019-01-03,2.97,2.95,2.97,2.94
2019-01-04,2.95,2.96,2.98,2.93
2019-01-07,2.96,2.92,2.97,2.92
2019-01-08,2.92,2.93,2.93,2.92
2019-01-09,2.93,2.89,2.95,2.89
2019-01-10,2.89,2.9,2.91,2.89
2019-01-11,2.9,2.91,2.92,2.9
2019-01-14,2.91,2.94,2.95,2.91
2019-01-15,2.94,2.96,2.97,2.93
2019-01-16,2.95,2.94,2.97,2.92
2019-01-17,2.93,2.9,2.95,2.9
2019-01-18,2.89,2.92,2.94,2.89
2019-01-21,2.92,2.93,2.96,2.92
2019-01-22,2.93,2.94,3.02,2.93
2019-01-23,2.94,2.96,2.96,2.94
2019-01-24,2.96,2.94,2.96,2.94
2019-01-25,2.94,2.94,2.97,2.94
2019-01-28,2.94,2.96,3.01,2.94
2019-01-29,2.96,2.97,2.98,2.96
2019-01-30,2.96,2.94,2.98,2.94
2019-01-31,2.93,2.92,2.95,2.92
2019-02-01,2.92,2.91,2.94,2.91
2019-02-04,2.92,2.92,2.92,2.92
2019-02-05,2.92,2.92,2.92,2.92
2019-02-06,2.92,2.92,2.92,2.92
2019-02-07,2.92,2.92,2.92,2.92
2019-02-08,2.92,2.92,2.92,2.92
2019-02-11,2.92,2.88,2.92,2.88
2019-02-12,2.87,2.88,2.93,2.87
2019-02-13,2.87,2.86,2.89,2.86
2019-02-14,2.86,2.87,2.88,2.84
2019-02-15,2.88,2.87,2.89,2.87
2019-02-18,2.87,2.89,2.93,2.87
2019-02-19,2.89,2.91,2.91,2.89
2019-02-20,2.9,2.91,2.91,2.89
2019-02-21,2.91,2.91,2.92,2.91
2019-02-22,2.91,2.93,2.94,2.91
2019-02-25,2.92,2.93,2.95,2.92
2019-02-26,2.93,3.01,3.02,2.93
2019-02-27,3.01,3.04,3.04,3.01
2019-02-28,3.02,3.03,3.06,3.02
2019-03-01,3.03,3.04,3.06,3.03
2019-03-04,3.05,3.07,3.12,3.05
2019-03-05,3.06,3.07,3.1,3.06
2019-03-06,3.07,3.08,3.09,3.07
2019-03-07,3.08,3.06,3.1,3.06
2019-03-08,3.05,3.03,3.06,3.03
2019-03-11,3.02,3.02,3.04,3.02
2019-03-12,3.02,3.04,3.05,3.02
2019-03-13,3.04,3.04,3.06,3.04
2019-03-14,3.04,3.05,3.06,3.04
2019-03-15,3.049,3.058,3.103,3.049
2019-03-18,3.023,3.043,3.05,3.012
2019-03-19,3.043,3.046,3.047,3.043
2019-03-20,3.041,3.047,3.067,3.037
2019-03-21,3.037,3.039,3.062,3.037
2019-03-22,3.035,3.019,3.06,3.017
2019-03-25,3.019,3.02,3.05,3.019
2019-03-26,3.008,2.999,3.029,2.999
2019-03-27,2.977,2.969,2.997,2.969
2019-03-28,2.969,2.946,3.02,2.946
2019-03-29,2.943,2.94,2.969,2.936
2019-04-01,2.933,2.97,2.97,2.933
2019-04-02,2.97,3,3,2.97
2019-04-03,3.013,3.027,3.05,3
2019-04-04,3.033,3.077,3.1,3.033
2019-04-05,3.083,3.083,3.083,3.083
2019-04-08,3.083,3.123,3.15,3.083
2019-04-09,3.123,3.158,3.158,3.12
2019-04-10,3.163,3.186,3.231,3.163
2019-04-11,3.193,3.17,3.211,3.16
2019-04-12,3.157,3.168,3.205,3.157
2019-04-15,3.166,3.166,3.166,3.166
2019-04-16,3.166,3.221,3.221,3.166
2019-04-17,3.221,3.256,3.268,3.221
2019-04-18,3.256,3.237,3.262,3.237
2019-04-19,3.237,3.21,3.269,3.21
2019-04-22,3.21,3.205,3.25,3.205
2019-04-23,3.193,3.193,3.193,3.193
2019-04-24,3.193,3.193,3.193,3.193
2019-04-25,3.233,3.228,3.28,3.22
2019-04-26,3.228,3.233,3.255,3.228
2019-04-29,3.19,3.21,3.23,3.19
2019-04-30,3.207,3.203,3.254,3.203
2019-05-01,3.203,3.203,3.203,3.203
2019-05-02,3.203,3.203,3.203,3.203
2019-05-03,3.203,3.203,3.203,3.203
2019-05-06,3.203,3.18,3.22,3.18
2019-05-07,3.175,3.13,3.215,3.13
2019-05-08,3.13,3.163,3.18,3.13
2019-05-09,3.163,3.16,3.163,3.16
2019-05-10,3.153,3.137,3.153,3.137
2019-05-13,3.137,3.165,3.178,3.137
2019-05-14,3.165,3.158,3.168,3.157
2019-05-15,3.159,3.177,3.177,3.159
2019-05-16,3.177,3.169,3.19,3.169
2019-05-17,3.175,3.143,3.185,3.13
2019-05-20,3.143,3.166,3.2,3.143
2019-05-21,3.168,3.153,3.172,3.153
2019-05-22,3.153,3.142,3.16,3.142
2019-05-23,3.142,3.161,3.168,3.142
2019-05-24,3.164,3.136,3.171,3.135
2019-05-27,3.138,3.137,3.18,3.135
2019-05-28,3.143,3.163,3.167,3.143
2019-05-29,3.166,3.128,3.176,3.117
2019-05-30,3.128,3.117,3.15,3.103
2019-05-31,3.117,3.083,3.143,3.08
2019-06-03,3.083,3.078,3.1,3.073
2019-06-04,3.076,3.055,3.093,3.055
2019-06-05,3.055,3.06,3.076,3.055
2019-06-06,3.06,3.068,3.073,3.058
2019-06-07,3.068,3.068,3.068,3.068
