,pe,pb,dyr
2011-05-03,16.35,2.43,1.38
2011-05-04,15.99,2.38,1.41
2011-05-05,16.02,2.38,1.41
2011-05-06,15.97,2.38,1.41
2011-05-09,16.02,2.38,1.41
2011-05-10,16.12,2.4,1.4
2011-05-11,16.08,2.39,1.4
2011-05-12,15.86,2.36,1.42
2011-05-13,16.02,2.38,1.41
2011-05-16,15.89,2.36,1.42
2011-05-17,15.91,2.37,1.42
2011-05-18,16.02,2.38,1.4
2011-05-19,15.95,2.37,1.41
2011-05-20,15.94,2.37,1.41
2011-05-23,15.48,2.3,1.45
2011-05-24,15.44,2.3,1.46
2011-05-25,15.3,2.27,1.47
2011-05-26,15.27,2.27,1.47
2011-05-27,15.13,2.25,1.49
2011-05-30,15.12,2.25,1.49
2011-05-31,15.33,2.28,1.24
2011-06-01,15.32,2.28,1.24
2011-06-02,15.12,2.25,1.26
2011-06-03,15.26,2.27,1.24
2011-06-07,15.35,2.28,1.24
2011-06-08,15.38,2.29,1.23
2011-06-09,15.13,2.25,1.26
2011-06-10,15.14,2.25,1.25
2011-06-13,15.11,2.25,1.26
2011-06-14,15.28,2.27,1.24
2011-06-15,15.14,2.25,1.25
2011-06-16,14.91,2.22,1.27
2011-06-17,14.79,2.2,1.28
2011-06-20,14.67,2.18,1.29
2011-06-21,14.81,2.2,1.28
2011-06-22,14.83,2.2,1.28
2011-06-23,15.05,2.24,1.26
2011-06-24,15.38,2.28,1.24
2011-06-27,15.44,2.29,1.23
2011-06-28,15.44,2.3,1.23
2011-06-29,15.27,2.27,1.24
2011-06-30,15.46,2.3,1.95
2011-07-01,15.45,2.3,1.95
2011-07-04,45.12,2.34,1.91
2011-07-05,15.76,2.34,1.91
2011-07-06,15.73,2.34,1.91
2011-07-07,15.65,2.33,1.92
2011-07-08,15.67,2.33,1.92
2011-07-11,15.7,2.33,1.92
2011-07-12,15.43,2.29,1.95
2011-07-13,15.65,2.33,1.92
2011-07-14,15.74,2.34,1.91
2011-07-15,15.79,2.35,1.9
2011-07-18,15.77,2.35,1.91
2011-07-19,15.66,2.33,1.92
2011-07-20,15.64,2.33,1.92
2011-07-21,15.49,2.3,1.94
2011-07-22,15.51,2.31,1.94
2011-07-25,15.06,2.24,2.0
2011-07-26,15.14,2.25,1.99
2011-07-27,15.25,2.27,1.97
2011-07-28,15.17,2.26,1.98
2011-07-29,15.13,2.25,1.85
2011-08-01,15.15,2.25,1.85
2011-08-02,15.01,2.23,1.87
2011-08-03,15.0,2.23,1.87
2011-08-04,15.03,2.24,1.86
2011-08-05,14.71,2.19,1.91
2011-08-08,14.16,2.11,1.98
2011-08-09,14.16,2.11,1.98
2011-08-10,14.3,2.13,1.96
2011-08-11,14.49,2.16,1.93
2011-08-12,14.55,2.17,1.92
2011-08-15,14.74,2.19,1.9
2011-08-16,14.64,2.18,1.91
2011-08-17,14.6,2.17,1.92
2011-08-18,14.38,2.14,1.95
2011-08-19,14.24,2.12,1.97
2011-08-22,14.13,2.1,1.98
2011-08-23,14.36,2.14,1.95
2011-08-24,14.28,2.13,1.96
2011-08-25,14.7,2.19,1.9
2011-08-26,14.68,2.19,1.91
2011-08-29,14.48,2.16,1.93
2011-08-30,14.43,2.15,1.94
2011-08-31,14.43,2.15,1.96
2011-09-01,13.69,2.11,1.97
2011-09-02,13.55,2.09,1.99
2011-09-05,13.28,2.05,2.03
2011-09-06,13.24,2.04,2.03
2011-09-07,13.48,2.08,2.0
2011-09-08,13.4,2.07,2.01
2011-09-09,13.39,2.07,2.01
2011-09-13,13.25,2.05,2.03
2011-09-14,13.32,2.06,2.02
2011-09-15,13.29,2.05,2.02
2011-09-16,13.31,2.06,2.02
2011-09-19,13.07,2.02,2.06
2011-09-20,13.12,2.03,2.05
2011-09-21,13.47,2.08,1.99
2011-09-22,13.09,2.02,2.05
2011-09-23,13.04,2.02,2.06
2011-09-26,12.83,1.98,2.09
2011-09-27,12.95,2.0,2.08
2011-09-28,12.82,1.98,2.09
2011-09-29,12.68,1.96,2.12
2011-09-30,12.66,1.96,2.12
2011-10-10,12.58,1.95,2.13
2011-10-11,12.6,1.95,2.12
2011-10-12,12.99,2.01,2.06
2011-10-13,13.09,2.03,2.04
2011-10-14,13.05,2.02,2.05
2011-10-17,13.1,2.03,2.04
2011-10-18,12.8,1.99,2.08
2011-10-19,12.77,1.98,2.09
2011-10-20,12.52,1.94,2.13
2011-10-21,12.45,1.93,2.14
2011-10-24,12.73,1.97,2.1
2011-10-25,12.94,2.01,2.06
2011-10-26,13.04,2.02,2.05
2011-10-27,13.08,2.03,2.04
2011-10-28,13.29,2.06,2.01
2011-10-31,13.26,2.06,2.02
2011-11-01,12.78,1.99,2.02
2011-11-02,12.96,2.02,1.99
2011-11-03,12.98,2.02,1.99
2011-11-04,13.08,2.04,1.97
2011-11-07,12.99,2.02,1.98
2011-11-08,12.96,2.02,1.99
2011-11-09,13.07,2.04,1.97
2011-11-10,12.83,2.0,2.01
2011-11-11,12.84,2.0,2.01
2011-11-14,13.09,2.04,1.97
2011-11-15,13.1,2.04,1.97
2011-11-16,12.77,1.99,2.02
2011-11-17,12.75,1.99,2.02
2011-11-18,12.51,1.95,2.06
2011-11-21,12.5,1.95,2.06
2011-11-22,12.49,1.95,2.06
2011-11-23,12.4,1.93,2.08
2011-11-24,12.42,1.93,2.08
2011-11-25,12.33,1.92,2.09
2011-11-28,12.34,1.92,2.09
2011-11-29,12.5,1.95,2.06
2011-11-30,12.11,1.88,2.15
2011-12-01,12.39,1.93,2.1
2011-12-02,12.26,1.91,2.12
2011-12-05,12.12,1.89,2.15
2011-12-06,12.09,1.88,2.15
2011-12-07,12.12,1.89,2.15
2011-12-08,12.11,1.88,2.15
2011-12-09,12.04,1.87,2.16
2011-12-12,11.92,1.85,2.18
2011-12-13,11.7,1.82,2.22
2011-12-14,11.6,1.8,2.24
2011-12-15,11.36,1.76,2.29
2011-12-16,11.6,1.8,2.24
2011-12-19,11.57,1.8,2.25
2011-12-20,11.56,1.8,2.25
2011-12-21,11.44,1.78,2.27
2011-12-22,11.41,1.77,2.28
2011-12-23,11.51,1.79,2.26
2011-12-26,11.43,1.78,2.27
2011-12-27,11.32,1.76,2.3
2011-12-28,11.34,1.76,2.29
2011-12-29,35.4,1.76,2.29
2011-12-30,11.49,1.78,2.26
2012-01-04,11.34,1.76,2.29
2012-01-05,11.23,1.75,2.31
2012-01-06,11.31,1.76,2.3
2012-01-09,11.63,1.81,2.23
2012-01-10,11.94,1.86,2.17
2012-01-11,11.89,1.85,2.18
2012-01-12,11.88,1.85,2.18
2012-01-13,11.73,1.82,2.21
2012-01-16,11.53,1.79,2.25
2012-01-17,12.01,1.87,2.16
2012-01-18,11.84,1.84,2.19
2012-01-19,12.0,1.87,2.16
2012-01-20,12.12,1.88,2.14
2012-01-30,11.95,1.86,2.17
2012-01-31,11.99,1.86,2.17
2012-02-01,11.86,1.84,2.19
2012-02-02,12.09,1.88,2.15
2012-02-03,12.18,1.89,2.13
2012-02-06,12.18,1.89,2.13
2012-02-07,11.98,1.86,2.17
2012-02-08,12.27,1.91,2.11
2012-02-09,12.28,1.91,2.11
2012-02-10,12.29,1.91,2.11
2012-02-13,12.28,1.91,2.11
2012-02-14,12.25,1.91,2.12
2012-02-15,12.36,1.92,2.1
2012-02-16,12.31,1.92,2.1
2012-02-17,12.31,1.92,2.1
2012-02-20,12.35,1.92,2.1
2012-02-21,12.44,1.94,2.08
2012-02-22,12.56,1.96,2.06
2012-02-23,12.6,1.96,2.05
2012-02-24,12.76,1.99,2.03
2012-02-27,12.8,1.99,2.02
2012-02-28,12.82,2.0,2.02
2012-02-29,12.7,1.98,2.03
2012-03-01,12.69,1.98,2.04
2012-03-02,12.87,2.01,2.01
2012-03-05,12.78,1.99,2.02
2012-03-06,12.61,1.97,2.05
2012-03-07,12.53,1.95,2.06
2012-03-08,12.66,1.97,2.04
2012-03-09,12.74,1.99,2.01
2012-03-12,12.71,1.99,2.02
2012-03-13,12.82,2.0,2.0
2012-03-14,12.49,1.95,2.05
2012-03-15,12.4,1.94,2.07
2012-03-16,12.57,1.96,2.04
2012-03-19,12.59,1.97,2.04
2012-03-20,12.43,1.94,2.07
2012-03-21,12.43,1.94,2.07
2012-03-22,12.42,1.94,2.07
2012-03-23,12.29,1.92,2.09
2012-03-26,12.3,1.92,2.09
2012-03-27,12.28,1.92,2.09
2012-03-28,11.96,1.87,2.15
2012-03-29,11.81,1.84,2.17
2012-03-30,11.86,1.85,2.16
2012-04-05,12.07,1.88,2.12
2012-04-06,12.09,1.89,2.12
2012-04-09,11.98,1.87,2.14
2012-04-10,12.08,1.88,2.12
2012-04-11,12.1,1.89,2.11
2012-04-12,12.32,1.92,2.08
2012-04-13,12.36,1.93,2.07
2012-04-16,12.35,1.93,2.07
2012-04-17,12.23,1.91,2.09
2012-04-18,12.47,1.95,2.05
2012-04-19,12.46,1.94,2.05
2012-04-20,12.61,1.97,2.03
2012-04-23,12.51,1.95,2.04
2012-04-24,12.52,1.95,2.04
2012-04-25,14.67,2.18,2.03
2012-04-26,12.61,1.97,2.03
2012-04-27,12.57,1.96,2.02
2012-05-02,12.61,1.83,1.99
2012-05-03,12.62,1.83,1.99
2012-05-04,12.68,1.84,1.98
2012-05-07,12.68,1.84,1.98
2012-05-08,12.66,1.84,1.98
2012-05-09,12.45,1.81,2.01
2012-05-10,12.46,1.81,2.01
2012-05-11,12.38,1.8,2.02
2012-05-14,12.31,1.79,2.03
2012-05-15,12.28,1.78,2.04
2012-05-16,12.13,1.76,2.06
2012-05-17,12.3,1.79,2.04
2012-05-18,12.12,1.76,2.07
2012-05-21,12.15,1.76,2.06
2012-05-22,12.28,1.78,2.04
2012-05-23,12.23,1.77,2.05
2012-05-24,12.16,1.77,2.06
2012-05-25,12.07,1.75,2.07
2012-05-28,12.22,1.77,2.05
2012-05-29,12.36,1.79,2.02
2012-05-30,12.34,1.79,2.03
2012-05-31,12.27,1.78,2.2
2012-06-01,12.28,1.78,2.2
2012-06-04,11.95,1.73,2.26
2012-06-05,11.96,1.74,2.26
2012-06-06,11.95,1.73,2.26
2012-06-07,11.87,1.72,2.28
2012-06-08,11.81,1.71,2.29
2012-06-11,11.94,1.73,2.27
2012-06-12,11.85,1.72,2.28
2012-06-13,12.0,1.74,2.25
2012-06-14,11.88,1.73,2.27
2012-06-15,11.94,1.73,2.26
2012-06-18,11.98,1.74,2.26
2012-06-19,11.91,1.73,2.27
2012-06-20,11.86,1.72,2.28
2012-06-21,11.7,1.7,2.31
2012-06-25,11.52,1.67,2.35
2012-06-26,11.51,1.67,2.35
2012-06-27,11.48,1.67,2.36
2012-06-28,11.38,1.65,2.38
2012-06-29,11.54,1.67,2.35
2012-07-02,11.54,1.67,2.35
2012-07-03,11.55,1.68,2.35
2012-07-04,11.54,1.67,2.35
2012-07-05,11.42,1.66,2.37
2012-07-06,11.53,1.67,2.35
2012-07-09,11.26,1.63,2.4
2012-07-10,11.23,1.63,2.41
2012-07-11,11.28,1.64,2.4
2012-07-12,11.33,1.64,2.39
2012-07-13,11.34,1.64,2.39
2012-07-16,11.15,1.62,2.43
2012-07-17,11.22,1.63,2.41
2012-07-18,11.26,1.63,2.41
2012-07-19,11.34,1.64,2.39
2012-07-20,11.25,1.63,2.41
2012-07-23,11.11,1.61,2.44
2012-07-24,11.14,1.62,2.43
2012-07-25,11.09,1.61,2.44
2012-07-26,11.03,1.6,2.45
2012-07-27,11.05,1.6,2.45
2012-07-30,10.96,1.59,2.47
2012-07-31,10.94,1.58,2.72
2012-08-01,11.05,1.6,2.7
2012-08-02,10.98,1.59,2.71
2012-08-03,11.09,1.61,2.69
2012-08-06,11.2,1.62,2.66
2012-08-07,11.21,1.63,2.66
2012-08-08,11.23,1.63,2.65
2012-08-09,11.3,1.64,2.63
2012-08-10,11.28,1.63,2.64
2012-08-13,11.11,1.61,2.68
2012-08-14,11.14,1.61,2.67
2012-08-15,11.02,1.6,2.7
2012-08-16,10.99,1.59,2.71
2012-08-17,11.0,1.59,2.7
2012-08-20,10.96,1.59,2.71
2012-08-21,11.02,1.6,2.7
2012-08-22,10.96,1.59,2.71
2012-08-23,10.99,1.59,2.71
2012-08-24,10.88,1.58,2.73
2012-08-27,10.7,1.55,2.78
2012-08-28,10.81,1.57,2.75
2012-08-29,10.71,1.55,2.78
2012-08-30,10.71,1.55,2.78
2012-08-31,10.7,1.55,2.84
2012-09-03,10.61,1.55,2.82
2012-09-04,10.54,1.54,2.84
2012-09-05,10.51,1.53,2.85
2012-09-06,10.58,1.54,2.83
2012-09-07,10.97,1.6,2.73
2012-09-10,11.0,1.61,2.72
2012-09-11,10.93,1.6,2.74
2012-09-12,10.96,1.6,2.73
2012-09-13,10.87,1.59,2.75
2012-09-14,10.94,1.6,2.74
2012-09-17,10.71,1.56,2.79
2012-09-18,10.62,1.55,2.82
2012-09-19,10.66,1.56,2.81
2012-09-20,10.44,1.52,2.87
2012-09-21,10.45,1.53,2.87
2012-09-24,10.48,1.53,2.86
2012-09-25,10.47,1.53,2.86
2012-09-26,10.34,1.51,2.9
2012-09-27,10.61,1.55,2.82
2012-09-28,10.76,1.57,2.79
2012-10-08,10.7,1.56,2.81
2012-10-09,10.93,1.59,2.75
2012-10-10,10.95,1.6,2.74
2012-10-11,10.86,1.59,2.76
2012-10-12,10.87,1.59,2.76
2012-10-15,10.84,1.58,2.77
2012-10-16,10.84,1.58,2.77
2012-10-17,10.88,1.59,2.76
2012-10-18,11.01,1.61,2.73
2012-10-19,10.99,1.6,2.73
2012-10-22,11.02,1.61,2.73
2012-10-23,10.92,1.59,2.75
2012-10-24,10.92,1.6,2.75
2012-10-25,10.85,1.58,2.77
2012-10-26,10.67,1.56,2.81
2012-10-29,10.64,1.55,2.82
2012-10-30,10.66,1.56,2.82
2012-10-31,10.69,1.56,2.8
2012-11-01,10.77,1.54,2.75
2012-11-02,10.84,1.55,2.73
2012-11-05,10.82,1.54,2.74
2012-11-06,10.79,1.54,2.75
2012-11-07,10.78,1.54,2.75
2012-11-08,10.62,1.51,2.79
2012-11-09,10.61,1.51,2.8
2012-11-12,10.66,1.52,2.78
2012-11-13,10.5,1.5,2.83
2012-11-14,10.54,1.5,2.82
2012-11-15,10.41,1.48,2.85
2012-11-16,10.33,1.47,2.87
2012-11-19,10.34,1.47,2.87
2012-11-20,10.3,1.47,2.88
2012-11-21,10.41,1.48,2.85
2012-11-22,10.33,1.47,2.87
2012-11-23,10.39,1.48,2.85
2012-11-26,10.35,1.47,2.87
2012-11-27,10.22,1.45,2.91
2012-11-28,10.14,1.44,2.93
2012-11-29,10.08,1.43,2.95
2012-11-30,10.17,1.45,2.91
2012-12-03,10.07,1.43,2.94
2012-12-04,10.14,1.44,2.92
2012-12-05,10.44,1.48,2.83
2012-12-06,10.43,1.48,2.84
2012-12-07,10.59,1.51,2.79
2012-12-10,10.7,1.52,2.76
2012-12-11,10.66,1.52,2.77
2012-12-12,10.7,1.52,2.76
2012-12-13,10.59,1.51,2.79
2012-12-14,11.05,1.57,2.68
2012-12-17,11.1,1.58,2.66
2012-12-18,11.11,1.58,2.66
2012-12-19,11.11,1.58,2.66
2012-12-20,11.14,1.58,2.65
2012-12-21,11.06,1.57,2.67
2012-12-24,11.09,1.58,2.66
2012-12-25,11.38,1.62,2.6
2012-12-26,11.4,1.62,2.59
2012-12-27,11.33,1.61,2.61
2012-12-28,11.48,1.63,2.57
2012-12-31,11.67,1.66,2.53
2013-01-04,11.71,1.66,2.52
2013-01-07,11.75,1.67,2.52
2013-01-08,11.69,1.66,2.53
2013-01-09,11.69,1.66,2.53
2013-01-10,11.75,1.67,2.51
2013-01-11,11.55,1.64,2.56
2013-01-14,11.91,1.69,2.48
2013-01-15,11.99,1.71,2.46
2013-01-16,11.9,1.69,2.48
2013-01-17,11.77,1.68,2.51
2013-01-18,11.94,1.7,2.47
2013-01-21,11.99,1.71,2.46
2013-01-22,11.93,1.7,2.48
2013-01-23,11.96,1.7,2.47
2013-01-24,11.87,1.69,2.49
2013-01-25,11.81,1.68,2.5
2013-01-28,12.1,1.72,2.44
2013-01-29,12.16,1.73,2.43
2013-01-30,12.3,1.75,2.4
2013-01-31,12.32,1.75,2.4
2013-02-01,12.5,1.77,2.37
2013-02-04,12.55,1.78,2.36
2013-02-05,12.57,1.79,2.35
2013-02-06,12.58,1.79,2.35
2013-02-07,12.49,1.77,2.37
2013-02-08,12.56,1.79,2.35
2013-02-18,12.5,1.78,2.36
2013-02-19,12.3,1.75,2.4
2013-02-20,12.37,1.76,2.39
2013-02-21,12.0,1.71,2.46
2013-02-22,11.94,1.7,2.47
2013-02-25,12.0,1.71,2.46
2013-02-26,11.84,1.68,2.49
2013-02-27,11.94,1.7,2.47
2013-02-28,12.21,1.74,2.42
2013-03-01,12.17,1.73,2.42
2013-03-04,11.72,1.67,2.52
2013-03-05,12.0,1.71,2.46
2013-03-06,12.11,1.72,2.44
2013-03-07,11.99,1.71,2.46
2013-03-08,11.96,1.7,2.47
2013-03-11,11.92,1.7,2.48
2013-03-12,11.8,1.68,2.5
2013-03-13,11.68,1.66,2.53
2013-03-14,11.72,1.67,2.52
2013-03-15,11.76,1.67,2.51
2013-03-18,11.56,1.64,2.55
2013-03-19,11.65,1.66,2.53
2013-03-20,11.97,1.7,2.47
2013-03-21,12.0,1.71,2.46
2013-03-22,12.03,1.71,2.46
2013-03-25,12.01,1.71,2.46
2013-03-26,11.86,1.69,2.49
2013-03-27,11.88,1.69,2.48
2013-03-28,11.54,1.64,2.56
2013-03-29,11.55,1.64,2.56
2013-04-01,11.54,1.64,2.56
2013-04-02,11.51,1.64,2.57
2013-04-03,11.5,1.63,2.57
2013-04-08,11.43,1.62,2.59
2013-04-09,11.5,1.63,2.57
2013-04-10,11.5,1.64,2.57
2013-04-11,11.47,1.63,2.58
2013-04-12,11.41,1.62,2.6
2013-04-15,11.28,1.6,2.62
2013-04-16,11.35,1.61,2.61
2013-04-17,11.34,1.61,2.61
2013-04-18,11.37,1.61,2.61
2013-04-19,11.61,1.65,2.55
2013-04-22,11.6,1.65,2.55
2013-04-23,11.3,1.61,2.62
2013-04-24,11.48,1.63,2.58
2013-04-25,11.39,1.62,2.6
2013-04-26,11.28,1.6,2.62
2013-05-02,10.78,1.48,2.62
2013-05-03,10.94,1.5,2.59
2013-05-06,11.06,1.52,2.56
2013-05-07,11.08,1.52,2.55
2013-05-08,11.14,1.53,2.54
2013-05-09,11.07,1.52,2.56
2013-05-10,11.14,1.53,2.54
2013-05-13,11.11,1.53,2.54
2013-05-14,10.99,1.51,2.57
2013-05-15,11.03,1.52,2.56
2013-05-16,11.16,1.54,2.53
2013-05-17,11.32,1.56,2.5
2013-05-20,11.4,1.57,2.48
2013-05-21,11.42,1.57,2.47
2013-05-22,11.42,1.57,2.48
2013-05-23,11.29,1.55,2.5
2013-05-24,11.35,1.56,2.49
2013-05-27,11.37,1.57,2.48
2013-05-28,11.52,1.58,2.45
2013-05-29,11.53,1.59,2.45
2013-05-30,11.5,1.58,2.46
2013-05-31,11.41,1.57,2.37
2013-06-03,11.41,1.57,2.37
2013-06-04,11.28,1.55,2.4
2013-06-05,11.27,1.55,2.4
2013-06-06,11.12,1.53,2.43
2013-06-07,10.97,1.51,2.46
2013-06-13,10.66,1.47,2.53
2013-06-14,10.73,1.48,2.52
2013-06-17,10.69,1.47,2.52
2013-06-18,10.71,1.47,2.52
2013-06-19,10.63,1.46,2.54
2013-06-20,10.34,1.42,2.61
2013-06-21,10.28,1.42,2.63
2013-06-24,9.74,1.34,2.77
2013-06-25,9.72,1.34,2.78
2013-06-26,9.68,1.33,2.79
2013-06-27,9.68,1.33,2.79
2013-06-28,9.83,1.35,2.95
2013-07-01,9.91,1.36,2.93
2013-07-02,9.97,1.37,2.91
2013-07-03,23.74,1.36,2.93
2013-07-04,9.96,1.37,2.91
2013-07-05,9.97,1.37,2.91
2013-07-08,9.73,1.34,2.98
2013-07-09,9.77,1.34,2.97
2013-07-10,9.98,1.37,2.91
2013-07-11,10.31,1.42,2.82
2013-07-12,10.14,1.39,2.86
2013-07-15,10.24,1.41,2.84
2013-07-16,10.27,1.41,2.83
2013-07-17,10.17,1.4,2.85
2013-07-18,10.06,1.38,2.88
2013-07-19,9.91,1.36,2.93
2013-07-22,9.97,1.37,2.91
2013-07-23,10.16,1.4,2.86
2013-07-24,10.11,1.39,2.87
2013-07-25,10.05,1.38,2.89
2013-07-26,10.0,1.38,2.9
2013-07-29,9.83,1.35,2.95
2013-07-30,9.9,1.36,2.93
2013-07-31,9.92,1.36,3.24
2013-08-01,10.09,1.39,3.18
2013-08-02,10.09,1.39,3.18
2013-08-05,10.2,1.4,3.15
2013-08-06,10.24,1.41,3.13
2013-08-07,10.17,1.4,3.15
2013-08-08,10.16,1.4,3.16
2013-08-09,10.2,1.4,3.14
2013-08-12,10.45,1.44,3.07
2013-08-13,10.47,1.44,3.06
2013-08-14,10.45,1.44,3.07
2013-08-15,10.35,1.42,3.1
2013-08-16,10.29,1.42,3.12
2013-08-19,10.37,1.43,3.09
2013-08-20,10.31,1.42,3.12
2013-08-21,10.31,1.42,3.12
2013-08-22,10.28,1.41,3.13
2013-08-23,10.23,1.41,3.14
2013-08-26,10.43,1.43,3.08
2013-08-27,10.46,1.44,3.07
2013-08-28,10.45,1.44,3.07
2013-08-29,10.43,1.43,3.08
2013-08-30,10.43,1.43,3.0
2013-09-02,10.08,1.44,3.0
2013-09-03,10.19,1.46,2.96
2013-09-04,10.22,1.46,2.96
2013-09-05,10.21,1.46,2.96
2013-09-06,10.3,1.47,2.93
2013-09-09,10.66,1.52,2.84
2013-09-10,10.77,1.54,2.81
2013-09-11,10.77,1.54,2.8
2013-09-12,10.85,1.55,2.78
2013-09-13,10.76,1.54,2.81
2013-09-16,10.74,1.53,2.81
2013-09-17,10.52,1.5,2.87
2013-09-18,10.54,1.51,2.87
2013-09-23,10.68,1.53,2.83
2013-09-24,10.61,1.52,2.85
2013-09-25,10.57,1.51,2.86
2013-09-26,10.36,1.48,2.91
2013-09-27,10.38,1.48,2.91
2013-09-30,10.45,1.49,2.91
2013-10-08,10.56,1.51,2.88
2013-10-09,10.62,1.52,2.86
2013-10-10,10.52,1.51,2.88
2013-10-11,18.63,1.53,2.84
2013-10-14,10.74,1.54,2.82
2013-10-15,10.72,1.54,2.83
2013-10-16,10.54,1.51,2.88
2013-10-17,10.51,1.5,2.89
2013-10-18,10.53,1.51,2.88
2013-10-21,10.71,1.53,2.83
2013-10-22,10.61,1.52,2.86
2013-10-23,10.49,1.5,2.89
2013-10-24,10.4,1.49,2.92
2013-10-25,10.25,1.47,2.96
2013-10-28,10.25,1.47,2.96
2013-10-29,10.25,1.46,2.97
2013-10-30,10.4,1.49,2.92
2013-10-31,10.31,1.47,2.95
2013-11-01,9.93,1.43,2.94
2013-11-04,9.93,1.43,2.94
2013-11-05,9.96,1.43,2.93
2013-11-06,9.88,1.42,2.96
2013-11-07,9.83,1.41,2.97
2013-11-08,9.73,1.4,3.0
2013-11-11,9.75,1.4,3.0
2013-11-12,9.83,1.41,2.97
2013-11-13,9.65,1.39,3.03
2013-11-14,9.71,1.39,3.01
2013-11-15,9.87,1.42,2.96
2013-11-18,10.16,1.46,2.88
2013-11-19,10.14,1.46,2.88
2013-11-20,10.2,1.47,2.86
2013-11-21,10.19,1.47,2.86
2013-11-22,10.15,1.46,2.88
2013-11-25,10.1,1.45,2.89
2013-11-26,10.08,1.45,2.89
2013-11-27,10.17,1.46,2.87
2013-11-28,10.25,1.47,2.85
2013-11-29,10.25,1.47,2.84
2013-12-02,10.22,1.47,2.85
2013-12-03,10.28,1.48,2.83
2013-12-04,10.42,1.5,2.8
2013-12-05,10.4,1.49,2.8
2013-12-06,10.35,1.49,2.82
2013-12-09,10.35,1.49,2.81
2013-12-10,10.35,1.49,2.82
2013-12-11,10.2,1.46,2.86
2013-12-12,10.19,1.46,2.86
2013-12-13,10.15,1.46,2.87
2013-12-16,9.99,1.44,2.92
2013-12-17,9.95,1.43,2.93
2013-12-18,9.94,1.43,2.93
2013-12-19,9.86,1.42,2.94
2013-12-20,9.65,1.39,3.01
2013-12-23,9.67,1.39,3.0
2013-12-24,9.69,1.39,3.0
2013-12-25,9.75,1.69,2.98
2013-12-26,9.61,1.38,3.02
2013-12-27,9.74,1.4,2.98
2013-12-30,9.72,1.4,2.99
2013-12-31,9.8,1.41,2.96
2014-01-02,9.78,1.41,2.97
2014-01-03,9.66,1.39,3.01
2014-01-06,9.49,1.36,3.06
2014-01-07,9.5,1.36,3.06
2014-01-08,9.49,1.36,3.06
2014-01-09,9.42,1.35,3.09
2014-01-10,9.35,1.34,3.11
2014-01-13,9.34,1.34,3.11
2014-01-14,9.42,1.35,3.09
2014-01-15,9.4,1.35,3.09
2014-01-16,9.41,1.35,3.09
2014-01-17,9.33,1.34,3.11
2014-01-20,9.27,1.33,3.14
2014-01-21,9.34,1.34,3.11
2014-01-22,9.55,1.37,3.04
2014-01-23,9.5,1.36,3.06
2014-01-24,9.56,1.37,3.04
2014-01-27,59.05,1.36,3.07
2014-01-28,9.5,1.36,3.05
2014-01-29,9.55,1.37,3.03
2014-01-30,9.47,1.36,3.06
2014-02-07,9.52,1.37,3.04
2014-02-10,9.72,1.4,2.98
2014-02-11,9.82,1.41,2.94
2014-02-12,9.85,1.42,2.93
2014-02-13,9.8,1.41,2.95
2014-02-14,9.88,1.42,2.92
2014-02-17,9.97,1.43,2.9
2014-02-18,9.89,1.42,2.92
2014-02-19,10.0,1.44,2.89
2014-02-20,9.99,1.44,2.89
2014-02-21,9.87,1.42,2.93
2014-02-24,9.69,1.39,2.98
2014-02-25,9.5,1.37,3.04
2014-02-26,9.53,1.37,3.03
2014-02-27,9.57,1.38,3.02
2014-02-28,9.61,1.38,3.01
2014-03-03,9.69,1.39,2.98
2014-03-04,9.67,1.39,2.99
2014-03-05,9.58,1.38,3.02
2014-03-06,9.62,1.38,3.01
2014-03-07,9.61,1.38,3.01
2014-03-10,9.34,1.34,3.1
2014-03-11,9.35,1.34,3.09
2014-03-12,9.34,1.34,3.1
2014-03-13,9.44,1.36,3.06
2014-03-14,9.37,1.35,3.09
2014-03-17,9.46,1.36,3.06
2014-03-18,9.48,1.36,3.05
2014-03-19,9.47,1.36,3.05
2014-03-20,9.34,1.34,3.1
2014-03-21,9.6,1.38,3.01
2014-03-24,9.68,1.39,2.98
2014-03-25,9.69,1.39,2.98
2014-03-26,9.67,1.39,2.99
2014-03-27,9.59,1.38,3.01
2014-03-28,9.58,1.38,3.02
2014-03-31,9.54,1.37,3.02
2014-04-01,9.61,1.38,3.0
2014-04-02,9.67,1.39,2.98
2014-04-03,9.59,2.7,3.0
2014-04-04,9.66,1.39,2.98
2014-04-08,9.86,1.42,2.92
2014-04-09,9.89,1.42,2.92
2014-04-10,10.03,1.44,2.88
2014-04-11,10.01,1.44,2.88
2014-04-14,10.01,1.44,2.88
2014-04-15,9.87,1.42,2.92
2014-04-16,9.89,1.42,2.91
2014-04-17,9.86,1.42,2.92
2014-04-18,9.85,1.42,2.93
2014-04-21,9.7,1.39,2.97
2014-04-22,9.74,1.4,2.96
2014-04-23,9.71,1.4,2.97
2014-04-24,9.67,1.39,2.98
2014-04-25,9.57,1.38,3.01
2014-04-28,9.43,1.35,3.06
2014-04-29,9.51,1.37,3.03
2014-04-30,9.54,1.37,3.03
2014-05-05,9.37,1.28,3.03
2014-05-06,9.37,1.28,3.03
2014-05-07,9.29,1.27,3.05
2014-05-08,50.38,1.28,3.05
2014-05-09,9.3,1.27,3.05
2014-05-12,9.49,1.3,2.99
2014-05-13,9.48,1.3,2.99
2014-05-14,9.47,1.3,3.0
2014-05-15,9.36,1.28,3.03
2014-05-16,9.37,1.28,3.03
2014-05-19,9.27,1.27,3.06
2014-05-20,9.28,1.27,3.06
2014-05-21,9.36,1.28,3.03
2014-05-22,9.35,1.28,3.04
2014-05-23,9.41,1.29,3.02
2014-05-26,9.44,1.29,3.01
2014-05-27,9.41,1.29,3.02
2014-05-28,16.53,1.3,2.99
2014-05-29,9.44,1.29,1.33
2014-05-30,9.44,1.29,3.0
2014-06-03,9.43,1.29,3.0
2014-06-04,9.37,1.28,3.02
2014-06-05,9.45,1.29,3.0
2014-06-06,9.4,1.29,3.02
2014-06-09,9.4,1.29,3.02
2014-06-10,9.5,1.3,2.98
2014-06-11,9.51,1.3,2.98
2014-06-12,9.5,1.3,2.98
2014-06-13,9.59,1.31,2.96
2014-06-16,9.66,1.32,2.93
2014-06-17,9.57,1.31,2.96
2014-06-18,9.52,1.3,2.98
2014-06-19,9.38,1.28,3.02
2014-06-20,9.39,1.29,3.02
2014-06-23,9.37,1.28,3.02
2014-06-24,9.42,1.29,3.01
2014-06-25,9.38,1.28,3.02
2014-06-26,9.44,1.29,3.0
2014-06-27,9.42,1.29,3.01
2014-06-30,9.47,1.3,2.78
2014-07-01,9.49,1.3,2.77
2014-07-02,9.53,1.31,2.76
2014-07-03,9.56,1.31,2.75
2014-07-04,9.55,1.31,2.75
2014-07-07,9.55,1.31,2.75
2014-07-08,9.57,1.31,2.75
2014-07-09,9.45,1.3,2.78
2014-07-10,9.45,1.3,2.78
2014-07-11,9.49,1.3,2.77
2014-07-14,9.58,1.31,2.74
2014-07-15,9.59,1.32,2.74
2014-07-16,9.58,1.32,2.74
2014-07-17,9.52,1.31,2.76
2014-07-18,9.54,1.31,2.75
2014-07-21,9.52,1.31,2.76
2014-07-22,9.61,1.32,2.73
2014-07-23,9.63,1.32,2.72
2014-07-24,9.76,1.34,2.69
2014-07-25,9.86,1.35,2.66
2014-07-28,10.1,1.39,2.6
2014-07-29,10.12,1.39,2.59
2014-07-30,10.11,1.39,2.59
2014-07-31,10.2,1.4,3.1
2014-08-01,10.13,1.39,3.13
2014-08-04,10.31,1.42,3.07
2014-08-05,10.29,1.41,3.08
2014-08-06,10.28,1.41,3.08
2014-08-07,10.14,1.39,3.12
2014-08-08,10.18,1.4,3.11
2014-08-11,10.32,1.42,3.07
2014-08-12,10.31,1.42,3.07
2014-08-13,10.32,1.42,3.07
2014-08-14,10.24,1.41,3.09
2014-08-15,57.38,1.42,3.06
2014-08-18,10.39,1.43,3.04
2014-08-19,10.42,1.43,3.03
2014-08-20,10.4,1.43,3.04
2014-08-21,10.35,1.42,3.05
2014-08-22,10.4,1.43,3.04
2014-08-25,10.35,1.42,3.05
2014-08-26,10.26,1.41,3.08
2014-08-27,10.27,1.41,3.08
2014-08-28,10.2,1.4,3.1
2014-08-29,10.3,1.42,3.05
2014-09-01,10.01,1.42,3.03
2014-09-02,10.15,1.44,2.99
2014-09-03,10.25,1.45,2.96
2014-09-04,10.33,1.46,2.93
2014-09-05,10.43,1.48,2.91
2014-09-09,10.43,1.48,2.9
2014-09-10,10.39,1.47,2.91
2014-09-11,10.36,1.47,2.92
2014-09-12,10.45,1.48,2.9
2014-09-15,10.48,1.49,2.89
2014-09-16,10.34,1.47,2.92
2014-09-17,10.4,1.48,1.19
2014-09-18,10.43,1.48,2.9
2014-09-19,10.49,1.49,2.88
2014-09-22,10.31,1.46,2.93
2014-09-23,10.4,1.48,2.91
2014-09-24,10.55,1.5,2.86
2014-09-25,10.56,1.5,2.86
2014-09-26,10.57,1.5,2.86
2014-09-29,10.61,1.51,2.84
2014-09-30,10.64,1.51,2.82
2014-10-08,10.74,1.53,2.8
2014-10-09,10.77,1.53,0.38
2014-10-10,10.7,1.52,2.8
2014-10-13,10.67,1.52,2.81
2014-10-14,10.64,1.51,2.82
2014-10-15,10.7,1.52,2.8
2014-10-16,10.63,1.51,2.82
2014-10-17,10.57,1.5,2.84
2014-10-20,10.64,1.51,2.82
2014-10-21,10.57,1.5,2.84
2014-10-22,10.51,1.49,2.86
2014-10-23,10.41,1.48,2.89
2014-10-24,10.41,1.48,2.89
2014-10-27,10.35,1.47,2.9
2014-10-28,10.56,1.5,2.84
2014-10-29,10.72,1.52,2.8
2014-10-30,10.8,1.54,2.78
2014-10-31,10.94,1.55,2.74
2014-11-03,10.73,1.5,2.73
2014-11-04,10.72,1.5,2.73
2014-11-05,10.67,1.49,2.74
2014-11-06,10.7,1.5,2.73
2014-11-07,10.68,1.49,2.74
2014-11-10,10.93,1.53,2.68
2014-11-11,10.93,1.53,2.68
2014-11-12,11.04,1.54,2.65
2014-11-13,11.0,1.54,2.66
2014-11-14,10.98,1.53,2.67
2014-11-17,10.95,1.53,2.68
2014-11-18,10.87,1.52,2.69
2014-11-19,10.84,1.52,2.7
2014-11-20,10.85,1.52,2.7
2014-11-21,11.01,1.54,2.66
2014-11-24,11.22,1.57,2.61
2014-11-25,11.37,1.59,2.58
2014-11-26,11.55,1.61,2.54
2014-11-27,11.67,1.63,2.51
2014-11-28,11.91,1.66,2.47
2014-12-01,11.9,1.66,2.47
2014-12-02,12.29,1.71,1.77
2014-12-03,12.35,1.72,2.38
2014-12-04,12.91,1.8,2.28
2014-12-05,13.11,1.82,2.25
2014-12-08,13.49,1.87,2.19
2014-12-09,12.76,1.78,2.31
2014-12-10,13.14,1.83,2.25
2014-12-11,13.06,1.82,2.26
2014-12-12,13.12,1.83,2.25
2014-12-15,13.19,1.84,2.23
2014-12-16,13.51,1.88,2.18
2014-12-17,13.7,1.9,2.15
2014-12-18,13.68,1.9,2.16
2014-12-19,13.91,1.93,2.12
2014-12-22,14.01,1.95,2.11
2014-12-23,13.59,1.89,2.17
2014-12-24,13.3,1.85,2.22
2014-12-25,13.76,1.91,2.15
2014-12-26,14.15,1.97,2.09
2014-12-29,14.21,1.97,2.08
2014-12-30,14.22,1.97,2.08
2014-12-31,14.54,2.02,2.04
2015-01-05,15.07,2.09,1.97
2015-01-06,15.1,2.09,1.96
2015-01-07,15.25,2.11,1.94
2015-01-08,14.88,2.06,1.99
2015-01-09,14.85,2.06,1.55
2015-01-12,14.61,2.02,2.03
2015-01-13,14.63,2.03,2.02
2015-01-14,14.59,2.02,2.03
2015-01-15,15.12,2.09,1.96
2015-01-16,15.3,2.12,1.94
2015-01-19,14.11,1.95,2.1
2015-01-20,14.35,1.99,2.06
2015-01-21,15.05,2.09,1.97
2015-01-22,15.13,2.1,1.95
2015-01-23,15.18,2.1,1.95
2015-01-26,15.31,2.12,1.93
2015-01-27,15.17,2.11,1.95
2015-01-28,14.96,2.08,1.97
2015-01-29,14.76,2.05,2.0
2015-01-30,14.53,2.02,2.04
2015-02-02,14.16,1.97,2.09
2015-02-03,14.52,2.02,2.04
2015-02-04,14.38,2.0,2.06
2015-02-05,14.2,1.97,2.08
2015-02-06,13.93,1.94,2.12
2015-02-09,14.03,1.95,2.11
2015-02-10,14.24,1.98,2.08
2015-02-11,14.31,1.99,2.07
2015-02-12,14.39,2.0,2.06
2015-02-13,14.52,2.02,2.04
2015-02-16,14.61,2.03,2.02
2015-02-17,14.73,2.05,2.01
2015-02-25,14.71,2.04,2.01
2015-02-26,15.05,2.09,1.96
2015-02-27,15.1,2.1,1.96
2015-03-02,15.22,2.11,1.94
2015-03-03,14.88,2.07,1.98
2015-03-04,14.95,2.08,1.97
2015-03-05,14.81,2.06,1.99
2015-03-06,14.78,2.06,1.99
2015-03-09,15.06,2.1,0.81
2015-03-10,14.98,2.09,1.96
2015-03-11,15.01,2.09,1.96
2015-03-12,15.3,2.13,0.8
2015-03-13,15.41,2.15,1.91
2015-03-16,15.76,2.19,1.87
2015-03-17,16.0,2.23,1.84
2015-03-18,16.34,2.28,1.8
2015-03-19,16.36,2.28,1.8
2015-03-20,16.53,2.3,1.78
2015-03-23,16.89,2.35,1.74
2015-03-24,16.91,2.35,1.74
2015-03-25,16.77,2.34,1.75
2015-03-26,16.89,2.35,1.74
2015-03-27,16.94,2.36,1.73
2015-03-30,17.39,2.42,1.69
2015-03-31,17.24,2.4,1.71
2015-04-01,17.53,2.44,1.68
2015-04-02,17.59,2.45,1.67
2015-04-03,17.77,2.47,1.65
2015-04-07,18.23,2.54,1.61
2015-04-08,18.4,2.56,1.6
2015-04-09,18.23,4.94,1.61
2015-04-10,18.57,2.59,1.58
2015-04-13,18.97,2.64,1.55
2015-04-14,19.03,2.65,1.54
2015-04-15,18.81,2.62,1.56
2015-04-16,19.33,2.69,1.52
2015-04-17,19.76,2.75,1.49
2015-04-20,19.42,2.7,1.51
2015-04-21,19.76,2.75,1.48
2015-04-22,20.24,2.82,1.45
2015-04-23,20.3,2.83,1.44
2015-04-24,20.2,2.82,1.45
2015-04-27,20.82,2.91,1.41
2015-04-28,20.59,2.87,1.42
2015-04-29,20.59,2.87,1.42
2015-04-30,20.43,2.85,1.45
2015-05-04,20.88,2.58,1.44
2015-05-05,20.04,2.48,1.5
2015-05-06,19.74,2.44,1.52
2015-05-07,19.2,2.37,1.56
2015-05-08,19.64,2.43,1.53
2015-05-11,20.23,2.5,1.48
2015-05-12,20.55,2.54,1.46
2015-05-13,20.42,2.53,1.47
2015-05-14,20.42,2.53,1.47
2015-05-15,20.09,2.49,1.49
2015-05-18,19.96,2.47,1.5
2015-05-19,20.6,2.55,1.45
2015-05-20,20.73,2.57,1.44
2015-05-21,21.13,2.62,1.41
2015-05-22,21.73,2.7,1.37
2015-05-25,22.48,2.79,1.32
2015-05-26,22.92,2.85,1.3
2015-05-27,23.04,2.86,1.29
2015-05-28,21.55,2.68,1.38
2015-05-29,21.58,2.68,1.42
2015-06-01,22.6,2.81,1.36
2015-06-02,22.96,2.86,1.34
2015-06-03,22.95,2.86,1.34
2015-06-04,23.13,2.88,1.33
2015-06-05,23.47,2.92,1.31
2015-06-08,24.01,2.99,1.28
2015-06-09,23.93,2.98,1.28
2015-06-10,23.89,2.98,1.28
2015-06-11,23.95,2.99,1.28
2015-06-12,24.14,3.01,1.26
2015-06-15,23.64,2.95,1.29
2015-06-16,22.85,2.85,1.34
2015-06-17,23.23,2.9,1.31
2015-06-18,22.37,2.8,1.36
2015-06-19,20.99,2.62,1.45
2015-06-23,21.48,2.68,0.16
2015-06-24,22.01,2.75,1.38
2015-06-25,21.24,2.66,1.43
2015-06-26,19.7,2.47,1.54
2015-06-29,19.08,2.39,1.59
2015-06-30,20.18,2.52,1.24
2015-07-01,19.15,2.39,1.31
2015-07-02,18.53,2.31,1.36
2015-07-03,17.49,2.18,1.44
2015-07-06,18.09,2.24,1.39
2015-07-07,17.9,2.21,1.41
2015-07-08,16.84,2.08,1.5
2015-07-09,17.82,2.2,1.42
2015-07-10,18.61,2.3,1.36
2015-07-13,19.02,2.36,1.33
2015-07-14,18.8,2.33,1.34
2015-07-15,18.27,2.26,1.38
2015-07-16,18.35,2.27,1.38
2015-07-17,18.99,2.35,1.33
2015-07-20,19.14,2.37,1.32
2015-07-21,19.26,2.39,1.31
2015-07-22,19.28,2.39,1.31
2015-07-23,19.73,2.45,1.27
2015-07-24,19.47,2.42,1.29
2015-07-27,17.81,2.21,1.41
2015-07-28,17.52,2.18,1.43
2015-07-29,18.11,2.25,1.39
2015-07-30,17.71,2.2,1.42
2015-07-31,17.53,2.18,1.72
2015-08-03,17.36,2.15,1.74
2015-08-04,17.98,2.23,1.68
2015-08-05,17.68,2.2,1.71
2015-08-06,17.52,2.18,1.72
2015-08-07,17.91,2.23,1.68
2015-08-10,18.78,2.34,1.61
2015-08-11,18.76,2.33,1.61
2015-08-12,18.56,2.31,1.62
2015-08-13,18.87,2.35,1.59
2015-08-14,18.9,2.36,1.59
2015-08-17,19.02,2.37,1.58
2015-08-18,17.87,2.23,1.68
2015-08-19,18.08,2.26,1.66
2015-08-20,17.46,2.18,1.72
2015-08-21,16.72,2.09,1.8
2015-08-24,15.3,1.91,1.96
2015-08-25,14.13,1.76,2.12
2015-08-26,13.99,1.74,2.15
2015-08-27,14.75,1.83,2.04
2015-08-28,15.45,1.92,1.95
2015-08-31,15.34,1.91,1.96
2015-09-01,14.44,1.83,1.98
2015-09-02,14.46,1.83,1.99
2015-09-07,14.06,1.78,2.04
2015-09-08,14.48,1.84,1.98
2015-09-09,14.79,1.88,1.93
2015-09-10,14.59,1.85,1.96
2015-09-11,14.6,1.86,1.96
2015-09-14,14.24,1.81,2.01
2015-09-15,13.75,1.74,2.09
2015-09-16,14.41,1.83,1.99
2015-09-17,14.1,1.79,2.03
2015-09-18,14.14,1.8,2.02
2015-09-21,14.4,1.83,1.99
2015-09-22,14.52,1.85,1.97
2015-09-23,14.21,1.81,2.01
2015-09-24,14.33,1.82,1.99
2015-09-25,14.1,1.79,2.03
2015-09-28,14.14,1.8,2.02
2015-09-29,13.86,1.76,2.06
2015-09-30,13.93,1.77,2.0
2015-10-08,14.35,1.82,1.94
2015-10-09,14.53,1.85,1.92
2015-10-12,15.0,1.91,1.85
2015-10-13,15.02,1.91,1.85
2015-10-14,14.87,1.89,1.87
2015-10-15,15.21,1.94,1.83
2015-10-16,15.45,1.97,1.8
2015-10-19,15.43,1.96,1.8
2015-10-20,15.61,1.99,1.78
2015-10-21,15.17,1.93,1.84
2015-10-22,15.38,1.95,1.81
2015-10-23,15.57,1.98,1.79
2015-10-26,15.65,1.99,1.78
2015-10-27,15.67,1.99,1.77
2015-10-28,15.39,1.96,1.81
2015-10-29,15.44,1.96,1.8
2015-10-30,15.43,1.96,1.82
2015-11-02,15.38,1.89,1.85
2015-11-03,15.33,1.89,1.85
2015-11-04,16.0,1.97,1.78
2015-11-05,16.3,2.01,1.74
2015-11-06,16.62,2.04,1.71
2015-11-09,16.88,2.08,1.69
2015-11-10,16.84,2.07,1.69
2015-11-11,16.88,2.08,1.68
2015-11-12,16.79,2.07,1.69
2015-11-13,16.56,2.04,1.72
2015-11-16,16.68,2.05,1.7
2015-11-17,16.67,2.05,1.7
2015-11-18,16.51,2.03,1.72
2015-11-19,16.73,2.06,1.7
2015-11-20,16.79,2.07,1.69
2015-11-23,16.7,2.06,1.7
2015-11-24,16.73,2.06,1.7
2015-11-25,16.87,2.08,1.68
2015-11-26,16.81,2.07,1.69
2015-11-27,15.89,1.96,1.78
2015-11-30,15.95,1.96,1.79
2015-12-01,16.0,1.97,1.78
2015-12-02,16.4,2.02,1.74
2015-12-03,16.63,2.04,1.72
2015-12-04,16.37,2.01,1.74
2015-12-07,16.42,2.02,1.74
2015-12-08,16.12,1.98,1.77
2015-12-09,16.14,1.98,1.77
2015-12-10,16.07,1.98,1.78
2015-12-11,15.97,1.96,1.79
2015-12-14,16.37,2.01,1.74
2015-12-15,16.32,2.01,1.75
2015-12-16,16.34,2.01,1.74
2015-12-17,16.63,2.05,1.71
2015-12-18,16.63,2.05,1.71
2015-12-21,16.95,2.09,1.68
2015-12-22,16.99,2.09,1.67
2015-12-23,16.94,2.08,1.68
2015-12-24,16.83,2.07,1.69
2015-12-25,16.9,2.08,1.69
2015-12-28,16.48,2.03,1.73
2015-12-29,16.61,2.04,1.71
2015-12-30,16.66,2.05,1.71
2015-12-31,16.51,2.03,1.73
2016-01-04,15.4,1.89,1.86
2016-01-05,15.37,1.89,1.86
2016-01-06,15.69,1.93,1.82
2016-01-07,14.62,1.8,1.96
2016-01-08,14.9,1.83,1.92
2016-01-11,14.12,1.73,2.03
2016-01-12,14.16,1.74,2.02
2016-01-13,13.83,1.7,2.07
2016-01-14,14.1,1.73,2.03
2016-01-15,13.61,1.67,2.11
2016-01-18,13.67,1.68,2.1
2016-01-19,14.11,1.73,2.03
2016-01-20,13.97,1.71,2.05
2016-01-21,13.53,1.66,2.12
2016-01-22,13.69,1.68,2.1
2016-01-25,13.8,1.69,2.08
2016-01-26,12.93,1.59,2.22
2016-01-27,12.87,1.58,2.23
2016-01-28,12.53,1.53,2.3
2016-01-29,12.91,1.58,2.22
2016-02-01,12.7,1.55,2.26
2016-02-02,12.97,1.59,2.21
2016-02-03,12.92,1.58,2.22
2016-02-04,13.11,1.6,2.19
2016-02-05,13.03,1.59,2.2
2016-02-15,12.95,1.58,2.21
2016-02-16,13.36,1.64,2.14
2016-02-17,13.51,1.66,2.12
2016-02-18,13.49,1.65,2.12
2016-02-19,13.47,1.65,2.12
2016-02-22,13.79,1.69,2.07
2016-02-23,13.67,1.68,2.09
2016-02-24,13.78,1.69,2.07
2016-02-25,12.92,1.58,2.21
2016-02-26,13.05,1.6,2.19
2016-02-29,12.7,1.55,2.26
2016-03-01,12.91,1.58,2.23
2016-03-02,13.45,1.65,2.13
2016-03-03,13.49,1.65,2.13
2016-03-04,13.58,1.66,2.12
2016-03-07,13.67,1.68,2.1
2016-03-08,13.69,1.68,2.1
2016-03-09,13.54,1.66,2.12
2016-03-10,13.27,1.62,2.17
2016-03-11,13.3,1.63,2.16
2016-03-14,13.53,1.65,2.13
2016-03-15,13.56,1.66,2.12
2016-03-16,13.61,1.66,2.12
2016-03-17,13.76,1.68,2.09
2016-03-18,13.98,1.71,2.06
2016-03-21,14.28,1.75,2.01
2016-03-22,14.18,1.74,2.02
2016-03-23,14.25,1.75,2.01
2016-03-24,14.02,1.72,2.05
2016-03-25,14.11,1.73,2.03
2016-03-28,14.01,1.72,2.05
2016-03-29,13.84,1.69,2.08
2016-03-30,14.23,1.74,2.02
2016-03-31,14.24,1.74,2.02
2016-04-01,14.27,1.75,2.01
2016-04-05,14.47,1.77,1.98
2016-04-06,14.46,1.77,1.98
2016-04-07,14.26,1.75,2.01
2016-04-08,14.15,1.73,2.03
2016-04-11,14.37,1.76,2.0
2016-04-12,14.32,1.75,2.0
2016-04-13,14.52,1.78,1.97
2016-04-14,14.59,1.79,1.96
2016-04-15,14.57,1.79,1.97
2016-04-18,14.32,1.76,1.99
2016-04-19,14.37,1.77,1.98
2016-04-20,14.06,1.73,2.03
2016-04-21,13.96,1.72,2.04
2016-04-22,14.0,1.72,2.04
2016-04-25,13.94,1.71,2.05
2016-04-26,14.02,1.72,2.03
2016-04-27,13.98,1.72,2.04
2016-04-28,13.94,1.71,2.05
2016-04-29,13.91,1.71,2.03
2016-05-03,14.31,1.63,2.0
2016-05-04,14.3,1.63,2.0
2016-05-05,14.34,1.63,1.99
2016-05-06,13.94,1.58,2.05
2016-05-09,13.58,1.54,2.11
2016-05-10,13.58,1.54,2.11
2016-05-11,13.62,1.54,2.1
2016-05-12,13.61,1.54,2.11
2016-05-13,13.58,1.54,2.11
2016-05-16,13.69,1.55,2.09
2016-05-17,13.65,1.55,2.1
2016-05-18,13.5,1.53,2.12
2016-05-19,13.49,1.53,2.12
2016-05-20,13.59,1.54,2.11
2016-05-23,13.67,1.55,2.09
2016-05-24,13.57,1.54,2.11
2016-05-25,13.54,1.53,2.12
2016-05-26,13.58,1.54,2.11
2016-05-27,13.57,1.54,2.11
2016-05-30,13.59,1.54,2.11
2016-05-31,14.04,1.59,2.0
2016-06-01,14.02,1.59,2.01
2016-06-02,14.07,1.6,2.0
2016-06-03,14.15,1.6,1.99
2016-06-06,14.12,1.6,1.99
2016-06-07,14.14,1.6,1.99
2016-06-08,14.1,1.6,1.99
2016-06-13,13.66,1.55,2.06
2016-06-14,13.71,1.55,2.05
2016-06-15,13.92,1.58,2.02
2016-06-16,13.85,1.57,2.03
2016-06-17,13.91,1.58,2.02
2016-06-20,13.94,1.58,2.02
2016-06-21,13.89,1.57,2.02
2016-06-22,14.02,1.59,2.01
2016-06-23,13.96,1.58,2.01
2016-06-24,13.78,1.56,2.04
2016-06-27,13.98,1.58,2.01
2016-06-28,14.07,1.59,2.0
2016-06-29,14.15,1.6,1.99
2016-06-30,14.15,1.6,2.1
2016-07-01,14.17,1.61,2.1
2016-07-04,14.43,1.64,2.06
2016-07-05,14.51,1.65,2.04
2016-07-06,14.58,1.65,2.03
2016-07-07,14.57,1.65,2.03
2016-07-08,14.44,1.64,2.05
2016-07-11,14.47,1.64,2.05
2016-07-12,14.74,1.67,2.01
2016-07-13,14.79,1.68,2.0
2016-07-14,14.77,1.68,2.01
2016-07-15,14.78,1.68,2.01
2016-07-18,14.73,1.67,2.01
2016-07-19,14.7,1.67,2.02
2016-07-20,14.66,1.66,2.02
2016-07-21,14.72,1.67,2.01
2016-07-22,14.59,1.66,2.03
2016-07-25,14.61,1.66,2.03
2016-07-26,14.78,1.68,2.01
2016-07-27,14.52,1.64,2.04
2016-07-28,14.55,1.65,2.04
2016-07-29,14.48,1.64,1.98
2016-08-01,14.36,1.62,1.99
2016-08-02,14.42,1.63,1.97
2016-08-03,14.46,1.64,1.97
2016-08-04,14.48,1.64,1.97
2016-08-05,14.46,1.64,1.97
2016-08-08,14.59,1.65,1.95
2016-08-09,14.7,1.67,1.93
2016-08-10,14.68,1.67,1.94
2016-08-11,14.61,1.66,1.95
2016-08-12,14.86,1.68,1.91
2016-08-15,15.24,1.73,1.87
2016-08-16,15.14,1.72,1.87
2016-08-17,15.15,1.72,1.87
2016-08-18,15.13,1.72,1.87
2016-08-19,15.16,1.72,1.87
2016-08-22,15.07,1.71,1.88
2016-08-23,15.1,1.71,1.88
2016-08-24,15.09,1.71,1.88
2016-08-25,15.01,1.7,1.89
2016-08-26,15.02,1.7,1.89
2016-08-29,15.02,1.7,1.89
2016-08-30,15.04,1.71,1.89
2016-08-31,15.1,1.71,1.93
2016-09-01,15.32,1.69,1.95
2016-09-02,15.34,1.69,1.94
2016-09-05,15.36,1.7,1.94
2016-09-06,15.45,1.71,1.93
2016-09-07,15.45,1.71,1.93
2016-09-08,15.48,1.71,1.92
2016-09-09,15.41,1.7,1.93
2016-09-12,15.15,1.67,1.97
2016-09-13,15.15,1.67,1.97
2016-09-14,15.05,1.66,1.98
2016-09-19,15.17,1.67,1.96
2016-09-20,15.16,1.67,1.96
2016-09-21,15.17,1.68,1.96
2016-09-22,15.25,1.68,1.95
2016-09-23,15.21,1.68,1.95
2016-09-26,14.94,1.65,1.99
2016-09-27,15.04,1.66,1.98
2016-09-28,14.99,1.66,1.98
2016-09-29,15.04,1.66,1.98
2016-09-30,15.07,1.67,1.95
2016-10-10,15.29,1.69,1.93
2016-10-11,15.37,1.7,1.91
2016-10-12,15.39,1.7,1.91
2016-10-13,15.4,1.7,1.91
2016-10-14,15.42,1.71,1.9
2016-10-17,15.33,1.7,1.92
2016-10-18,15.55,1.72,1.89
2016-10-19,15.56,1.72,1.89
2016-10-20,15.57,1.72,1.89
2016-10-21,15.62,1.73,1.88
2016-10-24,15.8,1.75,1.86
2016-10-25,15.81,1.75,1.86
2016-10-26,15.74,1.74,1.86
2016-10-27,15.73,1.74,1.86
2016-10-28,15.7,1.74,1.87
2016-10-31,15.69,1.74,1.85
2016-11-01,15.45,1.68,1.84
2016-11-02,15.35,1.67,1.85
2016-11-03,15.48,1.69,1.83
2016-11-04,15.47,1.69,1.83
2016-11-07,15.5,1.69,1.83
2016-11-08,15.58,1.7,1.82
2016-11-09,15.49,1.69,1.83
2016-11-10,15.71,1.71,1.8
2016-11-11,15.82,1.73,1.79
2016-11-14,15.89,1.73,1.78
2016-11-15,15.88,1.73,1.78
2016-11-16,15.83,1.73,1.78
2016-11-17,15.85,1.73,1.77
2016-11-18,15.8,1.73,1.78
2016-11-21,15.93,1.74,1.76
2016-11-22,16.08,1.76,1.75
2016-11-23,16.06,1.76,1.75
2016-11-24,16.07,1.76,1.75
2016-11-25,16.18,1.77,1.74
2016-11-28,16.26,1.78,1.73
2016-11-29,16.3,1.78,1.72
2016-11-30,16.14,1.76,1.74
2016-12-01,16.25,1.78,1.72
2016-12-02,16.11,1.76,1.74
2016-12-05,15.92,1.74,1.76
2016-12-06,15.9,1.74,1.76
2016-12-07,16.01,1.75,1.75
2016-12-08,15.98,1.75,1.75
2016-12-09,16.08,1.76,1.74
2016-12-12,15.71,1.71,1.78
2016-12-13,15.71,1.72,1.78
2016-12-14,15.64,1.71,1.79
2016-12-15,15.51,1.7,1.8
2016-12-16,15.55,1.7,1.8
2016-12-19,15.52,1.7,1.8
2016-12-20,15.45,1.69,1.81
2016-12-21,15.63,1.71,1.79
2016-12-22,15.64,1.71,1.79
2016-12-23,15.51,1.69,1.8
2016-12-26,15.58,1.7,1.79
2016-12-27,15.54,1.7,1.8
2016-12-28,15.48,1.69,1.8
2016-12-29,15.46,1.69,1.81
2016-12-30,15.52,1.7,1.79
2017-01-03,15.69,1.71,1.77
2017-01-04,15.8,1.73,1.76
2017-01-05,15.84,1.73,1.75
2017-01-06,15.79,1.73,1.76
2017-01-09,15.88,1.74,1.75
2017-01-10,15.84,1.73,1.75
2017-01-11,15.72,1.72,1.76
2017-01-12,15.65,1.71,1.77
2017-01-13,15.63,1.71,1.78
2017-01-16,15.62,1.7,1.78
2017-01-17,15.64,1.71,1.78
2017-01-18,15.66,1.71,1.77
2017-01-19,15.61,1.7,1.78
2017-01-20,15.73,1.72,1.77
2017-01-23,15.8,1.72,1.75
2017-01-24,15.85,1.73,1.75
2017-01-25,15.91,1.73,1.74
2017-01-26,15.95,1.74,1.73
2017-02-03,15.85,1.73,1.75
2017-02-06,15.94,1.74,1.74
2017-02-07,15.91,1.74,1.74
2017-02-08,15.98,1.75,1.73
2017-02-09,16.06,1.75,1.72
2017-02-10,16.13,1.76,1.71
2017-02-13,16.24,1.78,1.7
2017-02-14,16.25,1.78,1.7
2017-02-15,16.25,1.78,1.7
2017-02-16,16.33,1.79,1.69
2017-02-17,16.19,1.77,1.71
2017-02-20,16.39,1.79,1.69
2017-02-21,16.46,1.8,1.68
2017-02-22,16.5,1.8,1.67
2017-02-23,16.45,1.8,1.68
2017-02-24,16.47,1.8,1.68
2017-02-27,16.38,1.79,1.69
2017-02-28,16.46,1.8,1.67
2017-03-01,16.48,1.8,1.67
2017-03-02,16.4,1.79,1.68
2017-03-03,16.35,1.78,1.68
2017-03-06,16.42,1.79,1.68
2017-03-07,16.48,1.8,1.67
2017-03-08,16.47,1.8,1.67
2017-03-09,16.35,1.78,1.68
2017-03-10,16.34,1.78,1.69
2017-03-13,16.47,1.79,1.67
2017-03-14,16.48,1.8,1.67
2017-03-15,16.5,1.8,1.67
2017-03-16,16.64,1.81,1.65
2017-03-17,16.49,1.8,1.67
2017-03-20,16.56,1.8,1.66
2017-03-21,16.63,1.81,1.66
2017-03-22,16.55,1.8,1.66
2017-03-23,16.57,1.8,1.66
2017-03-24,16.68,1.82,1.65
2017-03-27,16.67,1.82,1.65
2017-03-28,16.62,1.81,1.66
2017-03-29,16.56,1.8,1.66
2017-03-30,16.43,1.79,1.68
2017-03-31,16.5,1.8,1.68
2017-04-05,16.75,1.82,1.66
2017-04-06,16.82,1.83,1.65
2017-04-07,16.85,1.83,1.65
2017-04-10,16.76,1.83,1.66
2017-04-11,16.86,1.84,1.65
2017-04-12,16.81,1.83,1.65
2017-04-13,16.82,1.83,1.65
2017-04-14,16.67,1.82,1.66
2017-04-17,16.56,1.8,1.68
2017-04-18,16.45,1.79,1.69
2017-04-19,16.33,1.78,1.7
2017-04-20,16.35,1.78,1.7
2017-04-21,16.37,1.78,1.7
2017-04-24,16.18,1.75,1.72
2017-04-25,16.2,1.76,1.72
2017-04-26,16.24,1.76,1.71
2017-04-27,16.31,1.77,1.71
2017-04-28,16.32,1.77,1.72
2017-05-02,15.77,1.65,1.73
2017-05-03,15.74,1.65,1.73
2017-05-04,15.7,1.64,1.74
2017-05-05,15.58,1.63,1.75
2017-05-08,15.47,1.62,1.76
2017-05-09,15.48,1.62,1.76
2017-05-10,15.35,1.61,1.78
2017-05-11,15.4,1.61,1.77
2017-05-12,15.52,1.62,1.76
2017-05-15,15.56,1.63,1.75
2017-05-16,15.67,1.64,1.74
2017-05-17,15.63,1.64,1.74
2017-05-18,15.56,1.63,1.75
2017-05-19,15.56,1.63,1.75
2017-05-22,15.49,1.62,1.76
2017-05-23,15.44,1.62,1.77
2017-05-24,15.45,1.62,1.77
2017-05-25,15.67,1.64,1.74
2017-05-26,15.69,1.64,1.74
2017-05-31,15.73,1.65,1.74
2017-06-01,15.67,1.64,1.75
2017-06-02,15.68,1.64,1.75
2017-06-05,15.6,1.63,1.75
2017-06-06,15.66,1.64,1.75
2017-06-07,15.85,1.66,1.73
2017-06-08,15.9,1.66,1.72
2017-06-09,15.95,1.67,1.71
2017-06-12,15.87,1.66,1.72
2017-06-13,15.94,1.67,1.72
2017-06-14,15.82,1.66,1.73
2017-06-15,15.83,1.66,1.73
2017-06-16,15.78,1.65,1.73
2017-06-19,15.89,1.66,1.72
2017-06-20,15.87,1.66,1.72
2017-06-21,15.95,1.67,1.71
2017-06-22,15.92,1.67,1.72
2017-06-23,15.97,1.67,1.71
2017-06-26,16.12,1.69,1.69
2017-06-27,16.16,1.69,1.69
2017-06-28,16.07,1.68,1.7
2017-06-29,16.15,1.69,1.69
2017-06-30,16.18,1.69,1.67
2017-07-03,16.19,1.7,1.67
2017-07-04,16.13,1.69,1.67
2017-07-05,16.26,1.7,1.66
2017-07-06,16.29,1.71,1.66
2017-07-07,16.31,1.71,1.65
2017-07-10,16.29,1.71,1.66
2017-07-11,16.25,1.7,1.66
2017-07-12,16.22,1.7,1.66
2017-07-13,16.33,1.71,1.65
2017-07-14,16.35,1.71,1.65
2017-07-17,16.14,1.69,1.67
2017-07-18,16.19,1.69,1.67
2017-07-19,16.41,1.72,1.65
2017-07-20,16.48,1.72,1.64
2017-07-21,16.44,1.72,1.64
2017-07-24,16.51,1.73,1.63
2017-07-25,16.47,1.72,1.64
2017-07-26,16.49,1.73,1.64
2017-07-27,16.52,1.73,1.63
2017-07-28,16.54,1.73,1.63
2017-07-31,16.64,1.74,1.89
2017-08-01,16.76,1.76,1.88
2017-08-02,16.73,1.75,1.88
2017-08-03,16.66,1.75,1.89
2017-08-04,16.6,1.74,1.9
2017-08-07,16.68,1.75,1.89
2017-08-08,16.7,1.75,1.89
2017-08-09,16.66,1.75,1.89
2017-08-10,16.59,1.74,1.9
2017-08-11,16.33,1.71,1.93
2017-08-14,16.47,1.73,1.91
2017-08-15,16.55,1.73,1.9
2017-08-16,16.53,1.73,1.9
2017-08-17,16.63,1.74,1.89
2017-08-18,16.64,1.74,1.89
2017-08-21,16.73,1.75,1.88
2017-08-22,16.75,1.76,1.88
2017-08-23,16.75,1.76,1.88
2017-08-24,16.67,1.75,1.89
2017-08-25,16.99,1.78,1.85
2017-08-28,17.15,1.8,1.83
2017-08-29,17.17,1.8,1.83
2017-08-30,17.16,1.8,1.83
2017-08-31,17.14,1.8,1.85
2017-09-01,16.72,1.8,1.85
2017-09-04,16.79,1.8,1.84
2017-09-05,16.82,1.81,1.84
2017-09-06,16.82,1.81,1.84
2017-09-07,16.73,1.8,1.85
2017-09-08,16.74,1.8,1.85
2017-09-11,16.79,1.8,1.84
2017-09-12,16.81,1.81,1.84
2017-09-13,16.84,1.81,1.84
2017-09-14,16.78,1.8,1.84
2017-09-15,16.69,1.79,1.85
2017-09-18,16.74,1.8,1.85
2017-09-19,16.72,1.8,1.85
2017-09-20,16.76,1.8,1.84
2017-09-21,16.73,1.8,1.85
2017-09-22,16.71,1.79,1.85
2017-09-25,16.67,1.79,1.86
2017-09-26,16.68,1.79,1.85
2017-09-27,16.68,1.79,1.85
2017-09-28,16.66,1.79,1.85
2017-09-29,16.71,1.79,1.89
2017-10-09,16.84,1.81,1.87
2017-10-10,16.89,1.81,1.87
2017-10-11,16.92,1.82,1.86
2017-10-12,16.92,1.82,1.86
2017-10-13,16.94,1.82,1.86
2017-10-16,16.89,1.81,1.87
2017-10-17,16.86,1.81,1.87
2017-10-18,16.92,1.82,1.86
2017-10-19,16.87,1.81,1.87
2017-10-20,16.91,1.82,1.86
2017-10-23,16.92,1.82,1.86
2017-10-24,16.98,1.82,1.85
2017-10-25,17.03,1.83,1.85
2017-10-26,17.08,1.83,1.84
2017-10-27,17.14,1.84,1.84
2017-10-30,17.02,1.83,1.85
2017-10-31,17.04,1.83,1.85
2017-11-01,16.34,1.77,1.85
2017-11-02,16.28,1.77,1.85
2017-11-03,16.26,1.77,1.86
2017-11-06,16.35,1.77,1.85
2017-11-07,16.47,1.79,1.83
2017-11-08,16.48,1.79,1.83
2017-11-09,16.55,1.8,1.82
2017-11-10,16.58,1.8,1.82
2017-11-13,16.66,1.81,1.81
2017-11-14,16.58,1.8,1.82
2017-11-15,16.45,1.78,1.83
2017-11-16,16.44,1.78,1.84
2017-11-17,16.38,1.78,1.84
2017-11-20,16.44,1.78,1.84
2017-11-21,16.54,1.79,1.83
2017-11-22,16.65,1.8,1.81
2017-11-23,16.27,1.76,1.85
2017-11-24,16.28,1.76,1.85
2017-11-27,16.12,1.75,1.87
2017-11-28,16.18,1.75,1.86
2017-11-29,16.2,1.76,1.86
2017-11-30,16.1,1.75,1.87
2017-12-01,16.1,1.75,1.87
2017-12-04,16.07,1.74,1.87
2017-12-05,16.05,1.74,1.88
2017-12-06,16.0,1.73,1.88
2017-12-07,15.89,1.72,1.89
2017-12-08,15.98,1.73,1.88
2017-12-11,16.14,1.75,1.86
2017-12-12,15.94,1.73,1.89
2017-12-13,16.05,1.74,1.87
2017-12-14,15.99,1.73,1.88
2017-12-15,15.87,1.72,1.89
2017-12-18,15.89,1.72,1.89
2017-12-19,16.04,1.74,1.87
2017-12-20,16.0,1.73,1.88
2017-12-21,16.06,1.74,1.87
2017-12-22,16.05,1.74,1.87
2017-12-25,15.98,1.73,1.88
2017-12-26,16.11,1.75,1.86
2017-12-27,15.96,1.73,1.88
2017-12-28,16.06,1.74,1.87
2017-12-29,16.12,1.75,1.86
2018-01-02,16.33,1.77,1.83
2018-01-03,16.44,1.78,1.82
2018-01-04,16.52,1.79,1.81
2018-01-05,16.55,1.79,1.81
2018-01-08,16.64,1.8,1.8
2018-01-09,16.67,1.81,1.8
2018-01-10,16.71,1.81,1.79
2018-01-11,16.73,1.81,1.79
2018-01-12,16.75,1.81,1.79
2018-01-15,16.67,1.8,1.8
2018-01-16,16.8,1.82,1.78
2018-01-17,16.85,1.82,1.78
2018-01-18,17.0,1.84,1.76
2018-01-19,17.07,1.85,1.75
2018-01-22,17.14,1.85,1.75
2018-01-23,17.37,1.88,1.72
2018-01-24,17.44,1.89,1.72
2018-01-25,17.38,1.88,1.72
2018-01-26,17.43,1.89,1.72
2018-01-29,17.26,1.87,1.73
2018-01-30,17.09,1.85,1.75
2018-01-31,17.06,1.84,1.77
2018-02-01,16.91,1.83,1.78
2018-02-02,16.99,1.84,1.78
2018-02-05,17.13,1.85,1.76
2018-02-06,16.56,1.79,1.82
2018-02-07,16.25,1.76,1.86
2018-02-08,16.01,1.73,1.88
2018-02-09,15.37,1.66,1.96
2018-02-12,15.5,1.68,1.94
2018-02-13,15.65,1.69,1.92
2018-02-14,15.71,1.7,1.92
2018-02-22,16.06,1.74,1.87
2018-02-23,16.16,1.75,1.86
2018-02-26,16.34,1.77,1.84
2018-02-27,16.15,1.75,1.86
2018-02-28,16.19,1.75,1.86
2018-03-01,16.26,1.76,1.85
2018-03-02,16.16,1.75,1.86
2018-03-05,16.18,1.75,1.86
2018-03-06,16.34,1.77,1.84
2018-03-07,16.26,1.76,1.85
2018-03-08,16.34,1.77,1.84
2018-03-09,16.43,1.78,1.83
2018-03-12,16.53,1.79,1.81
2018-03-13,16.44,1.78,1.82
2018-03-14,16.35,1.77,1.83
2018-03-15,16.35,1.77,1.83
2018-03-16,16.24,1.76,1.85
2018-03-19,16.29,1.76,1.84
2018-03-20,16.35,1.77,1.83
2018-03-21,16.3,1.76,1.84
2018-03-22,16.21,1.76,1.85
2018-03-23,15.67,1.7,1.92
2018-03-26,15.57,1.69,1.93
2018-03-27,15.72,1.7,1.91
2018-03-28,15.5,1.68,1.93
2018-03-29,15.7,1.7,1.91
2018-03-30,15.74,1.71,1.89
2018-04-02,15.71,1.7,1.89
2018-04-03,15.58,1.69,1.91
2018-04-04,15.54,1.69,1.91
2018-04-09,15.58,1.69,1.91
2018-04-10,15.85,1.72,1.88
2018-04-11,15.94,1.73,1.87
2018-04-12,15.8,1.71,1.88
2018-04-13,15.7,1.7,1.89
2018-04-16,15.46,1.68,1.92
2018-04-17,15.24,1.65,1.95
2018-04-18,15.37,1.67,1.93
2018-04-19,15.5,1.68,1.92
2018-04-20,15.27,1.66,1.95
2018-04-23,15.27,1.65,1.95
2018-04-24,15.57,1.69,1.91
2018-04-25,15.52,1.68,1.92
2018-04-26,15.31,1.66,1.94
2018-04-27,15.35,1.66,1.93
2018-05-02,14.45,1.57,1.93
2018-05-03,14.55,1.58,1.92
2018-05-04,14.5,1.57,1.92
2018-05-07,14.72,1.59,1.89
2018-05-08,14.84,1.61,1.88
2018-05-09,14.84,1.61,1.88
2018-05-10,14.91,1.62,1.87
2018-05-11,14.86,1.61,1.87
2018-05-14,14.92,1.62,1.87
2018-05-15,15.01,1.63,1.86
2018-05-16,14.91,1.61,1.87
2018-05-17,14.84,1.61,1.88
2018-05-18,15.02,1.63,1.85
2018-05-21,15.12,1.64,1.84
2018-05-22,15.13,1.64,1.84
2018-05-23,14.91,1.62,1.87
2018-05-24,14.84,1.61,1.88
2018-05-25,14.78,1.6,1.88
2018-05-28,14.76,1.6,1.89
2018-05-29,14.7,1.59,1.9
2018-05-30,14.32,1.55,1.95
2018-05-31,14.58,1.58,2.1
2018-06-01,14.49,1.57,2.12
2018-06-04,14.57,1.58,2.11
2018-06-05,14.68,1.59,2.09
2018-06-06,14.68,1.59,2.09
2018-06-07,14.66,1.59,2.09
2018-06-08,14.53,1.58,2.1
2018-06-11,14.48,1.58,2.1
2018-06-12,14.63,1.59,2.08
2018-06-13,14.51,1.58,2.1
2018-06-14,14.47,1.57,2.11
2018-06-15,14.36,1.56,2.12
2018-06-19,13.81,1.5,2.21
2018-06-20,13.87,1.51,2.2
2018-06-21,13.68,1.49,2.23
2018-06-22,13.76,1.5,2.21
2018-06-25,13.61,1.48,2.24
2018-06-26,13.55,1.47,2.25
2018-06-27,13.4,1.46,2.27
2018-06-28,13.25,1.44,2.29
2018-06-29,13.53,1.8,2.52
2018-07-02,13.19,1.44,2.59
2018-07-03,13.24,1.44,2.57
2018-07-04,13.11,1.43,2.6
2018-07-05,13.04,1.42,2.62
2018-07-06,13.1,1.43,2.6
2018-07-09,13.43,1.46,2.54
2018-07-10,13.49,1.47,2.53
2018-07-11,13.25,1.44,2.57
2018-07-12,13.54,1.47,2.52
2018-07-13,13.51,1.47,2.52
2018-07-16,13.43,1.46,2.54
2018-07-17,13.35,1.45,2.55
2018-07-18,13.3,1.45,2.56
2018-07-19,13.23,1.44,2.57
2018-07-20,13.51,1.47,2.52
2018-07-23,13.66,1.49,2.49
2018-07-24,13.87,1.51,2.45
2018-07-25,13.87,2.85,2.45
2018-07-26,13.76,1.5,2.47
2018-07-27,13.72,1.49,2.48
2018-07-30,13.7,1.49,2.48
2018-07-31,13.74,2.76,2.3
2018-08-01,13.49,1.47,2.34
2018-08-02,13.22,1.44,2.39
2018-08-03,13.09,1.42,2.41
2018-08-06,12.92,1.41,2.45
2018-08-07,13.28,1.45,2.38
2018-08-08,13.11,1.43,2.41
2018-08-09,13.35,1.45,2.37
2018-08-10,13.36,1.45,2.36
2018-08-13,13.31,1.45,2.37
2018-08-14,13.29,1.45,2.38
2018-08-15,13.01,1.42,2.43
2018-08-16,12.92,1.41,2.44
2018-08-17,12.75,1.39,2.48
2018-08-20,12.89,1.4,2.45
2018-08-21,13.06,1.42,2.42
2018-08-22,12.96,1.41,2.43
2018-08-23,13.01,1.42,2.42
2018-08-24,13.04,1.42,2.42
2018-08-27,13.28,1.45,2.37
2018-08-28,13.29,1.45,2.37
2018-08-29,13.25,1.44,2.38
2018-08-30,13.1,1.43,2.41
2018-08-31,13.04,1.42,2.44
2018-09-03,12.45,1.4,2.44
2018-09-04,12.59,1.42,2.42
2018-09-05,12.37,1.4,2.46
2018-09-06,12.32,1.39,2.47
2018-09-07,12.37,1.39,2.46
2018-09-10,12.22,1.38,2.49
2018-09-11,12.2,1.38,2.49
2018-09-12,12.16,1.37,2.5
2018-09-13,12.3,1.39,2.47
2018-09-14,12.28,1.38,2.48
2018-09-17,12.14,1.37,2.5
2018-09-18,12.36,1.39,2.46
2018-09-19,12.51,1.41,2.43
2018-09-20,12.5,1.41,2.43
2018-09-21,12.82,1.44,2.37
2018-09-25,12.74,1.44,2.39
2018-09-26,12.86,1.45,2.36
2018-09-27,12.79,1.44,2.37
2018-09-28,12.93,1.46,2.38
2018-10-08,12.44,1.4,2.47
2018-10-09,12.46,1.41,2.46
2018-10-10,12.49,1.41,2.46
2018-10-11,11.84,1.33,2.6
2018-10-12,11.95,1.35,2.57
2018-10-15,11.77,1.33,2.61
2018-10-16,11.67,1.32,2.63
2018-10-17,11.74,1.32,2.62
2018-10-18,11.4,1.28,2.7
2018-10-19,11.7,1.32,2.63
2018-10-22,21.59,1.37,2.52
2018-10-23,11.9,1.34,2.58
2018-10-24,11.94,1.34,2.57
2018-10-25,11.95,1.35,2.57
2018-10-26,11.92,1.34,2.58
2018-10-29,11.66,1.31,2.63
2018-10-30,11.78,1.33,2.61
2018-10-31,11.94,1.34,2.58
2018-11-01,11.71,1.31,2.58
2018-11-02,12.03,1.34,2.51
2018-11-05,11.98,1.34,2.52
2018-11-06,11.95,1.33,2.53
2018-11-07,11.87,1.32,2.54
2018-11-08,11.84,1.32,2.55
2018-11-09,11.67,1.3,0.69
2018-11-12,11.81,1.32,2.55
2018-11-13,11.92,1.33,2.53
2018-11-14,11.81,1.32,2.55
2018-11-15,11.98,1.34,2.52
2018-11-16,12.04,1.34,2.49
2018-11-19,12.16,1.36,2.47
2018-11-20,11.91,1.33,2.52
2018-11-21,11.94,1.33,2.51
2018-11-22,11.92,1.33,2.52
2018-11-23,11.64,1.3,2.58
2018-11-26,11.62,1.3,2.58
2018-11-27,11.61,1.3,2.59
2018-11-28,11.73,1.31,2.56
2018-11-29,11.57,1.29,2.59
2018-11-30,11.67,1.3,2.58
2018-12-03,11.97,1.34,2.52
2018-12-04,12.02,1.34,2.51
2018-12-05,11.95,1.33,2.52
2018-12-06,11.75,1.31,2.57
2018-12-07,11.75,1.31,2.57
2018-12-10,11.65,1.3,2.59
2018-12-11,11.7,1.31,2.58
2018-12-12,11.73,1.31,2.57
2018-12-13,11.88,1.33,2.54
2018-12-14,11.7,1.31,2.58
2018-12-17,11.72,1.31,2.57
2018-12-18,11.62,1.3,2.59
2018-12-19,11.5,1.28,2.62
2018-12-20,11.44,1.28,2.72
2018-12-21,11.35,1.27,2.66
2018-12-24,11.4,1.27,2.64
2018-12-25,11.3,1.26,2.67
2018-12-26,11.27,1.26,2.68
2018-12-27,11.21,1.25,2.69
2018-12-28,11.26,1.26,2.69
2019-01-02,11.12,1.24,2.72
2019-01-03,11.12,1.24,2.72
2019-01-04,11.35,1.27,2.67
2019-01-07,11.43,1.28,2.65
2019-01-08,11.41,1.27,2.65
2019-01-09,11.49,1.28,2.63
2019-01-10,11.45,1.28,2.64
2019-01-11,11.54,1.29,2.62
2019-01-14,11.46,1.28,2.64
2019-01-15,11.61,1.3,2.6
2019-01-16,11.62,1.3,2.6
2019-01-17,11.57,1.29,2.61
2019-01-18,11.72,1.31,2.58
2019-01-21,11.79,1.31,2.56
2019-01-22,11.65,1.3,5.95
2019-01-23,11.67,1.3,2.58
2019-01-24,11.72,1.31,2.57
2019-01-25,11.77,1.31,2.56
2019-01-28,11.74,1.31,2.57
2019-01-29,11.74,1.31,2.57
2019-01-30,11.66,1.3,2.59
2019-01-31,11.71,1.3,2.56
2019-02-01,11.86,1.32,2.53
2019-02-11,12.02,1.34,2.5
2019-02-12,12.1,1.35,2.48
2019-02-13,12.33,1.37,2.43
2019-02-14,12.32,1.37,2.44
2019-02-15,12.14,1.35,2.47
2019-02-18,12.47,1.39,2.4
2019-02-19,12.47,1.39,2.4
2019-02-20,12.5,1.39,2.4
2019-02-21,12.45,1.39,2.41
2019-02-22,12.69,1.41,2.36
2019-02-25,13.4,1.49,2.24
2019-02-26,13.31,1.48,2.25
2019-02-27,13.36,1.49,2.24
2019-02-28,13.31,1.48,1.66
2019-03-01,13.55,1.51,2.21
2019-03-04,13.7,1.53,2.18
2019-03-05,13.81,1.54,2.16
2019-03-06,14.02,1.57,2.13
2019-03-07,14.03,1.57,2.13
2019-03-08,13.42,1.5,2.22
2019-03-11,13.68,1.82,2.18
2019-03-12,13.83,1.55,2.16
2019-03-13,13.68,1.53,2.18
2019-03-14,13.52,1.51,2.21
2019-03-15,13.66,1.53,2.19
2019-03-18,14.0,1.56,2.13
2019-03-19,13.97,1.56,2.14
2019-03-20,13.97,1.56,2.14
2019-03-21,14.01,1.57,2.13
2019-03-22,14.02,1.57,2.13
2019-03-25,13.74,1.54,2.17
2019-03-26,13.54,1.51,2.2
2019-03-27,13.66,1.53,2.18
2019-03-28,13.54,1.51,2.2
2019-03-29,13.97,1.56,2.14
2019-04-01,14.33,1.6,2.09
2019-04-02,14.36,1.61,2.08
2019-04-03,14.54,1.63,2.06
2019-04-04,14.67,1.64,2.04
2019-04-08,14.67,1.64,2.04
2019-04-09,14.64,1.64,2.04
2019-04-10,14.65,1.64,2.04
2019-04-11,14.42,1.61,2.07
2019-04-12,14.41,1.61,2.07
2019-04-15,14.36,1.61,2.08
2019-04-16,14.71,1.65,2.03
2019-04-17,14.75,1.65,2.03
2019-04-18,14.71,1.64,2.03
2019-04-19,14.8,1.65,2.02
2019-04-22,14.55,1.63,2.06
2019-04-23,14.48,1.62,2.07
2019-04-24,14.5,1.62,2.06
2019-04-25,14.15,1.58,2.12
2019-04-26,13.98,1.56,2.14
2019-04-29,13.89,1.55,2.16
2019-04-30,13.96,1.56,2.15
2019-05-06,12.98,1.4,1.1
2019-05-07,13.07,1.4,2.26
2019-05-08,12.92,1.39,2.29
2019-05-09,12.73,1.37,2.32
2019-05-10,13.12,1.41,2.25
2019-05-13,12.96,1.39,2.28
2019-05-14,12.88,1.38,2.3
2019-05-15,13.12,1.41,2.25
2019-05-16,13.23,1.42,2.23
2019-05-17,12.91,1.39,2.29
2019-05-20,12.85,1.38,2.3
2019-05-21,13.01,1.4,2.27
2019-05-22,12.94,1.39,2.28
2019-05-23,12.77,1.37,2.31
2019-05-24,12.78,1.37,2.31
2019-05-27,12.95,1.39,2.28
2019-05-28,13.03,1.4,2.27
2019-05-29,13.05,1.4,2.26
2019-05-30,13.02,1.4,2.27
2019-05-31,12.99,1.4,2.25
2019-06-03,12.95,1.39,2.25
2019-06-04,12.83,1.38,2.28
2019-06-05,12.83,1.38,2.28
2019-06-06,12.68,1.36,2.3
2019-06-10,12.79,1.37,2.28
2019-06-11,13.12,1.41,2.23
2019-06-12,13.05,1.4,2.24
2019-06-13,13.05,1.4,2.24
2019-06-14,12.93,1.39,2.26
2019-06-17,12.95,1.39,2.25
2019-06-18,12.96,1.39,2.25
2019-06-19,13.09,1.41,2.23
2019-06-20,13.41,1.44,2.18
2019-06-21,13.47,1.45,2.17
2019-06-24,13.5,1.45,2.16
2019-06-25,13.38,1.44,2.18
2019-06-26,13.36,1.44,2.18
2019-06-27,13.46,1.45,2.17
2019-06-28,13.39,1.44,2.34
2019-07-01,13.69,1.47,2.29
2019-07-02,13.68,1.47,2.29
2019-07-03,13.56,1.46,2.31
2019-07-04,13.51,1.45,2.32
2019-07-05,13.55,1.45,2.32
2019-07-08,13.2,1.42,2.38
2019-07-09,13.18,1.42,2.38
2019-07-10,13.13,1.41,2.39
2019-07-11,13.14,1.41,2.39
2019-07-12,13.2,1.42,2.38
2019-07-15,13.25,1.42,2.37
2019-07-16,13.23,1.42,2.37
2019-07-17,13.21,1.42,2.38
2019-07-18,13.07,1.4,2.4
2019-07-19,13.19,1.42,2.38
2019-07-22,13.21,1.42,2.37
2019-07-23,13.25,1.42,2.36
2019-07-24,13.37,1.44,2.34
2019-07-25,13.45,1.44,2.33
2019-07-26,13.47,1.45,2.33
2019-07-29,13.47,1.45,2.33
2019-07-30,13.53,1.45,2.31
2019-07-31,13.45,1.44,2.35
2019-08-01,13.36,1.43,2.37
2019-08-02,13.19,1.42,2.4
2019-08-05,13.0,1.4,2.43
2019-08-06,12.78,1.37,2.47
2019-08-07,12.75,1.37,2.48
2019-08-08,12.88,1.38,2.45
2019-08-09,12.79,1.37,2.47
2019-08-12,12.98,1.39,2.44
2019-08-13,12.9,1.38,2.45
2019-08-14,12.96,1.39,2.44
2019-08-15,12.99,1.39,2.43
2019-08-16,13.03,1.4,2.43
2019-08-19,13.29,1.43,2.38
2019-08-20,13.28,1.42,2.38
2019-08-21,13.26,1.42,2.39
2019-08-22,13.27,1.42,2.38
2019-08-23,13.32,1.43,2.37
2019-08-26,13.17,1.41,2.4
2019-08-27,13.35,1.43,2.37
2019-08-28,13.3,1.43,2.38
2019-08-29,13.29,1.43,2.38
2019-08-30,13.27,1.42,2.38
2019-09-02,13.06,1.43,2.34
2019-09-03,13.11,1.43,2.34
2019-09-04,13.22,1.45,2.32
2019-09-05,13.35,1.46,2.29
2019-09-06,13.41,1.47,2.28
2019-09-09,13.52,1.48,2.26
2019-09-10,13.51,1.48,2.27
2019-09-11,13.45,1.47,2.28
2019-09-12,13.54,1.48,2.26
2019-09-16,13.54,1.48,2.26
2019-09-17,13.31,1.46,2.3
2019-09-18,13.34,1.46,2.29
2019-09-19,13.4,1.47,2.28
2019-09-20,13.44,1.47,2.28
2019-09-23,13.31,1.46,2.3
2019-09-24,13.35,1.46,2.29
2019-09-25,13.23,1.45,2.32
2019-09-26,13.1,1.43,2.34
2019-09-27,13.12,1.43,2.34
2019-09-30,13.0,1.42,2.35
2019-10-08,13.03,1.43,2.34
2019-10-09,13.08,1.43,2.33
2019-10-10,13.18,1.44,2.31
2019-10-11,13.3,1.45,2.29
2019-10-14,13.45,1.47,2.27
2019-10-15,13.38,1.46,2.28
2019-10-16,13.32,1.46,2.29
2019-10-17,13.31,1.46,2.29
2019-10-18,13.14,1.44,2.32
2019-10-21,13.15,1.44,2.32
2019-10-22,13.21,1.45,2.31
2019-10-23,13.17,1.44,2.32
2019-10-24,13.16,1.44,2.32
2019-10-25,13.22,1.45,2.31
2019-10-28,13.34,1.46,2.29
2019-10-29,13.21,1.45,2.3
2019-10-30,13.15,1.44,2.31
2019-10-31,13.1,1.43,2.31
2019-11-01,12.99,1.39,2.29
2019-11-04,13.07,1.4,2.28
2019-11-05,13.16,1.4,2.26
2019-11-06,13.12,1.4,2.27
2019-11-07,13.12,1.4,2.27
2019-11-08,13.07,1.39,2.28
2019-11-11,12.83,1.37,2.32
2019-11-12,12.84,1.37,2.32
2019-11-13,12.81,1.37,2.32
2019-11-14,12.83,1.37,2.32
2019-11-15,12.76,1.36,2.33
2019-11-18,12.85,1.37,2.31
2019-11-19,12.96,1.38,2.29
2019-11-20,12.86,1.37,2.31
2019-11-21,12.83,1.37,2.32
2019-11-22,12.74,1.36,2.33
2019-11-25,12.82,1.37,2.32
2019-11-26,12.81,1.37,2.31
2019-11-27,12.79,1.37,2.31
2019-11-28,12.73,1.36,2.32
2019-11-29,12.66,1.35,2.34
2019-12-02,12.67,1.35,2.34
2019-12-03,12.7,1.36,2.33
2019-12-04,12.68,1.36,2.33
2019-12-05,12.78,1.37,2.32
2019-12-06,12.83,1.37,2.31
2019-12-09,12.86,1.37,2.3
2019-12-10,12.76,1.37,2.27
2019-12-11,12.79,1.37,2.27
2019-12-12,12.75,1.37,2.27
2019-12-13,12.98,1.39,2.23
2019-12-16,13.05,1.4,2.22
2019-12-17,13.22,1.42,2.19
2019-12-18,13.21,1.42,2.19
2019-12-19,13.2,1.42,2.19
2019-12-20,13.15,1.41,2.2
2019-12-23,12.97,1.39,2.23
2019-12-24,13.06,1.4,2.21
2019-12-25,13.07,1.41,2.21
2019-12-26,13.18,1.42,2.19
2019-12-27,13.17,1.42,2.2
2019-12-30,13.32,1.43,2.17
2019-12-31,13.37,1.44,2.16
2020-01-02,13.53,1.46,2.13
2020-01-03,13.52,1.45,2.13
2020-01-06,13.52,1.45,2.13
2020-01-07,13.61,1.47,2.12
2020-01-08,13.45,1.45,2.14
2020-01-09,13.58,1.46,2.12
2020-01-10,13.57,1.46,2.13
2020-01-13,13.69,1.47,1.44
2020-01-14,13.66,1.47,2.11
2020-01-15,13.59,1.46,2.12
2020-01-16,13.6,1.46,2.11
2020-01-17,13.64,1.46,2.11
2020-01-20,13.76,1.48,2.09
2020-01-21,13.57,1.46,2.12
2020-01-22,16.75,1.46,2.11
