,pe,pb,ps,pcf,roe,dyr,cap,open,close,low,high,pre_close,volume,money
2016-08-16,8.73,1.83,3.65,-9.75,20.96,,281.12,9.75,11.7,9.75,11.7,8.12,299910.0,3498525.0
2016-08-17,9.6,2.01,4.01,-10.72,20.94,,309.16,12.87,12.87,12.87,12.87,11.7,170187.0,2190440.0
2016-08-18,10.56,2.21,4.42,-11.79,20.93,,340.19,14.16,14.16,14.16,14.16,12.87,304724.0,4315710.0
2016-08-19,11.61,2.44,4.86,-12.97,21.02,,374.21,15.58,15.58,15.58,15.58,14.16,1438885.0,22416306.0
2016-08-22,12.78,2.68,5.34,-14.27,20.97,,411.68,17.14,17.14,17.14,17.14,15.58,5177428.0,88734683.0
2016-08-23,14.05,2.95,5.88,-15.7,21.0,,452.82,18.66,18.85,18.27,18.85,17.14,122242223.0,2288453923.0
2016-08-24,14.67,3.08,6.13,-16.38,21.0,,472.59,19.67,19.67,19.5,20.29,18.85,270732150.0,5363313493.0
2016-08-25,14.82,3.11,6.2,-16.55,20.99,,477.42,19.33,19.88,18.89,19.9,19.67,180294981.0,3504082655.0
2016-08-26,13.97,2.93,5.84,-15.6,20.97,,450.06,19.76,18.74,18.71,19.77,19.88,149244447.0,2863292582.0
2016-08-29,13.32,2.79,5.57,-14.88,20.95,,429.15,18.37,17.87,17.78,18.48,18.74,108509203.0,1969535994.0
2016-08-30,13.28,2.79,5.55,-14.84,21.01,,428.0,18.0,17.82,17.73,18.11,17.87,62963425.0,1127119906.0
2016-08-31,13.83,2.9,5.78,-15.45,20.97,,445.7,17.85,18.56,17.74,19.23,17.82,130334547.0,2406548157.0
2016-09-01,13.28,2.79,5.55,-14.84,21.01,,428.0,18.41,17.82,17.79,18.49,18.56,86317487.0,1560641671.0
2016-09-02,13.24,2.78,5.54,-14.79,21.0,,426.62,17.62,17.76,17.49,18.08,17.82,55564882.0,989840468.0
2016-09-05,12.77,2.68,5.34,-14.26,20.99,,411.45,17.88,17.13,17.05,17.91,17.76,72720233.0,1269127497.0
2016-09-06,12.86,2.7,5.38,-14.36,21.0,,414.21,17.01,17.24,16.89,17.38,17.13,49605661.0,849307132.0
2016-09-07,12.64,2.65,5.28,-14.11,20.97,,407.08,17.16,16.95,16.92,17.3,17.24,46246849.0,790159910.0
2016-09-08,12.66,2.66,5.3,-14.15,21.01,,408.0,16.91,16.99,16.84,17.17,16.95,33938814.0,576781293.0
2016-09-09,12.51,2.62,5.23,-13.97,20.94,,402.94,16.99,16.78,16.77,17.1,16.99,28019229.0,473962007.0
2016-09-12,12.11,2.54,5.07,-13.53,20.97,,390.3,16.46,16.25,16.2,16.69,16.78,43373636.0,712970270.0
2016-09-13,12.34,2.59,5.16,-13.79,20.99,,397.66,16.36,16.56,16.31,16.81,16.25,42352312.0,702704001.0
2016-09-14,12.21,2.56,5.11,-13.64,20.97,,393.52,16.44,16.38,16.29,16.58,16.56,22704195.0,372294817.0
2016-09-19,12.33,2.59,5.15,-13.77,21.01,,397.2,16.35,16.54,16.34,16.62,16.38,22115006.0,365179199.0
2016-09-20,12.14,2.55,5.07,-13.56,21.0,,390.99,16.47,16.28,16.24,16.72,16.54,33258806.0,545990082.0
2016-09-21,12.06,2.53,5.04,-13.47,20.98,,388.46,16.26,16.17,16.11,16.33,16.28,24488977.0,397035272.0
2016-09-22,12.07,2.53,5.05,-13.48,20.96,,388.92,16.29,16.19,16.15,16.44,16.17,21616849.0,351154916.0
2016-09-23,11.69,2.45,4.89,-13.05,20.96,,376.51,16.18,15.67,15.66,16.2,16.19,33363512.0,530708962.0
2016-09-26,11.14,2.34,4.66,-12.44,21.01,,358.81,15.61,14.94,14.9,15.66,15.67,36295826.0,552923458.0
2016-09-27,11.09,2.33,4.64,-12.39,21.01,,357.43,14.91,14.88,14.57,14.96,14.94,31136506.0,459571589.0
2016-09-28,10.92,2.29,4.56,-12.19,20.97,,351.68,14.86,14.64,14.61,14.89,14.88,19199485.0,283108643.0
2016-09-29,10.91,2.29,4.56,-12.18,20.99,,351.45,14.71,14.63,14.62,14.82,14.64,16887463.0,248425688.0
2016-09-30,10.74,2.25,4.49,-11.99,20.95,,345.94,14.59,14.4,14.37,14.62,14.63,21416885.0,309894266.0
2016-10-10,11.0,2.31,4.6,-12.29,21.0,,354.44,14.47,14.76,14.37,14.77,14.4,26192583.0,382384735.0
2016-10-11,11.03,2.31,4.61,-12.32,20.94,,355.36,14.75,14.79,14.68,14.9,14.76,21884256.0,322954849.0
2016-10-12,10.93,2.29,4.57,-12.21,20.95,,352.14,14.7,14.66,14.6,14.81,14.79,18497230.0,272206200.0
2016-10-13,10.88,2.28,4.55,-12.15,20.96,,350.54,14.72,14.59,14.57,14.76,14.66,15894440.0,232584844.0
2016-10-14,10.94,2.3,4.58,-12.22,21.02,,352.6,14.58,14.68,14.53,14.79,14.59,21687549.0,318290683.0
2016-10-17,10.61,2.23,4.44,-11.85,21.02,,341.8,14.61,14.23,14.21,14.66,14.68,29117671.0,420160751.0
2016-10-18,10.8,2.27,4.52,-12.07,21.02,,348.01,14.24,14.49,14.11,14.53,14.23,27258433.0,390499543.0
2016-10-19,10.69,2.24,4.47,-11.95,20.95,,344.56,14.49,14.34,14.28,14.49,14.49,17805625.0,255594165.0
2016-10-20,10.73,2.25,4.49,-11.99,20.97,,345.71,14.33,14.39,14.26,14.52,14.34,18222640.0,262097673.0
2016-10-21,10.81,2.27,4.52,-12.07,21.0,,348.24,14.36,14.5,14.22,14.51,14.39,22545106.0,324358877.0
2016-10-24,11.1,2.33,4.64,-12.4,20.99,,357.66,14.51,14.89,14.44,15.28,14.5,75088584.0,1120663244.0
2016-10-25,11.11,2.33,4.64,-12.41,20.97,,357.89,14.82,14.9,14.78,15.0,14.89,33923743.0,504947797.0
2016-10-26,10.9,2.29,4.56,-12.18,21.01,,351.22,14.9,14.62,14.55,14.92,14.9,32496860.0,477331687.0
2016-10-27,10.92,1.71,4.57,-12.2,15.66,,351.91,14.6,14.65,14.58,14.68,14.62,16010718.0,234234160.0
2016-10-28,10.42,1.76,3.94,44.19,16.89,,361.34,14.77,15.04,14.77,15.63,14.65,73137124.0,1113201096.0
2016-10-31,10.65,1.8,4.03,45.17,16.9,,369.38,15.07,15.38,14.93,15.47,15.04,60304787.0,921684773.0
2016-11-01,10.58,1.79,4.01,44.89,16.92,,367.09,15.22,15.28,15.14,15.38,15.38,32600354.0,497695200.0
2016-11-02,10.46,1.77,3.96,44.38,16.92,,362.95,15.24,15.11,15.05,15.4,15.28,31760598.0,482592106.0
2016-11-03,10.54,1.78,3.99,44.69,16.89,,365.48,15.05,15.22,14.88,15.28,15.11,33014043.0,498432433.0
2016-11-04,10.39,1.76,3.93,44.07,16.94,,360.42,15.19,15.0,14.96,15.26,15.22,23597391.0,356157298.0
2016-11-07,10.38,1.75,3.93,44.05,16.86,,360.19,15.0,15.0,14.94,15.1,15.0,16123739.0,242155507.0
2016-11-08,10.52,1.78,3.98,44.61,16.92,,364.79,15.07,15.19,15.0,15.26,15.0,31630704.0,479397538.0
2016-11-09,10.28,1.74,3.89,43.62,16.93,,356.74,15.14,14.85,14.77,15.16,15.19,30739803.0,459119464.0
2016-11-10,10.63,1.8,4.02,45.09,16.93,,368.69,15.0,15.35,14.95,15.55,14.85,53611749.0,821201919.0
2016-11-11,10.83,1.83,4.1,45.93,16.9,,375.59,15.36,15.64,15.25,15.73,15.35,61678765.0,956014800.0
2016-11-14,10.99,1.86,4.16,46.63,16.92,,381.34,15.51,15.88,15.45,16.25,15.64,58440260.0,927970951.0
2016-11-15,10.83,1.83,4.1,45.93,16.9,,375.59,15.8,15.64,15.53,15.83,15.88,27568578.0,431906660.0
2016-11-16,10.77,1.82,4.08,45.7,16.9,,373.75,15.69,15.56,15.51,15.76,15.64,18909634.0,294732231.0
2016-11-17,10.86,1.83,4.11,46.07,16.85,,376.74,15.51,15.68,15.42,15.81,15.56,24102771.0,375562466.0
2016-11-18,10.72,1.81,4.06,45.48,16.88,,371.91,15.69,15.48,15.46,15.69,15.68,18522498.0,288169914.0
2016-11-21,10.77,1.82,4.08,45.7,16.9,,373.75,15.43,15.56,15.42,15.77,15.48,24332845.0,380032747.0
2016-11-22,10.83,1.83,4.1,45.96,16.9,,375.82,15.63,15.65,15.5,15.7,15.56,19586824.0,305914284.0
2016-11-23,10.87,1.84,4.11,46.1,16.93,,376.97,15.66,15.69,15.59,16.06,15.65,46342792.0,734189744.0
2016-11-24,11.08,1.87,4.19,47.0,16.88,,384.32,15.63,16.0,15.61,16.03,15.69,47243014.0,749871491.0
2016-11-25,11.12,1.88,4.21,47.17,16.91,,385.7,16.06,16.06,15.79,16.21,16.0,37114165.0,593527328.0
2016-11-28,11.5,1.94,4.35,48.8,16.87,,399.04,16.13,16.61,16.13,16.78,16.06,66860368.0,1101603781.0
2016-11-29,11.36,1.92,4.3,48.18,16.9,,393.98,16.46,16.4,16.36,16.6,16.61,32484872.0,534586549.0
2016-11-30,10.99,1.86,4.16,46.63,16.92,,381.34,16.42,15.88,15.8,16.42,16.4,29200111.0,468098702.0
2016-12-01,11.18,1.89,4.23,47.42,16.91,,387.77,15.84,16.14,15.84,16.15,15.88,21217429.0,340308743.0
2016-12-02,11.03,1.86,4.17,46.77,16.86,,382.49,16.11,15.92,15.87,16.2,16.14,19361112.0,310301585.0
2016-12-05,10.83,1.83,4.1,45.96,16.9,,375.82,15.62,15.65,15.52,15.86,15.92,15586139.0,244353543.0
2016-12-06,10.81,1.83,4.09,45.87,16.93,,375.13,15.64,15.62,15.6,15.85,15.65,12569473.0,197133029.0
2016-12-07,11.04,1.87,4.18,46.83,16.94,,382.95,15.6,15.94,15.59,15.95,15.62,16779351.0,264865483.0
2016-12-08,11.19,1.89,4.24,47.48,16.89,,388.23,15.95,16.16,15.82,16.37,15.94,29096194.0,469924196.0
2016-12-09,11.54,1.95,4.37,48.97,16.9,,400.41,16.12,16.67,16.12,17.21,16.16,66047581.0,1106859179.0
2016-12-12,11.5,1.94,4.35,48.77,16.87,,398.81,16.9,16.6,16.44,17.37,16.67,58116771.0,984954013.0
2016-12-13,11.43,1.93,4.33,48.49,16.89,,396.51,16.51,16.51,16.04,16.69,16.6,39024416.0,637223888.0
2016-12-14,11.87,2.0,4.49,50.34,16.85,,411.68,16.41,17.14,16.26,17.2,16.51,42363195.0,716241183.0
2016-12-15,11.43,1.93,4.33,48.49,16.89,,396.51,16.99,16.51,16.36,17.32,17.14,38922858.0,650033489.0
2016-12-16,11.41,1.93,4.32,48.4,16.91,,395.82,16.41,16.48,16.41,17.0,16.51,26933892.0,448684906.0
2016-12-19,11.12,1.88,4.21,47.17,16.91,,385.7,16.31,16.06,15.96,16.35,16.48,22858659.0,369026798.0
2016-12-20,10.65,1.8,4.03,45.17,16.9,,369.38,16.06,15.38,15.25,16.06,16.06,44241331.0,686083578.0
2016-12-21,10.78,1.82,4.08,45.73,16.88,,373.98,15.41,15.57,15.35,15.58,15.38,18612953.0,288166217.0
2016-12-22,10.87,1.84,4.11,46.1,16.93,,376.97,15.54,15.69,15.39,15.73,15.57,13188756.0,204958455.0
2016-12-23,10.46,1.77,3.96,44.38,16.92,,362.95,15.63,15.11,15.1,15.67,15.69,20681321.0,317235634.0
2016-12-26,10.69,1.81,4.05,45.34,16.93,,370.76,15.03,15.44,14.89,15.47,15.11,19812018.0,300832722.0
2016-12-27,10.62,1.79,4.02,45.06,16.85,,368.46,15.36,15.34,15.26,15.52,15.44,11041868.0,170097008.0
2016-12-28,10.44,1.76,3.95,44.3,16.86,,362.26,15.34,15.08,14.95,15.4,15.34,14455793.0,218962852.0
2016-12-29,10.42,1.76,3.95,44.21,16.89,,361.57,15.0,15.05,14.91,15.22,15.08,9844047.0,148353891.0
2016-12-30,10.42,1.76,3.95,44.21,16.89,,361.57,15.05,15.1,14.98,15.2,15.05,12038962.0,181262027.0
2017-01-03,10.78,1.82,4.08,45.73,16.88,,373.98,15.19,15.57,15.18,15.67,15.1,22993887.0,355417001.0
2017-01-04,10.81,1.83,4.09,45.87,16.93,,375.13,15.54,15.62,15.48,15.67,15.57,16132543.0,251513172.0
2017-01-05,10.8,1.82,4.09,45.82,16.85,,374.67,15.59,15.6,15.54,15.67,15.62,8592394.0,134089493.0
2017-01-06,10.52,1.78,3.98,44.64,16.92,,365.02,15.57,15.2,15.15,15.57,15.6,17897920.0,274066898.0
2017-01-09,10.58,1.79,4.01,44.89,16.92,,367.09,15.16,15.28,15.16,15.37,15.2,9780344.0,149237759.0
2017-01-10,10.5,1.77,3.97,44.52,16.86,,364.1,15.23,15.16,15.02,15.23,15.28,14401277.0,217462225.0
2017-01-11,10.39,1.76,3.93,44.07,16.94,,360.42,15.1,15.0,15.0,15.16,15.16,6533644.0,98501328.0
2017-01-12,10.06,1.7,3.81,42.67,16.9,,348.93,15.0,14.53,14.43,15.05,15.0,20491539.0,301264979.0
2017-01-13,10.07,1.7,3.81,42.73,16.88,,349.39,14.51,14.55,14.24,14.61,14.53,18008777.0,259489927.0
2017-01-16,10.12,1.71,3.83,42.92,16.9,,350.99,14.39,14.61,14.07,14.76,14.55,37769281.0,544867745.0
2017-01-17,10.11,1.71,3.83,42.89,16.91,,350.77,14.42,14.6,14.38,14.69,14.61,10055617.0,146097978.0
2017-01-18,10.15,1.72,3.84,43.06,16.95,,352.14,14.54,14.66,14.49,14.77,14.6,11669779.0,171340215.0
2017-01-19,10.14,1.71,3.84,43.01,16.86,,351.68,14.64,14.64,14.5,14.87,14.66,11302439.0,166508723.0
2017-01-20,10.29,1.74,3.9,43.65,16.91,,356.97,14.62,14.86,14.58,14.91,14.64,10588036.0,156959540.0
2017-01-23,10.26,1.73,3.88,43.51,16.86,,355.82,14.82,14.81,14.76,15.01,14.86,9320996.0,138649289.0
2017-01-24,10.27,1.74,3.89,43.57,16.94,,356.28,14.79,14.83,14.71,14.89,14.81,6704550.0,99175984.0
2017-01-25,10.28,1.74,3.89,43.6,16.93,,356.51,14.79,14.84,14.73,14.89,14.83,5268381.0,78113800.0
2017-01-26,9.99,1.79,4.01,44.95,17.91,,367.54,14.97,15.3,14.93,15.43,14.84,20295984.0,309218370.0
2017-02-03,9.85,1.76,3.95,44.3,17.87,,362.26,15.27,15.08,15.08,15.29,15.3,6911468.0,104826500.0
2017-02-06,9.98,1.79,4.01,44.89,17.93,,367.09,15.1,15.28,15.07,15.31,15.08,9488945.0,144355758.0
2017-02-07,9.93,1.78,3.99,44.66,17.92,,365.25,15.22,15.21,15.14,15.41,15.28,6420786.0,97755066.0
2017-02-08,10.06,1.8,4.04,45.23,17.9,,369.84,15.18,15.4,15.12,15.43,15.21,12911490.0,197172569.0
2017-02-09,10.11,1.81,4.06,45.48,17.9,,371.91,15.31,15.48,15.28,15.66,15.4,19758093.0,306390819.0
2017-02-10,10.21,1.83,4.1,45.93,17.92,,375.59,15.48,15.64,15.44,15.86,15.48,25530603.0,401293958.0
2017-02-13,10.6,1.9,4.25,47.67,17.93,,389.84,15.67,16.23,15.67,16.98,15.64,49836875.0,812141580.0
2017-02-14,10.51,1.88,4.22,47.28,17.88,,386.62,16.28,16.1,15.96,16.42,16.23,30321502.0,489108396.0
2017-02-15,10.65,1.91,4.27,47.9,17.94,,391.68,16.09,16.31,15.99,16.81,16.1,43044174.0,708581861.0
2017-02-16,10.87,1.95,4.36,48.88,17.94,,399.73,16.27,16.64,16.15,16.75,16.31,38284941.0,631818872.0
2017-02-17,10.46,1.87,4.2,47.05,17.87,,384.78,16.63,16.02,15.98,16.79,16.64,32373458.0,529328834.0
2017-02-20,11.17,2.0,4.49,50.26,17.9,,410.99,16.04,17.11,15.98,17.31,16.02,64334236.0,1081634007.0
2017-02-21,11.02,1.97,4.42,49.58,17.87,,405.47,17.08,16.88,16.75,17.36,17.11,46372750.0,783770886.0
2017-02-22,10.97,1.96,4.4,49.33,17.87,,403.4,16.84,16.79,16.56,16.92,16.88,31965073.0,534574084.0
2017-02-23,11.12,1.99,4.46,50.03,17.89,,409.15,16.86,17.03,16.8,17.37,16.79,48710791.0,834011553.0
2017-02-24,11.06,1.98,4.44,49.72,17.91,,406.62,17.11,16.93,16.68,17.13,17.03,34357924.0,578494477.0
2017-02-27,10.86,1.95,4.36,48.85,17.95,,399.5,16.83,16.63,16.49,16.83,16.93,24847702.0,414063456.0
2017-02-28,11.29,2.02,4.53,50.76,17.9,,415.13,16.56,17.28,16.55,17.48,16.63,48761185.0,838057445.0
2017-03-01,11.05,1.98,4.43,49.7,17.92,,406.39,17.14,16.92,16.9,17.57,17.28,35822904.0,616830087.0
2017-03-02,11.16,2.0,4.48,50.2,17.92,,410.53,16.97,17.09,16.94,17.3,16.92,33150332.0,567915354.0
2017-03-03,10.86,1.94,4.36,48.82,17.87,,399.27,16.93,16.62,16.6,17.03,17.09,25687429.0,431258739.0
2017-03-06,10.98,1.97,4.41,49.39,17.94,,403.86,16.62,16.81,16.56,16.92,16.62,16611732.0,278546461.0
2017-03-07,11.25,2.02,4.09,50.6,17.96,,413.75,16.76,17.22,16.75,17.28,16.81,27711844.0,472080249.0
2017-03-08,11.21,2.01,4.07,50.43,17.93,,412.37,17.21,17.17,16.96,17.55,17.22,34462415.0,595365322.0
2017-03-09,11.11,1.99,4.04,49.98,17.91,,408.69,17.0,17.01,16.86,17.25,17.17,18599629.0,316284619.0
2017-03-10,10.88,1.95,3.95,48.94,17.92,,400.18,17.0,16.66,16.64,17.1,17.01,18317814.0,307121892.0
2017-03-13,10.91,1.95,3.96,49.08,17.87,,401.33,16.6,16.71,16.38,16.78,16.66,12876781.0,213488659.0
2017-03-14,10.83,1.94,3.94,48.71,17.91,,398.35,16.68,16.58,16.51,16.81,16.71,12676831.0,211017038.0
2017-03-15,10.84,1.94,3.94,48.74,17.9,,398.58,16.54,16.59,16.53,16.7,16.58,7781883.0,129179794.0
2017-03-16,11.19,2.0,4.06,50.31,17.87,,411.45,16.65,17.13,16.63,17.32,16.59,34706555.0,593049720.0
2017-03-17,10.89,1.95,3.96,48.97,17.91,,400.41,17.04,16.67,16.65,17.07,17.13,21366688.0,361241456.0
2017-03-20,10.97,1.97,3.99,49.36,17.96,,403.63,16.6,16.8,16.52,16.89,16.67,16373046.0,272763711.0
2017-03-21,10.94,1.96,3.98,49.22,17.92,,402.48,16.78,16.76,16.64,16.96,16.8,10841725.0,182052383.0
2017-03-22,10.69,1.92,3.89,48.09,17.96,,393.29,16.66,16.37,16.33,16.67,16.76,18710366.0,308578418.0
2017-03-23,10.73,1.92,3.9,48.26,17.89,,394.67,16.39,16.43,16.17,16.61,16.37,16068940.0,263753738.0
2017-03-24,10.64,1.91,3.87,47.87,17.95,,391.45,16.44,16.3,16.09,16.47,16.43,13400103.0,217953052.0
2017-03-27,10.72,1.92,3.89,48.21,17.91,,394.21,16.3,16.41,16.26,16.56,16.3,15253910.0,251061880.0
2017-03-28,10.79,1.93,3.92,48.52,17.89,,396.74,16.4,16.52,16.37,16.55,16.41,7945138.0,130937340.0
2017-03-29,10.6,1.9,3.85,47.67,17.92,,389.84,16.53,16.23,16.17,16.57,16.52,9882478.0,161386822.0
2017-03-30,10.41,1.86,3.78,46.8,17.87,,382.72,16.19,15.93,15.85,16.26,16.23,11667873.0,187046135.0
2017-03-31,10.93,1.96,3.97,49.16,17.93,,402.02,16.01,16.74,15.98,16.94,15.93,39448860.0,656874003.0
2017-04-05,10.69,1.92,3.89,48.09,17.96,,393.29,16.38,16.37,15.96,16.42,16.74,29867201.0,486126699.0
2017-04-06,10.67,1.91,3.88,47.98,17.9,,392.37,16.28,16.33,16.2,16.36,16.37,12079920.0,196734803.0
2017-04-07,10.62,1.9,3.86,47.78,17.89,,390.76,16.31,16.27,16.26,16.51,16.33,12368339.0,202344608.0
2017-04-10,10.52,1.88,3.82,47.31,17.87,,386.85,16.18,16.11,16.06,16.27,16.27,13620150.0,219847898.0
2017-04-11,10.7,1.92,3.89,48.12,17.94,,393.52,16.11,16.38,16.01,16.42,16.11,16190717.0,263009681.0
2017-04-12,10.56,1.89,3.84,47.5,17.9,,388.46,16.31,16.17,16.03,16.32,16.38,12609985.0,204268224.0
2017-04-13,10.52,1.89,3.82,47.33,17.97,,387.08,16.1,16.11,16.06,16.24,16.17,9177284.0,147947016.0
2017-04-14,10.28,1.78,3.7,45.93,17.32,,375.59,16.07,15.64,15.58,16.07,16.11,18833148.0,297072031.0
2017-04-17,10.0,1.73,3.6,5.79,17.3,,365.48,15.57,15.22,15.02,15.57,15.64,16447232.0,250618857.0
2017-04-18,9.86,1.7,3.55,5.7,17.24,,360.19,15.22,15.0,14.97,15.25,15.22,9360124.0,141600523.0
2017-04-19,9.98,1.73,3.59,5.77,17.33,,364.79,14.97,15.19,14.96,15.35,15.0,12448808.0,188401817.0
2017-04-20,9.77,1.69,3.51,5.65,17.3,,356.97,15.12,14.86,14.76,15.17,15.19,15773127.0,234938633.0
2017-04-21,9.87,1.71,3.55,5.71,17.33,,360.65,14.86,15.01,14.81,15.11,14.86,11112045.0,166857909.0
2017-04-24,9.86,1.71,3.55,5.71,17.34,,360.42,14.97,15.0,14.69,15.16,15.01,9259767.0,138229079.0
2017-04-25,10.05,1.74,3.61,5.81,17.31,,367.09,15.05,15.28,15.05,15.53,15.0,14560390.0,222826151.0
2017-04-26,10.01,1.73,3.6,5.79,17.28,,365.71,15.29,15.22,15.17,15.45,15.28,9966752.0,152509959.0
2017-04-27,10.05,1.74,3.62,5.81,17.31,,367.31,15.22,15.29,14.83,15.3,15.22,9245773.0,139186165.0
2017-04-28,9.88,1.64,3.55,5.72,16.6,,361.11,15.22,15.03,14.9,15.23,15.29,14214853.0,213519571.0
2017-05-02,9.45,1.64,3.32,4.21,17.35,,360.19,15.02,15.0,14.86,15.11,15.03,11417633.0,170962606.0
2017-05-03,9.47,1.64,3.32,4.22,17.32,,361.11,15.0,15.03,14.91,15.12,15.0,12214268.0,183434561.0
2017-05-04,9.41,1.63,3.3,4.2,17.32,,358.81,15.0,14.94,14.76,15.08,15.03,16404116.0,245218910.0
2017-05-05,9.16,1.59,3.22,4.09,17.36,,349.39,14.89,14.55,14.53,15.0,14.94,15991059.0,236507717.0
2017-05-08,8.94,1.55,3.14,3.99,17.34,,340.88,14.4,14.19,14.16,14.55,14.55,15282554.0,219612056.0
2017-05-09,9.27,1.61,3.25,4.13,17.37,,353.29,14.2,14.71,14.2,14.81,14.19,25538922.0,371603865.0
2017-05-10,9.51,1.65,3.34,4.24,17.35,,362.72,14.6,15.1,14.6,15.67,14.71,44651095.0,677628909.0
2017-05-11,9.56,1.66,3.36,4.26,17.36,,364.56,14.94,15.18,14.82,15.4,15.1,24803556.0,374570189.0
2017-05-12,9.75,1.69,3.42,4.35,17.33,,371.68,15.12,15.47,15.07,15.62,15.18,27791794.0,428858783.0
2017-05-15,9.64,1.67,3.38,4.3,17.32,,367.54,15.44,15.3,15.25,15.53,15.47,17621530.0,270808099.0
2017-05-16,9.6,1.66,3.37,4.28,17.29,,366.17,15.2,15.24,14.94,15.25,15.3,16249814.0,245534668.0
2017-05-17,9.6,1.66,3.37,4.28,17.29,,365.94,15.15,15.23,15.04,15.37,15.24,14874808.0,226116695.0
2017-05-18,9.27,1.61,3.26,4.13,17.37,,353.52,15.08,14.72,14.66,15.19,15.23,19393236.0,288985589.0
2017-05-19,9.24,1.6,3.24,4.12,17.32,,352.14,14.74,14.66,14.52,14.8,14.72,10147647.0,148783616.0
2017-05-22,9.07,1.57,3.19,4.05,17.31,,345.94,14.6,14.4,14.35,14.73,14.66,14517388.0,210634798.0
2017-05-23,9.29,1.61,3.26,4.14,17.33,,354.21,14.4,14.75,14.29,14.89,14.4,24942813.0,367133953.0
2017-05-24,9.13,1.58,3.21,4.07,17.31,,348.24,14.64,14.5,14.27,14.69,14.75,15762116.0,227364289.0
2017-05-25,9.44,1.64,3.31,4.21,17.33,,359.73,14.48,14.98,14.39,15.09,14.5,30449278.0,451755171.0
2017-05-26,9.33,1.62,3.28,4.16,17.33,,355.82,14.99,14.81,14.75,15.01,14.98,15972623.0,237252668.0
2017-05-31,9.25,1.6,3.25,4.13,17.33,,352.83,15.04,14.69,14.53,15.19,14.81,19999727.0,299070793.0
2017-06-01,9.39,1.63,3.3,4.19,17.33,,357.89,14.56,14.9,14.53,15.1,14.69,22630182.0,336991009.0
2017-06-02,9.57,1.66,3.36,4.27,17.33,,365.02,14.83,15.2,14.79,15.21,14.9,27671976.0,416787120.0
2017-06-05,9.48,1.64,3.33,4.23,17.33,,361.57,15.21,15.05,14.93,15.21,15.2,15435830.0,231917938.0
2017-06-06,9.52,1.65,3.34,4.24,17.33,,362.95,15.0,15.11,14.87,15.17,15.05,11061513.0,166052237.0
2017-06-07,9.65,1.67,3.39,4.3,17.33,,368.0,15.11,15.32,15.04,15.39,15.11,20818701.0,318129032.0
2017-06-08,9.55,1.66,3.35,4.26,17.33,,364.1,15.29,15.16,15.05,15.29,15.32,22821801.0,345653046.0
2017-06-09,9.51,1.65,3.34,4.24,17.33,,362.72,15.16,15.1,15.06,15.28,15.16,18819182.0,285021192.0
2017-06-12,9.5,1.65,3.33,4.23,17.33,,362.03,15.03,15.07,15.0,15.24,15.1,12949251.0,196042143.0
2017-06-13,9.54,1.65,3.35,4.26,17.33,,363.87,15.04,15.15,15.0,15.17,15.07,10710998.0,161692032.0
2017-06-14,9.2,1.64,3.23,4.1,17.82,1.7,350.77,15.18,14.85,14.81,15.18,15.15,13119513.0,195996996.0
2017-06-15,9.25,1.65,3.25,4.12,17.82,1.69,352.6,14.85,14.93,14.82,15.02,14.85,8383228.0,125116222.0
2017-06-16,9.13,1.63,3.21,4.07,17.82,1.72,348.24,14.89,14.74,14.72,14.95,14.93,11030881.0,163348884.0
2017-06-19,9.21,1.64,3.23,4.11,17.82,1.7,351.22,14.79,14.87,14.74,14.9,14.74,7126585.0,105688665.0
2017-06-20,9.19,1.64,3.23,4.1,17.82,1.7,350.54,14.91,14.84,14.81,14.92,14.87,6288712.0,93447010.0
2017-06-21,9.26,1.65,3.25,4.13,17.82,1.69,353.06,14.91,14.95,14.79,14.96,14.84,8459525.0,125834374.0
2017-06-22,9.6,1.71,3.37,4.28,17.82,1.63,365.94,14.92,15.49,14.92,16.0,14.95,47969252.0,743101081.0
2017-06-23,9.58,1.71,3.36,4.27,17.82,1.64,365.25,15.31,15.46,15.19,15.49,15.49,20972522.0,322075999.0
2017-06-26,9.58,1.71,3.36,4.27,17.82,1.64,365.25,15.39,15.46,15.39,15.63,15.46,18568938.0,288047898.0
2017-06-27,9.68,1.72,3.4,4.31,17.82,1.62,368.92,15.47,15.62,15.4,15.63,15.46,17210701.0,267443782.0
2017-06-28,9.6,1.71,3.37,4.28,17.82,1.63,366.17,15.6,15.5,15.38,15.7,15.62,24052118.0,373631241.0
2017-06-29,9.6,1.71,3.37,4.28,17.82,1.63,365.94,15.51,15.49,15.37,15.53,15.5,13825280.0,213534263.0
2017-06-30,9.53,1.7,3.35,4.25,17.82,1.64,363.41,15.43,15.39,15.36,15.48,15.49,10124974.0,155997922.0
2017-07-03,9.56,1.7,3.36,4.26,17.82,1.64,364.56,15.4,15.44,15.28,15.44,15.39,10670296.0,163956372.0
2017-07-04,9.41,1.68,3.3,4.19,17.82,1.67,358.58,15.44,15.18,15.15,15.44,15.44,14174754.0,216336951.0
2017-07-05,9.5,1.69,3.33,4.23,17.82,1.65,362.03,15.18,15.33,15.13,15.33,15.18,10734168.0,163720194.0
2017-07-06,9.4,1.67,3.3,4.19,17.82,1.67,358.35,15.3,15.17,15.07,15.31,15.33,14041964.0,213129804.0
2017-07-07,9.43,1.68,3.31,4.2,17.82,1.66,359.5,15.17,15.22,15.12,15.32,15.17,10347433.0,157316057.0
2017-07-10,9.39,1.67,3.3,4.19,17.82,1.67,357.89,15.19,15.15,15.07,15.24,15.22,9352825.0,141678585.0
2017-07-11,9.53,1.7,3.35,4.25,17.82,1.64,363.41,15.1,15.39,15.1,15.51,15.15,23886159.0,367431183.0
2017-07-12,9.45,1.68,3.32,4.21,17.82,1.66,360.19,15.39,15.25,15.13,15.64,15.39,30102916.0,463433581.0
2017-07-13,9.63,1.72,3.38,4.3,17.82,1.63,367.31,15.23,15.55,15.2,15.57,15.25,23413914.0,359958613.0
2017-07-14,9.66,1.72,3.39,4.31,17.82,1.62,368.23,15.61,15.59,15.41,15.75,15.55,23802976.0,370181705.0
2017-07-17,9.8,1.75,3.44,4.37,17.82,1.6,373.52,15.56,15.81,15.37,16.28,15.59,63396224.0,1004231102.0
2017-07-18,9.74,1.74,3.42,4.34,17.82,1.61,371.45,15.58,15.73,15.44,15.75,15.81,27654006.0,431444066.0
2017-07-19,9.9,1.76,3.48,4.41,17.82,1.58,377.43,15.71,15.98,15.66,16.14,15.73,40563747.0,647319541.0
2017-07-20,9.84,1.75,3.45,4.39,17.82,1.59,375.13,15.91,15.88,15.77,16.08,15.98,21478386.0,340906815.0
2017-07-21,9.69,1.73,3.4,4.32,17.82,1.62,369.38,15.84,15.64,15.6,15.84,15.88,19443626.0,305090266.0
2017-07-24,9.75,1.74,3.42,4.35,17.82,1.61,371.68,15.57,15.74,15.53,15.77,15.64,17521793.0,274477490.0
2017-07-25,9.57,1.71,3.36,4.27,17.82,1.64,365.02,15.71,15.45,15.39,15.76,15.74,23752955.0,369651909.0
2017-07-26,9.47,1.69,3.33,4.22,17.82,1.65,361.11,15.4,15.29,15.14,15.63,15.45,25061629.0,383873498.0
2017-07-27,9.5,1.69,3.34,4.24,17.82,1.65,362.26,15.28,15.34,15.13,15.34,15.29,15871756.0,242015949.0
2017-07-28,9.47,1.69,3.33,4.22,17.82,1.65,361.11,15.3,15.29,15.23,15.41,15.34,12589644.0,192797556.0
2017-07-31,9.31,1.66,3.27,4.15,17.82,1.68,354.9,15.27,15.03,14.96,15.27,15.29,28418729.0,427685538.0
2017-08-01,9.43,1.68,3.31,4.2,17.82,1.66,359.5,14.99,15.22,14.95,15.43,15.03,26717036.0,407457424.0
2017-08-02,9.42,1.68,3.31,4.2,17.82,1.66,359.04,15.11,15.2,15.08,15.31,15.22,16256043.0,247024698.0
2017-08-03,9.29,1.66,3.26,4.14,17.82,1.69,354.21,15.17,15.0,14.95,15.18,15.2,17590548.0,264222626.0
2017-08-04,9.25,1.65,3.25,4.12,17.82,1.69,352.6,15.0,14.93,14.92,15.06,15.0,9953969.0,149022309.0
2017-08-07,9.31,1.66,3.27,4.15,17.82,1.68,354.9,14.9,15.03,14.88,15.06,14.93,7205798.0,108076979.0
2017-08-08,9.27,1.65,3.26,4.13,17.82,1.69,353.52,14.9,14.97,14.9,15.02,15.03,7485133.0,111872907.0
2017-08-09,9.16,1.63,3.22,4.09,17.82,1.71,349.39,14.97,14.79,14.77,14.97,14.97,12346065.0,183187893.0
2017-08-10,9.21,1.64,3.23,4.11,17.82,1.7,351.0,14.76,14.86,14.74,14.95,14.79,10099317.0,149915022.0
2017-08-11,9.01,1.6,3.16,4.02,17.82,1.74,343.41,14.74,14.54,14.5,14.82,14.86,16908568.0,247877465.0
2017-08-14,9.04,1.61,3.17,4.03,17.82,1.73,344.56,14.51,14.59,14.46,14.64,14.54,7107436.0,103489337.0
2017-08-15,9.06,1.61,3.18,4.04,17.82,1.73,345.48,14.61,14.63,14.55,14.81,14.59,12739716.0,187028572.0
2017-08-16,9.09,1.62,3.19,4.05,17.82,1.72,346.63,14.5,14.68,14.37,14.79,14.63,18973807.0,277552812.0
2017-08-17,9.1,1.62,3.19,4.06,17.82,1.72,346.86,14.63,14.69,14.57,14.75,14.68,16237361.0,237841569.0
2017-08-18,9.13,1.63,3.21,4.07,17.82,1.72,348.24,14.63,14.74,14.59,14.81,14.69,15613919.0,229953644.0
2017-08-21,9.17,1.63,3.22,4.09,17.82,1.71,349.62,14.71,14.8,14.63,14.81,14.74,13845509.0,203664860.0
2017-08-22,9.12,1.63,3.2,4.07,17.82,1.72,347.78,14.78,14.72,14.7,14.84,14.8,14388878.0,212656079.0
2017-08-23,9.25,1.65,3.25,4.12,17.82,1.69,352.6,14.74,14.93,14.71,15.01,14.72,20257372.0,301482822.0
2017-08-24,9.18,1.64,3.22,4.09,17.82,1.71,350.08,14.89,14.82,14.81,14.99,14.93,10665124.0,158819228.0
2017-08-25,9.38,1.67,3.29,4.18,17.82,1.67,357.66,14.81,15.14,14.8,15.23,14.82,25099010.0,377874564.0
2017-08-28,9.54,1.7,3.35,4.26,17.82,1.64,363.87,15.19,15.41,15.13,15.54,15.14,27316450.0,420020305.0
2017-08-29,9.1,1.66,3.18,4.27,18.24,1.64,365.02,15.64,15.45,15.41,15.72,15.41,35190092.0,547059424.0
2017-08-30,9.0,1.64,3.15,4.23,18.24,1.65,361.34,15.41,15.3,15.27,15.58,15.45,25027675.0,384845951.0
2017-08-31,9.03,1.65,3.16,4.24,18.24,1.65,362.26,15.29,15.34,15.21,15.4,15.3,12638248.0,193335039.0
2017-09-01,8.95,1.61,3.13,2.13,18.03,1.66,359.04,15.34,15.2,15.13,15.37,15.34,19417685.0,296156489.0
2017-09-04,8.99,1.62,3.15,2.14,18.02,1.66,360.88,15.18,15.28,15.15,15.3,15.2,12877825.0,196053745.0
2017-09-05,9.11,1.64,3.19,2.17,18.03,1.64,365.48,15.26,15.47,15.25,15.66,15.28,25442790.0,394445805.0
2017-09-06,8.99,1.62,3.15,2.14,18.02,1.66,360.88,15.43,15.28,15.22,15.46,15.47,17034401.0,260542124.0
2017-09-07,8.86,1.6,3.1,2.11,18.03,1.68,355.59,15.23,15.06,15.06,15.28,15.28,17838779.0,269970299.0
2017-09-08,8.89,1.6,3.11,2.12,18.03,1.67,356.97,15.07,15.11,15.04,15.18,15.06,8233663.0,124318092.0
2017-09-11,8.89,1.6,3.11,2.12,18.03,1.67,356.97,15.13,15.11,15.05,15.21,15.11,11444874.0,173239974.0
2017-09-12,8.87,1.6,3.1,2.11,18.02,1.68,355.82,15.11,15.07,14.85,15.14,15.11,23262672.0,348691697.0
2017-09-13,8.78,1.58,3.07,2.09,18.02,1.7,352.37,14.99,14.92,14.85,15.05,15.07,12177816.0,181858772.0
2017-09-14,8.76,1.58,3.06,2.08,18.02,1.7,351.45,14.92,14.88,14.85,14.94,14.92,11369035.0,169315523.0
2017-09-15,8.8,1.59,3.08,2.09,18.02,1.69,353.06,14.87,14.95,14.85,14.99,14.88,11922576.0,178026464.0
2017-09-18,8.79,1.58,3.08,2.09,18.02,1.69,352.83,14.94,14.94,14.88,14.97,14.95,7335204.0,109482943.0
2017-09-19,8.79,1.58,3.08,2.09,18.02,1.69,352.83,14.91,14.94,14.91,15.03,14.94,8104909.0,121256177.0
2017-09-20,8.81,1.59,3.08,2.1,18.02,1.69,353.52,14.94,14.97,14.86,14.98,14.94,7231316.0,108003498.0
2017-09-21,8.79,1.58,3.07,2.09,18.03,1.69,352.6,14.92,14.93,14.91,15.0,14.97,7621534.0,113968222.0
2017-09-22,8.67,1.56,3.03,2.06,18.02,1.72,348.01,14.91,14.73,14.71,14.98,14.93,11014352.0,163148178.0
2017-09-25,8.53,1.54,2.98,2.03,18.02,1.75,342.26,14.69,14.49,14.48,14.74,14.73,18065205.0,263377784.0
2017-09-26,8.52,1.54,2.98,2.03,18.03,1.75,342.03,14.49,14.48,14.39,14.57,14.49,15676722.0,226678720.0
2017-09-27,8.47,1.53,2.96,2.01,18.03,1.76,339.96,14.48,14.39,14.34,14.49,14.48,16934979.0,244159371.0
2017-09-28,8.42,1.52,2.95,2.0,18.03,1.77,337.89,14.4,14.31,14.29,14.43,14.39,11593395.0,166550034.0
2017-09-29,8.43,1.52,2.95,2.0,18.02,1.77,338.12,14.35,14.32,14.26,14.43,14.31,12865562.0,184552614.0
2017-10-09,8.55,1.54,2.99,2.03,18.02,1.74,342.95,14.69,14.52,14.47,14.74,14.32,16934269.0,247008304.0
2017-10-10,8.59,1.55,3.0,2.04,18.02,1.73,344.56,14.44,14.59,14.44,14.6,14.52,9418143.0,137002643.0
2017-10-11,8.57,1.55,3.0,2.04,18.03,1.74,344.1,14.58,14.57,14.52,14.61,14.59,7351038.0,107082723.0
2017-10-12,8.54,1.54,2.99,2.03,18.03,1.74,342.72,14.55,14.51,14.48,14.6,14.57,6717797.0,97579889.0
2017-10-13,8.51,1.53,2.98,2.02,18.02,1.75,341.57,14.5,14.46,14.41,14.5,14.51,7191982.0,104042125.0
2017-10-16,8.49,1.53,2.97,2.02,18.02,1.75,340.88,14.48,14.43,14.42,14.54,14.46,9203728.0,133223373.0
2017-10-17,8.51,1.53,2.98,2.02,18.02,1.75,341.57,14.44,14.46,14.41,14.56,14.43,8332439.0,120572689.0
2017-10-18,8.47,1.53,2.96,2.01,18.03,1.76,339.96,14.45,14.39,14.32,14.5,14.46,8568473.0,123483760.0
2017-10-19,8.35,1.51,2.92,1.99,18.02,1.78,335.13,14.34,14.19,14.14,14.35,14.39,10721279.0,152753469.0
2017-10-20,8.37,1.51,2.93,1.99,18.02,1.78,336.05,14.19,14.23,14.13,14.25,14.19,7638533.0,108311954.0
2017-10-23,8.4,1.51,2.94,2.0,18.03,1.77,336.97,14.23,14.27,14.16,14.35,14.23,6997444.0,99703001.0
2017-10-24,8.38,1.51,2.93,1.99,18.03,1.78,336.28,14.29,14.24,14.19,14.33,14.27,5476331.0,78105336.0
2017-10-25,8.44,1.52,2.95,2.01,18.03,1.77,338.58,14.27,14.34,14.23,14.36,14.24,6743355.0,96461134.0
2017-10-26,8.45,1.52,2.96,2.01,18.03,1.76,339.04,14.34,14.35,14.28,14.43,14.34,10337401.0,148541262.0
2017-10-27,8.52,1.54,2.98,2.03,18.02,1.75,341.8,14.36,14.47,14.35,14.59,14.35,14768844.0,213899252.0
2017-10-30,8.41,1.52,2.94,2.0,18.03,1.77,337.66,14.48,14.3,14.27,14.53,14.47,13639054.0,196468145.0
2017-10-31,8.21,1.44,2.82,2.31,17.59,1.76,340.19,14.39,14.4,14.29,14.47,14.3,12117949.0,174395927.0
2017-11-01,8.25,1.45,2.83,2.32,17.59,1.75,341.8,14.43,14.47,14.36,14.64,14.4,17935328.0,260722002.0
2017-11-02,8.19,1.44,2.81,2.3,17.59,1.76,339.5,14.45,14.37,14.32,14.49,14.47,12238296.0,176049440.0
2017-11-03,8.07,1.42,2.77,2.27,17.59,1.79,334.22,14.35,14.15,14.08,14.42,14.37,14852041.0,210905859.0
2017-11-06,8.01,1.41,2.75,2.25,17.59,1.8,331.69,14.16,14.04,14.01,14.2,14.15,12925426.0,181774097.0
2017-11-07,8.13,1.43,2.79,2.28,17.59,1.77,336.74,14.05,14.26,14.05,14.29,14.04,13620067.0,192984870.0
2017-11-08,8.15,1.43,2.8,2.29,17.59,1.77,337.89,14.21,14.31,14.21,14.41,14.26,13977773.0,200169561.0
2017-11-09,8.16,1.44,2.8,2.29,17.59,1.77,338.12,14.26,14.32,14.26,14.39,14.31,7246973.0,103690169.0
2017-11-10,8.08,1.42,2.77,2.27,17.59,1.79,334.68,14.3,14.17,14.14,14.31,14.32,13192834.0,187389161.0
2017-11-13,8.35,1.47,2.87,2.35,17.59,1.73,346.17,14.2,14.66,14.18,14.74,14.17,38076461.0,554659899.0
2017-11-14,8.26,1.45,2.84,2.32,17.59,1.75,342.26,14.6,14.49,14.45,14.62,14.66,19980196.0,290208847.0
2017-11-15,8.29,1.46,2.85,2.33,17.59,1.74,343.64,14.48,14.55,14.45,14.67,14.49,17238010.0,251410868.0
2017-11-16,8.1,1.42,2.78,2.28,17.59,1.78,335.59,14.52,14.21,14.2,14.52,14.55,20964054.0,299575993.0
2017-11-17,8.12,1.43,2.79,2.28,17.59,1.78,336.51,14.19,14.25,14.19,14.48,14.21,19873624.0,284531532.0
2017-11-20,8.22,1.45,2.82,2.31,17.59,1.76,340.42,14.18,14.41,14.06,14.43,14.25,19944179.0,284573140.0
2017-11-21,8.32,1.46,2.86,2.34,17.59,1.73,344.79,14.36,14.6,14.36,14.65,14.41,27358922.0,398796727.0
2017-11-22,8.33,1.47,2.86,2.34,17.59,1.73,345.25,14.64,14.62,14.52,14.76,14.6,31380456.0,459620229.0
2017-11-23,8.15,1.43,2.8,2.29,17.59,1.77,337.66,14.59,14.3,14.23,14.73,14.62,25338558.0,368403081.0
2017-11-24,8.15,1.43,2.8,2.29,17.59,1.77,337.66,14.26,14.3,14.14,14.35,14.3,13842544.0,197112420.0
2017-11-27,8.04,1.41,2.76,2.26,17.59,1.79,333.07,14.3,14.1,14.09,14.31,14.3,13182375.0,186572767.0
2017-11-28,8.06,1.42,2.77,2.27,17.59,1.79,333.99,14.09,14.14,14.01,14.14,14.1,11990912.0,168761251.0
2017-11-29,7.98,1.4,2.74,2.24,17.59,1.81,330.77,14.14,14.0,13.64,14.15,14.14,23815885.0,331523553.0
2017-11-30,7.98,1.4,2.74,2.24,17.59,1.81,330.77,13.92,14.0,13.88,14.15,14.0,13682496.0,191257505.0
2017-12-01,7.96,1.4,2.73,2.24,17.59,1.81,329.85,13.98,13.97,13.91,14.09,14.0,11403388.0,159574008.0
2017-12-04,7.86,1.38,2.7,2.21,17.59,1.83,325.71,13.96,13.79,13.79,13.99,13.97,11435241.0,158785865.0
2017-12-05,7.86,1.38,2.7,2.21,17.59,1.84,325.48,13.79,13.78,13.74,13.86,13.79,11788510.0,162628047.0
2017-12-06,7.85,1.38,2.69,2.21,17.59,1.84,325.25,13.76,13.77,13.63,13.82,13.78,10373955.0,142000616.0
2017-12-07,7.84,1.38,2.69,2.2,17.59,1.84,324.79,13.7,13.75,13.7,13.86,13.77,7919050.0,109116408.0
2017-12-08,7.91,1.39,2.72,2.22,17.59,1.82,327.78,13.74,13.88,13.7,13.94,13.75,10604467.0,146896120.0
2017-12-11,7.99,1.41,2.74,2.24,17.59,1.81,331.0,13.85,14.01,13.84,14.08,13.88,12590032.0,176144578.0
2017-12-12,7.83,1.38,2.69,2.2,17.59,1.84,324.33,13.98,13.73,13.71,14.0,14.01,8125726.0,112762923.0
2017-12-13,7.84,1.38,2.69,2.2,17.59,1.84,325.02,13.69,13.76,13.68,13.78,13.73,5242518.0,71984017.0
2017-12-14,7.78,1.37,2.67,2.19,17.59,1.85,322.49,13.77,13.65,13.64,13.78,13.76,7565487.0,103535883.0
2017-12-15,7.59,1.34,2.61,2.13,17.59,1.9,314.68,13.66,13.32,13.29,13.66,13.65,18367721.0,246898566.0
2017-12-18,7.53,1.33,2.59,2.12,17.59,1.91,312.15,13.32,13.22,13.19,13.39,13.32,10404884.0,138373284.0
2017-12-19,7.63,1.34,2.62,2.15,17.59,1.89,316.29,13.22,13.39,13.22,13.4,13.22,10146380.0,135240784.0
2017-12-20,7.52,1.32,2.58,2.11,17.59,1.92,311.46,13.36,13.19,13.17,13.37,13.39,10138457.0,134680236.0
2017-12-21,7.53,1.32,2.58,2.12,17.59,1.92,311.92,13.18,13.21,13.11,13.33,13.19,12815949.0,169284666.0
2017-12-22,7.52,1.32,2.58,2.11,17.59,1.92,311.46,13.21,13.19,13.15,13.29,13.21,8893546.0,117707060.0
2017-12-25,7.48,1.32,2.57,2.1,17.59,1.93,310.08,13.19,13.13,13.1,13.26,13.19,6525362.0,86009339.0
2017-12-26,7.53,1.33,2.59,2.12,17.59,1.91,312.15,13.11,13.22,13.04,13.38,13.13,13296871.0,175725622.0
2017-12-27,7.44,1.31,2.56,2.09,17.59,1.94,308.47,13.15,13.06,13.0,13.28,13.22,14831714.0,194931685.0
2017-12-28,7.4,1.3,2.54,2.08,17.59,1.95,306.63,13.01,12.98,12.91,13.19,13.06,13641341.0,177740235.0
2017-12-29,7.41,1.3,2.54,2.08,17.59,1.95,307.09,12.97,13.0,12.94,13.07,12.98,10246847.0,133224834.0
2018-01-02,7.57,1.33,2.6,2.13,17.59,1.91,313.53,13.04,13.27,13.0,13.33,13.0,17593832.0,232795155.0
2018-01-03,7.61,1.34,2.61,2.14,17.59,1.9,315.14,13.27,13.34,13.22,13.41,13.27,15022641.0,200420102.0
2018-01-04,7.74,1.36,2.66,2.17,17.59,1.86,320.65,13.32,13.58,13.28,13.65,13.34,23593596.0,318951467.0
2018-01-05,7.73,1.36,2.65,2.17,17.59,1.87,320.42,13.52,13.57,13.47,13.7,13.58,13665266.0,185333177.0
2018-01-08,7.79,1.37,2.68,2.19,17.59,1.85,322.95,13.57,13.67,13.54,13.71,13.57,14668410.0,200091158.0
2018-01-09,7.79,1.37,2.68,2.19,17.59,1.85,322.95,13.67,13.67,13.58,13.71,13.67,11355512.0,155042088.0
2018-01-10,7.85,1.38,2.69,2.21,17.59,1.84,325.25,13.66,13.77,13.61,13.94,13.67,15258220.0,210253103.0
2018-01-11,7.79,1.37,2.68,2.19,17.59,1.85,322.95,13.73,13.67,13.65,13.88,13.77,9846919.0,135163737.0
2018-01-12,7.81,1.37,2.68,2.19,17.59,1.85,323.41,13.7,13.69,13.64,13.84,13.67,9559511.0,131209547.0
2018-01-15,7.94,1.4,2.73,2.23,17.59,1.82,329.16,13.72,13.94,13.65,14.06,13.69,21159251.0,294503003.0
2018-01-16,8.13,1.43,2.79,2.28,17.59,1.77,336.74,13.94,14.26,13.9,14.37,13.94,23909539.0,339133086.0
2018-01-17,8.16,1.44,2.8,2.29,17.59,1.77,338.12,14.31,14.32,14.29,14.63,14.26,34600608.0,501371143.0
2018-01-18,8.23,1.45,2.82,2.31,17.59,1.75,340.88,14.38,14.43,14.36,14.56,14.32,18818788.0,271794060.0
2018-01-19,8.48,1.49,2.91,2.38,17.59,1.7,351.45,14.6,14.88,14.54,15.21,14.43,54795923.0,813711601.0
2018-01-22,8.32,1.46,2.85,2.34,17.59,1.73,344.56,14.74,14.59,14.45,14.94,14.88,34620499.0,507094590.0
2018-01-23,8.48,1.49,2.91,2.38,17.59,1.7,351.45,14.49,14.88,14.47,15.06,14.59,37254862.0,552453819.0
2018-01-24,8.53,1.5,2.93,2.4,17.59,1.69,353.52,14.79,14.97,14.73,15.16,14.88,41666300.0,622731940.0
2018-01-25,8.7,1.53,2.99,2.44,17.59,1.66,360.42,14.88,15.26,14.81,15.57,14.97,47870717.0,730476916.0
2018-01-26,8.7,1.53,2.99,2.45,17.59,1.66,360.65,15.2,15.27,15.15,15.47,15.26,33454325.0,511979978.0
2018-01-29,8.61,1.58,3.13,2.64,18.33,1.53,389.84,16.01,16.51,15.94,16.8,15.27,123246565.0,2035072015.0
2018-01-30,8.63,1.58,3.14,2.65,18.33,1.53,390.99,16.43,16.55,16.37,16.78,16.51,62283193.0,1031089509.0
2018-01-31,8.8,1.61,3.2,2.7,18.33,1.5,398.58,16.47,16.88,16.42,16.97,16.55,62650960.0,1045948665.0
2018-02-01,8.43,1.55,3.07,2.59,18.33,1.56,382.03,16.81,16.17,16.04,17.11,16.88,82016413.0,1358741184.0
2018-02-02,8.51,1.56,3.1,2.62,18.33,1.55,385.7,16.1,16.33,15.92,16.43,16.17,48206377.0,781987229.0
2018-02-05,8.88,1.63,3.23,2.73,18.33,1.49,402.25,16.1,17.03,16.09,17.13,16.33,77653392.0,1303993119.0
2018-02-06,8.5,1.56,3.09,2.61,18.33,1.55,385.01,16.75,16.3,16.16,16.91,17.03,64857104.0,1074679416.0
2018-02-07,8.26,1.51,3.01,2.54,18.33,1.6,374.21,16.64,15.84,15.77,16.87,16.3,73177447.0,1200782570.0
2018-02-08,8.19,1.5,2.98,2.52,18.33,1.61,371.22,15.92,15.72,15.58,16.04,15.84,42869112.0,676827623.0
2018-02-09,7.69,1.41,2.8,2.36,18.33,1.72,348.47,15.37,14.75,14.47,15.47,15.72,57094569.0,852617030.0
2018-02-12,7.64,1.4,2.78,2.35,18.33,1.73,346.17,14.77,14.66,14.44,14.78,14.75,47226476.0,690856520.0
2018-02-13,7.7,1.41,2.8,2.36,18.33,1.71,348.7,14.77,14.76,14.71,15.15,14.66,39293781.0,586020348.0
2018-02-14,7.62,1.4,2.77,2.34,18.33,1.73,345.25,14.72,14.62,14.42,14.79,14.76,29479557.0,429372172.0
2018-02-22,7.78,1.43,2.83,2.39,18.33,1.7,352.37,14.94,14.92,14.79,15.0,14.62,40107037.0,596905739.0
2018-02-23,7.83,1.44,2.85,2.41,18.33,1.69,354.67,14.89,15.02,14.77,15.05,14.92,30456356.0,454317947.0
2018-02-26,7.93,1.45,2.89,2.44,18.33,1.66,359.04,15.11,15.2,14.93,15.28,15.02,35747770.0,540820779.0
2018-02-27,7.77,1.42,2.83,2.39,18.33,1.7,352.14,15.22,14.91,14.9,15.25,15.2,29716328.0,446487759.0
2018-02-28,7.73,1.42,2.82,2.38,18.33,1.71,350.31,14.81,14.83,14.64,14.88,14.91,20802781.0,307004673.0
2018-03-01,7.75,1.42,2.82,2.38,18.33,1.7,351.22,14.7,14.87,14.69,14.95,14.83,18345608.0,272427121.0
2018-03-02,7.67,1.41,2.79,2.36,18.33,1.72,347.32,14.71,14.71,14.55,14.84,14.87,20444057.0,300440689.0
2018-03-05,7.62,1.4,2.77,2.34,18.33,1.73,345.25,14.67,14.62,14.58,14.75,14.71,12854523.0,188205114.0
2018-03-06,7.75,1.49,2.82,2.38,19.23,1.7,351.22,14.7,14.87,14.53,14.89,14.62,25041089.0,368176159.0
2018-03-07,7.72,1.41,2.81,2.37,18.33,1.71,349.62,15.07,14.8,14.78,15.15,14.87,36477086.0,546548603.0
2018-03-08,7.72,1.41,2.81,2.37,18.33,1.71,349.62,14.79,14.8,14.68,14.82,14.8,14362450.0,211777077.0
2018-03-09,7.74,1.42,2.82,2.38,18.33,1.7,350.54,14.83,14.84,14.68,14.87,14.8,15819683.0,233680448.0
2018-03-12,7.73,1.42,2.82,2.38,18.33,1.71,350.31,14.88,14.83,14.71,14.92,14.84,18561211.0,275129067.0
2018-03-13,7.68,1.41,2.8,2.36,18.33,1.72,348.01,14.82,14.73,14.71,14.96,14.83,16828147.0,249433667.0
2018-03-14,7.57,1.39,2.76,2.33,18.33,1.74,342.95,14.67,14.52,14.45,14.67,14.73,21326846.0,310372747.0
2018-03-15,7.48,1.37,2.72,2.3,18.33,1.76,339.04,14.46,14.35,14.26,14.56,14.52,21386546.0,307762509.0
2018-03-16,7.4,1.36,2.69,2.27,18.33,1.78,335.36,14.36,14.2,14.18,14.38,14.35,14173088.0,202518054.0
2018-03-19,7.44,1.36,2.71,2.29,18.33,1.77,337.2,14.17,14.28,14.11,14.29,14.2,9260340.0,131778859.0
2018-03-20,7.49,1.37,2.73,2.3,18.33,1.76,339.27,14.26,14.36,14.2,14.38,14.28,12406729.0,177683449.0
2018-03-21,7.49,1.37,2.73,2.3,18.33,1.76,339.27,14.36,14.36,14.33,14.51,14.36,13851753.0,199845908.0
2018-03-22,7.48,1.37,2.72,2.3,18.33,1.76,339.04,14.33,14.35,14.17,14.4,14.36,16245050.0,232212696.0
2018-03-23,7.34,1.34,2.67,2.25,18.33,1.8,332.38,14.01,14.07,13.74,14.13,14.35,31825660.0,444750009.0
2018-03-26,7.27,1.33,2.65,2.23,18.33,1.81,329.39,13.96,13.95,13.78,14.0,14.07,13772064.0,191376063.0
2018-03-27,7.31,1.34,2.66,2.24,18.33,1.81,331.0,14.07,14.01,13.87,14.08,13.95,16492649.0,230474577.0
2018-03-28,7.31,1.34,2.66,2.24,18.33,1.81,331.0,13.92,14.01,13.88,14.3,14.01,22531380.0,317608941.0
2018-03-29,7.37,1.35,2.68,2.26,18.33,1.79,333.76,13.95,14.13,13.86,14.28,14.01,22223871.0,313008613.0
2018-03-30,7.29,1.34,2.65,2.24,18.33,1.81,330.31,14.14,13.98,13.97,14.19,14.13,16227989.0,227953986.0
2018-04-02,7.39,1.35,2.69,2.27,18.33,1.79,334.68,13.99,14.17,13.97,14.25,13.98,18762853.0,265598885.0
2018-04-03,7.43,1.36,2.7,2.28,18.33,1.78,336.51,14.11,14.25,14.07,14.3,14.17,15505198.0,220086852.0
2018-04-04,7.39,1.35,2.69,2.27,18.33,1.79,334.68,14.27,14.17,14.15,14.44,14.25,12972548.0,185420231.0
2018-04-09,7.35,1.35,2.68,2.26,18.33,1.79,333.07,14.13,14.1,14.03,14.25,14.17,9676580.0,136569926.0
2018-04-10,7.54,1.38,2.74,2.32,18.33,1.75,341.57,14.13,14.46,14.09,14.47,14.1,18624160.0,266029837.0
2018-04-11,7.59,1.39,2.76,2.33,18.33,1.74,343.64,14.56,14.55,14.41,14.67,14.46,21571990.0,314170686.0
2018-04-12,7.51,1.38,2.74,2.31,18.33,1.76,340.42,14.52,14.41,14.36,14.54,14.55,11128372.0,160749263.0
2018-04-13,7.47,1.37,2.72,2.3,18.33,1.77,338.58,14.48,14.34,14.31,14.53,14.41,7379511.0,106387445.0
2018-04-16,7.3,1.34,2.66,2.24,18.33,1.81,330.54,14.35,13.99,13.92,14.35,14.34,14937658.0,210487866.0
2018-04-17,7.24,1.33,2.64,2.22,18.33,1.82,328.01,13.98,13.89,13.88,14.08,13.99,8109903.0,113314494.0
2018-04-18,7.29,1.34,2.65,2.24,18.33,1.81,330.31,14.06,13.98,13.89,14.1,13.89,10025545.0,140105394.0
2018-04-19,7.32,1.34,2.66,2.25,18.33,1.8,331.46,13.99,14.03,13.96,14.07,13.98,8133077.0,114051074.0
2018-04-20,7.24,1.33,2.63,2.22,18.33,1.82,327.78,14.02,13.88,13.62,14.02,14.03,14189337.0,195801789.0
2018-04-23,7.24,1.33,2.63,2.22,18.33,1.82,327.78,13.83,13.88,13.73,13.93,13.88,7442240.0,103009661.0
2018-04-24,7.34,1.34,2.67,2.25,18.33,1.8,332.38,13.88,14.07,13.88,14.22,13.88,16916089.0,238418662.0
2018-04-25,7.25,1.33,2.64,2.23,18.33,1.82,328.24,14.02,13.9,13.84,14.07,14.07,12829280.0,178895977.0
2018-04-26,7.25,1.33,2.64,2.23,18.33,1.82,328.24,13.98,13.9,13.77,13.98,13.9,9104232.0,126136636.0
2018-04-27,7.32,1.34,2.67,2.25,18.33,1.8,331.69,13.94,14.04,13.74,14.06,13.9,15007309.0,209114373.0
2018-05-02,6.65,1.21,2.45,-6.39,18.15,1.9,314.22,13.9,13.3,13.26,13.91,14.04,45060469.0,611418886.0
2018-05-03,6.64,1.21,2.45,-6.38,18.15,1.9,313.76,13.29,13.28,13.18,13.36,13.3,19071995.0,252995980.0
2018-05-04,6.64,1.2,2.45,-6.37,18.15,1.91,313.53,13.29,13.27,13.24,13.35,13.28,14317866.0,190336539.0
2018-05-07,6.68,1.21,2.46,-6.41,18.15,1.9,315.37,13.25,13.35,13.22,13.36,13.27,26812857.0,356316561.0
2018-05-08,6.7,1.22,2.47,-6.43,18.15,1.89,316.52,13.33,13.4,13.26,13.52,13.35,19837587.0,265955842.0
2018-05-09,6.66,1.21,2.45,-6.39,18.15,1.9,314.45,13.4,13.31,13.27,13.4,13.4,10481534.0,139592817.0
2018-05-10,6.63,1.2,2.44,-6.37,18.15,1.91,313.3,13.35,13.26,13.19,13.39,13.31,14778667.0,196075733.0
2018-05-11,6.62,1.2,2.44,-6.36,18.15,1.91,312.61,13.27,13.24,13.21,13.34,13.26,11853153.0,157388377.0
2018-05-14,6.7,1.22,2.47,-6.43,18.15,1.89,316.29,13.26,13.39,13.25,13.5,13.24,20235252.0,270701376.0
2018-05-15,6.72,1.22,2.48,-6.45,18.15,1.88,317.21,13.42,13.43,13.35,13.45,13.39,12554322.0,168214009.0
2018-05-16,6.69,1.21,2.46,-6.42,18.15,1.89,315.83,13.38,13.37,13.36,13.46,13.43,10291756.0,138038341.0
2018-05-17,6.69,1.21,2.47,-6.43,18.15,1.89,316.06,13.42,13.38,13.34,13.5,13.37,9333380.0,125236180.0
2018-05-18,6.73,1.22,2.48,-6.47,18.15,1.88,318.13,13.37,13.47,13.33,13.48,13.38,10392359.0,139391282.0
2018-05-21,6.73,1.22,2.48,-6.47,18.15,1.88,318.13,13.52,13.47,13.45,13.59,13.47,19443303.0,262213092.0
2018-05-22,6.71,1.22,2.47,-6.44,18.15,1.89,316.75,13.47,13.41,13.31,13.49,13.47,12235931.0,163715565.0
2018-05-23,6.59,1.2,2.43,-6.33,18.15,1.92,311.23,13.37,13.18,13.15,13.38,13.41,12615832.0,167613793.0
2018-05-24,6.58,1.19,2.42,-6.32,18.15,1.92,310.77,13.17,13.16,13.15,13.26,13.18,8157760.0,107569648.0
2018-05-25,6.58,1.19,2.43,-6.32,18.15,1.92,311.0,13.17,13.17,13.02,13.2,13.16,11495176.0,150595344.0
2018-05-28,6.54,1.19,2.41,-6.28,18.15,1.93,308.93,13.12,13.08,13.05,13.15,13.17,6395788.0,83753286.0
2018-05-29,6.57,1.19,2.42,-6.31,18.15,1.93,310.31,13.06,13.14,12.89,13.15,13.08,15870051.0,206592189.0
2018-05-30,6.42,1.17,2.37,-6.17,18.15,1.97,303.41,13.02,12.85,12.82,13.03,13.14,12721143.0,164606385.0
2018-05-31,6.49,1.18,2.39,-6.23,18.15,1.95,306.4,12.91,12.97,12.87,13.02,12.85,9395752.0,121602750.0
2018-06-01,6.45,1.17,2.38,-6.19,18.15,1.96,304.56,12.9,12.89,12.86,13.01,12.97,9646852.0,124765847.0
2018-06-04,6.51,1.18,2.4,-6.25,18.15,1.94,307.55,12.96,13.02,12.91,13.06,12.89,9192744.0,119427947.0
2018-06-05,6.53,1.19,2.41,-6.27,18.15,1.94,308.47,13.01,13.06,12.94,13.07,13.02,8800556.0,114492677.0
2018-06-06,6.49,1.18,2.39,-6.23,18.15,1.95,306.4,13.03,12.97,12.95,13.04,13.06,6752117.0,87680579.0
2018-06-07,6.51,1.18,2.4,-6.25,18.15,1.94,307.55,13.02,13.02,12.98,13.13,12.97,10110321.0,131936745.0
2018-06-08,6.38,1.16,2.35,-6.13,18.15,1.98,301.35,12.99,12.76,12.68,13.0,13.02,11501046.0,147362908.0
2018-06-11,6.37,1.16,2.35,-6.11,18.15,1.99,300.66,12.73,12.73,12.61,12.76,12.76,7092896.0,89997020.0
2018-06-12,6.38,1.16,2.35,-6.13,18.15,1.98,301.35,12.72,12.76,12.62,12.79,12.73,7184702.0,91423699.0
2018-06-13,6.33,1.15,2.33,-6.07,18.15,2.0,298.82,12.74,12.65,12.52,12.75,12.76,9012978.0,113935975.0
2018-06-14,6.32,1.15,2.33,-6.07,18.15,2.0,298.36,12.6,12.63,12.56,12.72,12.65,6022150.0,76099130.0
2018-06-15,6.35,1.15,2.34,-6.09,18.15,1.99,299.74,12.63,12.69,12.62,12.81,12.63,12071001.0,153277835.0
2018-06-19,6.34,1.15,2.34,-6.09,18.15,2.0,299.51,12.55,12.68,12.45,12.77,12.69,46549001.0,588603780.0
2018-06-20,6.3,1.14,2.32,-6.05,18.15,2.01,297.44,12.57,12.59,12.51,12.64,12.68,8888540.0,111831098.0
2018-06-21,6.37,1.16,2.35,-6.12,18.15,1.99,300.89,12.61,12.74,12.55,13.1,12.59,19567652.0,251259392.0
2018-06-22,6.46,1.17,2.38,-6.21,18.15,1.96,305.25,12.66,12.92,12.63,12.93,12.74,14314804.0,182893885.0
2018-06-25,6.28,1.14,2.32,-6.03,18.15,2.01,296.75,13.0,12.56,12.54,13.05,12.92,14300552.0,183100233.0
2018-06-26,6.16,1.12,2.27,-5.91,18.15,2.06,290.77,12.47,12.31,12.2,12.5,12.56,13941002.0,172128292.0
2018-06-27,6.06,1.1,2.23,-5.82,18.15,2.09,286.4,12.34,12.13,11.68,12.52,12.31,13742952.0,167508096.0
2018-06-28,5.91,1.07,2.18,-5.68,18.15,2.14,279.28,12.04,11.82,11.8,12.15,12.13,10820443.0,129586275.0
2018-06-29,6.01,1.09,2.22,-5.78,18.15,2.1,284.11,11.87,12.03,11.8,12.04,11.82,8815456.0,105325279.0
2018-07-02,5.81,1.05,2.14,-5.58,18.15,2.18,274.45,12.02,11.62,11.56,12.02,12.03,11013201.0,129895749.0
2018-07-03,5.87,1.06,2.16,-5.64,18.15,2.16,277.21,11.64,11.74,11.48,11.76,11.62,10361450.0,120680988.0
2018-07-04,5.83,1.06,2.15,-5.6,18.15,2.17,275.37,11.7,11.66,11.61,11.79,11.74,6953849.0,81451444.0
2018-07-05,5.91,1.07,2.18,-5.68,18.15,2.14,279.28,11.64,11.82,11.54,11.83,11.66,11186614.0,130984002.0
2018-07-06,5.88,1.07,2.17,-5.65,18.15,2.15,277.9,11.76,11.77,11.56,11.88,11.82,7660763.0,90077315.0
2018-07-09,6.03,1.09,2.22,-5.79,18.15,2.1,285.03,11.79,12.07,11.74,12.11,11.77,9324302.0,111623300.0
2018-07-10,5.83,1.09,2.15,-5.6,18.69,2.75,275.37,12.07,11.98,11.9,12.09,12.07,8372484.0,100422295.0
2018-07-11,5.68,1.06,2.09,-5.46,18.69,2.83,268.48,11.87,11.68,11.63,11.87,11.98,7144094.0,84021877.0
2018-07-12,5.8,1.08,2.14,-5.57,18.69,2.77,273.99,11.67,11.92,11.67,11.97,11.68,8553026.0,101702932.0
2018-07-13,5.8,1.08,2.14,-5.57,18.69,2.77,273.99,11.95,11.92,11.88,11.98,11.92,3699997.0,44133085.0
2018-07-16,5.75,1.08,2.12,-5.52,18.69,2.79,271.69,11.89,11.82,11.78,11.94,11.92,4814376.0,56956177.0
2018-07-17,5.79,1.08,2.13,-5.56,18.69,2.78,273.3,11.84,11.89,11.76,11.9,11.82,3506191.0,41552460.0
2018-07-18,5.75,1.08,2.12,-5.52,18.69,2.79,271.69,11.9,11.82,11.82,11.94,11.89,4203860.0,49943090.0
2018-07-19,5.72,1.07,2.11,-5.5,18.69,2.81,270.31,11.81,11.76,11.74,11.89,11.82,3647591.0,43042254.0
2018-07-20,6.02,1.13,2.22,-5.79,18.69,2.67,284.57,11.74,12.38,11.69,12.55,11.76,22234363.0,272873580.0
2018-07-23,6.08,1.14,2.24,-5.84,18.69,2.64,287.09,12.25,12.49,12.11,12.61,12.38,18167486.0,225566219.0
2018-07-24,6.06,1.13,2.23,-5.82,18.69,2.65,286.17,12.47,12.45,12.21,12.66,12.49,21289346.0,266663058.0
2018-07-25,6.03,1.13,2.22,-5.79,18.69,2.66,284.8,12.45,12.39,12.34,12.48,12.45,7455749.0,92409358.0
2018-07-26,5.99,1.12,2.21,-5.75,18.69,2.68,282.96,12.43,12.31,12.29,12.54,12.39,7611045.0,94437889.0
2018-07-27,6.01,1.12,2.22,-5.78,18.69,2.67,284.11,12.36,12.36,12.25,12.48,12.31,6899340.0,85369354.0
2018-07-30,6.05,1.13,2.23,-5.81,18.69,2.65,285.71,12.37,12.43,12.34,12.55,12.36,7405174.0,92085199.0
2018-07-31,6.03,1.13,2.22,-5.79,18.69,2.66,285.03,12.44,12.4,12.23,12.55,12.43,9965643.0,123322674.0
2018-08-01,5.92,1.11,2.18,-5.69,18.69,2.71,279.74,12.4,12.17,12.11,12.51,12.4,8964810.0,110572566.0
2018-08-02,5.8,1.08,2.14,-5.57,18.69,2.77,273.99,12.1,11.92,11.78,12.18,12.17,9622715.0,114798784.0
2018-08-03,5.74,1.07,2.12,-5.51,18.69,2.8,271.23,11.89,11.8,11.79,11.97,11.92,5553300.0,65993163.0
2018-08-06,5.7,1.07,2.1,-5.47,18.69,2.82,269.17,11.75,11.71,11.63,11.97,11.8,7132985.0,84244334.0
2018-08-07,5.83,1.09,2.15,-5.6,18.69,2.75,275.6,11.73,11.99,11.71,12.0,11.71,7899864.0,93832624.0
2018-08-08,5.77,1.08,2.13,-5.54,18.69,2.78,272.38,11.95,11.85,11.83,12.01,11.99,5748783.0,68590983.0
2018-08-09,5.88,1.1,2.17,-5.65,18.69,2.73,277.9,11.82,12.09,11.79,12.17,11.85,6766088.0,81599372.0
2018-08-10,5.84,1.09,2.15,-5.61,18.69,2.75,276.06,12.06,12.01,11.93,12.14,12.09,5449387.0,65523815.0
